/**
 * generated by fontconvert.py
 * name: ubuntu_12_medium
 * size: 12
 * mode: 1-bit mono
 * Command used: fontconvert.py ubuntu_12_medium 12 ../builtinFonts/source/Ubuntu/Ubuntu-Medium.ttf ../builtinFonts/source/NotoSansHebrew/NotoSansHebrew-UIMedium.ttf ../builtinFonts/source/NotoSansArabic/NotoSansArabic-UIMedium.ttf ../builtinFonts/source/Ubuntu/Ubuntu-Vietnamese-Medium.ttf --mono --autohint-font ../builtinFonts/source/NotoSansHebrew/NotoSansHebrew-UIMedium.ttf --autohint-font ../builtinFonts/source/Ubuntu/Ubuntu-Medium.ttf --additional-intervals 0x05D0,0x05EA --additional-intervals 0x060C,0x060C --additional-intervals 0x061B,0x061B --additional-intervals 0x061F,0x061F --additional-intervals 0x0621,0x0621 --additional-intervals 0x0640,0x0640 --additional-intervals 0x0660,0x0669 --additional-intervals 0x06BA,0x06BA --additional-intervals 0x06D4,0x06D4 --additional-intervals 0x06F0,0x06F9 --additional-intervals 0xFB56,0xFB59 --additional-intervals 0xFB66,0xFB69 --additional-intervals 0xFB7A,0xFB7D --additional-intervals 0xFB88,0xFB95 --additional-intervals 0xFB9E,0xFB9F --additional-intervals 0xFBA6,0xFBB1 --additional-intervals 0xFBFC,0xFBFF --additional-intervals 0xFE80,0xFEFC
 */
#pragma once
#include "EpdFontData.h"

static const uint8_t ubuntu_12_mediumBitmaps[32754] = {
    0x00, 0x00, 0x00, 0x00, 0x00, 0x00, 0x77, 0x77, 0x77, 0x77, 0x77, 0x77, 0x00, 0x6F, 0xF6, 0xE7,
    0xE7, 0xE7, 0xE7, 0xE7, 0xE7, 0xE7, 0x0E, 0x38, 0x38, 0xE0, 0xC3, 0x03, 0x0C, 0xFF, 0xFF, 0xFF,
    0xF1, 0xC7, 0x06, 0x18, 0x18, 0x60, 0x61, 0x83, 0x8E, 0x3F, 0xFF, 0xFF, 0xFC, 0xC3, 0x03, 0x0C,
    0x0C, 0x70, 0x71, 0xC1, 0xC7, 0x00, 0x0E, 0x01, 0xC0, 0x38, 0x1F, 0xE7, 0xFD, 0xE0, 0xB8, 0x07,
    0x00, 0xF0, 0x1F, 0x81, 0xFC, 0x1F, 0xC0, 0xFC, 0x07, 0xC0, 0x78, 0x07, 0x00, 0xF8, 0x3F, 0xFF,
    0x3F, 0xC0, 0xE0, 0x1C, 0x03, 0x80, 0x3E, 0x07, 0x07, 0xF0, 0xE0, 0xF7, 0x8E, 0x0E, 0x39, 0xC0,
    0xE3, 0x9C, 0x0E, 0x3B, 0x80, 0xF7, 0xB8, 0x07, 0xF7, 0x00, 0x3E, 0x77, 0xC0, 0x0E, 0xFE, 0x00,
    0xFE, 0xF0, 0x1D, 0xC7, 0x01, 0xDC, 0x70, 0x39, 0xC7, 0x03, 0x1C, 0x70, 0x71, 0xEF, 0x06, 0x0F,
    0xE0, 0xE0, 0x7C, 0x0F, 0x80, 0x1F, 0xC0, 0x3C, 0xE0, 0x38, 0xE0, 0x38, 0xE0, 0x38, 0xE0, 0x1D,
    0xC0, 0x1F, 0x80, 0x1F, 0x00, 0x3F, 0x0E, 0x73, 0x8C, 0xF1, 0xDC, 0xE0, 0xFC, 0xE0, 0x78, 0xE0,
    0x78, 0x70, 0xFC, 0x7F, 0xFE, 0x1F, 0x8F, 0xFF, 0xFF, 0xF8, 0x0C, 0x38, 0xF1, 0xC7, 0x8E, 0x1C,
    0x78, 0xE1, 0xC3, 0x87, 0x0E, 0x1C, 0x38, 0x70, 0xE0, 0xE1, 0xC3, 0x83, 0x87, 0x07, 0x0E, 0x08,
    0x60, 0xE1, 0xE1, 0xC3, 0xC3, 0x87, 0x0E, 0x0E, 0x1C, 0x38, 0x70, 0xE1, 0xC3, 0x87, 0x0E, 0x38,
    0x70, 0xE3, 0x87, 0x1C, 0x38, 0x20, 0x0E, 0x01, 0xC1, 0x39, 0x3A, 0xEF, 0xFE, 0x1C, 0x06, 0xC1,
    0xDC, 0x31, 0x82, 0x20, 0x0E, 0x00, 0xE0, 0x0E, 0x00, 0xE0, 0x0E, 0x00, 0xE0, 0xFF, 0xFF, 0xFF,
    0x0E, 0x00, 0xE0, 0x0E, 0x00, 0xE0, 0x0E, 0x00, 0x77, 0x77, 0x7E, 0xE0, 0xFF, 0xFC, 0x6F, 0xF6,
    0x00, 0x70, 0x0F, 0x00, 0xE0, 0x0E, 0x01, 0xE0, 0x1C, 0x01, 0xC0, 0x3C, 0x03, 0x80, 0x38, 0x07,
    0x80, 0x70, 0x07, 0x00, 0xF0, 0x0E, 0x00, 0xE0, 0x1E, 0x01, 0xC0, 0x1C, 0x03, 0xC0, 0x38, 0x03,
    0x80, 0x78, 0x07, 0x00, 0x70, 0x0F, 0x00, 0x0F, 0x03, 0xFC, 0x79, 0xE7, 0x0E, 0x60, 0xEE, 0x07,
    0xE0, 0x7E, 0x07, 0xE0, 0x7E, 0x07, 0xE0, 0x7E, 0x07, 0xE0, 0x76, 0x0E, 0x70, 0xE7, 0x9E, 0x3F,
    0xC0, 0xF0, 0x07, 0x0F, 0x1F, 0x7F, 0x7F, 0x67, 0x07, 0x07, 0x07, 0x07, 0x07, 0x07, 0x07, 0x07,
    0x07, 0x07, 0x07, 0x07, 0x3E, 0x1F, 0xF3, 0x8E, 0x00, 0xE0, 0x1C, 0x03, 0x80, 0xF0, 0x1C, 0x07,
    0x81, 0xE0, 0x78, 0x1E, 0x07, 0xC0, 0xF0, 0x3C, 0x07, 0x00, 0xFF, 0xFF, 0xFC, 0x3F, 0x07, 0xFC,
    0x61, 0xE0, 0x0E, 0x00, 0xE0, 0x0E, 0x01, 0xC1, 0xF8, 0x1F, 0xC0, 0x1E, 0x00, 0xF0, 0x07, 0x00,
    0x70, 0x07, 0x00, 0x74, 0x0E, 0x7F, 0xC7, 0xF0, 0x00, 0xE0, 0x0F, 0x00, 0xF8, 0x0F, 0xC0, 0xEE,
    0x0F, 0x70, 0x73, 0x87, 0x1C, 0x38, 0xE3, 0x87, 0x38, 0x39, 0xFF, 0xFF, 0xFF, 0x80, 0x70, 0x03,
    0x80, 0x1C, 0x00, 0xE0, 0x07, 0x00, 0x3F, 0xE3, 0xFE, 0x38, 0x03, 0x80, 0x38, 0x03, 0x80, 0x38,
    0x03, 0xF8, 0x3F, 0xE0, 0x3E, 0x00, 0xF0, 0x07, 0x00, 0x70, 0x07, 0x00, 0x74, 0x0E, 0x7F, 0xC7,
    0xF0, 0x01, 0xE0, 0x7E, 0x1F, 0x03, 0xC0, 0x78, 0x07, 0x00, 0x70, 0x0F, 0xF8, 0xFF, 0xEE, 0x0E,
    0xE0, 0x7E, 0x07, 0xE0, 0x7E, 0x07, 0x70, 0x77, 0x8E, 0x3F, 0xC1, 0xF8, 0xFF, 0xFF, 0xFF, 0x00,
    0xE0, 0x1E, 0x01, 0xC0, 0x3C, 0x03, 0x80, 0x78, 0x07, 0x00, 0x70, 0x0E, 0x00, 0xE0, 0x0E, 0x01,
    0xC0, 0x1C, 0x01, 0xC0, 0x1C, 0x01, 0xC0, 0x1F, 0x07, 0xFC, 0x71, 0xCE, 0x0E, 0xE0, 0xEE, 0x0E,
    0xF1, 0xE7, 0xBC, 0x3F, 0x83, 0xFC, 0x73, 0xEE, 0x0F, 0xE0, 0x7E, 0x07, 0xE0, 0x77, 0x0E, 0x7F,
    0xE1, 0xF8, 0x1F, 0x03, 0xFC, 0x71, 0xEF, 0x0E, 0xE0, 0x7E, 0x07, 0xE0, 0x7E, 0x07, 0x70, 0x77,
    0xFF, 0x1F, 0xF0, 0x0F, 0x00, 0xE0, 0x1E, 0x03, 0xC0, 0xF8, 0x7F, 0x07, 0xC0, 0x6F, 0xF6, 0x00,
    0x00, 0x00, 0x6F, 0xF6, 0x6F, 0xF6, 0x00, 0x00, 0x00, 0x77, 0x77, 0x7E, 0xE0, 0x00, 0x00, 0x0E,
    0x03, 0xE0, 0xFE, 0x3F, 0x0F, 0xC0, 0xE0, 0x0F, 0xC0, 0x7F, 0x00, 0xFC, 0x03, 0xE0, 0x0E, 0x00,
    0x20, 0xFF, 0xFF, 0xFF, 0x00, 0x00, 0x00, 0x00, 0x00, 0x00, 0xFF, 0xFF, 0xFF, 0x00, 0x07, 0x00,
    0x7C, 0x07, 0xF0, 0x0F, 0xC0, 0x3F, 0x00, 0x70, 0x1F, 0x0F, 0xE3, 0xF0, 0x7C, 0x07, 0x00, 0x40,
    0x00, 0x7E, 0x7F, 0x91, 0xE0, 0x70, 0x38, 0x3C, 0x1C, 0x1E, 0x1E, 0x1E, 0x0E, 0x07, 0x00, 0x00,
    0x00, 0x60, 0x78, 0x3C, 0x0C, 0x00, 0x01, 0xFC, 0x00, 0x3F, 0xFC, 0x07, 0xC0, 0xF0, 0x78, 0x03,
    0xC3, 0x8F, 0xEF, 0x38, 0xFF, 0x39, 0xCE, 0x38, 0xFC, 0xE1, 0xC7, 0xE7, 0x0E, 0x3F, 0x38, 0x71,
    0xF9, 0xC3, 0x8F, 0xCE, 0x1C, 0x7E, 0x70, 0xE7, 0x71, 0xC7, 0x39, 0xCF, 0xFF, 0x8E, 0x1F, 0xF8,
    0x78, 0x00, 0x01, 0xE0, 0x00, 0x07, 0xC0, 0x00, 0x0F, 0xFC, 0x00, 0x1F, 0xE0, 0x00, 0x01, 0xC0,
    0x01, 0xF0, 0x00, 0xF8, 0x00, 0xEE, 0x00, 0x77, 0x00, 0x3B, 0x80, 0x38, 0xE0, 0x1C, 0x70, 0x0E,
    0x3C, 0x0E, 0x0E, 0x07, 0x07, 0x07, 0xFF, 0xC3, 0xFF, 0xE1, 0xC0, 0x71, 0xC0, 0x1C, 0xE0, 0x0E,
    0x70, 0x07, 0x78, 0x03, 0xC0, 0xFF, 0x87, 0xFF, 0x38, 0x3D, 0xC0, 0xEE, 0x07, 0x70, 0x3B, 0x83,
    0x9F, 0xFC, 0xFF, 0xE7, 0x07, 0xB8, 0x0F, 0xC0, 0x7E, 0x03, 0xF0, 0x1F, 0x81, 0xFC, 0x1E, 0xFF,
    0xE7, 0xFC, 0x00, 0x07, 0xF0, 0x7F, 0xE3, 0xC1, 0x9E, 0x00, 0x70, 0x01, 0xC0, 0x0E, 0x00, 0x38,
    0x00, 0xE0, 0x03, 0x80, 0x0E, 0x00, 0x38, 0x00, 0xF0, 0x01, 0xC0, 0x07, 0x80, 0x0F, 0x06, 0x1F,
    0xF8, 0x1F, 0xC0, 0xFF, 0x81, 0xFF, 0xC3, 0x83, 0xE7, 0x01, 0xCE, 0x01, 0xDC, 0x03, 0xB8, 0x03,
    0xF0, 0x07, 0xE0, 0x0F, 0xC0, 0x1F, 0x80, 0x3F, 0x00, 0x7E, 0x01, 0xDC, 0x03, 0xB8, 0x0E, 0x70,
    0x7C, 0xFF, 0xE1, 0xFF, 0x00, 0xFF, 0xEF, 0xFE, 0xE0, 0x0E, 0x00, 0xE0, 0x0E, 0x00, 0xE0, 0x0E,
    0x00, 0xFF, 0xEF, 0xFE, 0xE0, 0x0E, 0x00, 0xE0, 0x0E, 0x00, 0xE0, 0x0E, 0x00, 0xFF, 0xFF, 0xFF,
    0xFF, 0xFF, 0xFF, 0x80, 0x70, 0x0E, 0x01, 0xC0, 0x38, 0x07, 0x00, 0xFF, 0xDF, 0xFB, 0x80, 0x70,
    0x0E, 0x01, 0xC0, 0x38, 0x07, 0x00, 0xE0, 0x1C, 0x00, 0x07, 0xF8, 0x7F, 0xF3, 0xC1, 0x8E, 0x00,
    0x70, 0x01, 0xC0, 0x0E, 0x00, 0x38, 0x00, 0xE0, 0x03, 0x80, 0x7E, 0x01, 0xF8, 0x07, 0xF0, 0x1D,
    0xC0, 0x77, 0x81, 0xCF, 0x07, 0x1F, 0xFC, 0x1F, 0xE0, 0xE0, 0x1F, 0x80, 0x7E, 0x01, 0xF8, 0x07,
    0xE0, 0x1F, 0x80, 0x7E, 0x01, 0xF8, 0x07, 0xFF, 0xFF, 0xFF, 0xFE, 0x01, 0xF8, 0x07, 0xE0, 0x1F,
    0x80, 0x7E, 0x01, 0xF8, 0x07, 0xE0, 0x1F, 0x80, 0x70, 0xFF, 0xFF, 0xFF, 0xFF, 0xFF, 0xFF, 0xFC,
    0x00, 0xE0, 0x1C, 0x03, 0x80, 0x70, 0x0E, 0x01, 0xC0, 0x38, 0x07, 0x00, 0xE0, 0x1C, 0x03, 0x80,
    0x70, 0x0E, 0x01, 0xC0, 0x3B, 0x0E, 0x7F, 0xC7, 0xE0, 0xE0, 0x7B, 0x83, 0xCE, 0x1E, 0x38, 0x70,
    0xE3, 0xC3, 0x9E, 0x0E, 0xF0, 0x3F, 0x80, 0xFC, 0x03, 0xF8, 0x0E, 0xF0, 0x39, 0xE0, 0xE3, 0xC3,
    0x87, 0x8E, 0x0F, 0x38, 0x3C, 0xE0, 0x7B, 0x80, 0xF0, 0xE0, 0x1C, 0x03, 0x80, 0x70, 0x0E, 0x01,
    0xC0, 0x38, 0x07, 0x00, 0xE0, 0x1C, 0x03, 0x80, 0x70, 0x0E, 0x01, 0xC0, 0x38, 0x07, 0x00, 0xFF,
    0xFF, 0xFC, 0x70, 0x03, 0x9E, 0x01, 0xE7, 0x80, 0x79, 0xF0, 0x3E, 0x7C, 0x0F, 0xBB, 0x83, 0x7E,
    0xE1, 0xDF, 0x98, 0x77, 0xE7, 0x39, 0xF9, 0xCE, 0x7E, 0x3F, 0x1F, 0x8F, 0xC7, 0xE1, 0xE1, 0xF8,
    0x78, 0x7E, 0x1E, 0x1F, 0x83, 0x07, 0xE0, 0x01, 0xF8, 0x00, 0x70, 0xE0, 0x1F, 0xC0, 0x7F, 0x81,
    0xFE, 0x07, 0xFC, 0x1F, 0xF8, 0x7E, 0xE1, 0xF9, 0xC7, 0xE7, 0x9F, 0x8E, 0x7E, 0x1D, 0xF8, 0x7F,
    0xE0, 0xFF, 0x81, 0xFE, 0x07, 0xF8, 0x0F, 0xE0, 0x1F, 0x80, 0x70, 0x07, 0xE0, 0x0F, 0xFE, 0x0F,
    0x07, 0x87, 0x01, 0xC7, 0x00, 0x73, 0x80, 0x3B, 0x80, 0x0F, 0xC0, 0x07, 0xE0, 0x03, 0xF0, 0x01,
    0xF8, 0x00, 0xFC, 0x00, 0x77, 0x00, 0x73, 0x80, 0x39, 0xE0, 0x3C, 0x78, 0x3C, 0x1F, 0xFC, 0x03,
    0xF8, 0x00, 0xFF, 0x87, 0xFF, 0x38, 0x3D, 0xC0, 0xFE, 0x03, 0xF0, 0x1F, 0x80, 0xFC, 0x0F, 0xE0,
    0xF7, 0xFF, 0x3F, 0xE1, 0xC0, 0x0E, 0x00, 0x70, 0x03, 0x80, 0x1C, 0x00, 0xE0, 0x07, 0x00, 0x00,
    0x07, 0xE0, 0x07, 0xFE, 0x0F, 0x07, 0x87, 0x01, 0xC7, 0x00, 0x73, 0x80, 0x3B, 0x80, 0x0F, 0xC0,
    0x07, 0xE0, 0x03, 0xF0, 0x01, 0xF8, 0x00, 0xFC, 0x00, 0xF7, 0x00, 0x73, 0xC0, 0x79, 0xF0, 0x78,
    0x7F, 0xFC, 0x1F, 0xF8, 0x03, 0xF0, 0x00, 0x38, 0x00, 0x1F, 0x00, 0x07, 0xF0, 0x00, 0xF8, 0xFF,
    0x07, 0xFE, 0x38, 0x79, 0xC1, 0xEE, 0x07, 0x70, 0x3B, 0x81, 0xDC, 0x0E, 0xE1, 0xE7, 0xFE, 0x3F,
    0xE1, 0xC7, 0x8E, 0x1C, 0x70, 0xF3, 0x83, 0x9C, 0x1E, 0xE0, 0x77, 0x03, 0xC0, 0x1F, 0xC3, 0xFE,
    0x70, 0x6E, 0x00, 0xE0, 0x0F, 0x00, 0xF8, 0x07, 0xF0, 0x7F, 0xC1, 0xFE, 0x07, 0xF0, 0x0F, 0x00,
    0x70, 0x07, 0x00, 0x7C, 0x0E, 0xFF, 0xE7, 0xF8, 0xFF, 0xFF, 0xFF, 0xF0, 0x70, 0x01, 0xC0, 0x07,
    0x00, 0x1C, 0x00, 0x70, 0x01, 0xC0, 0x07, 0x00, 0x1C, 0x00, 0x70, 0x01, 0xC0, 0x07, 0x00, 0x1C,
    0x00, 0x70, 0x01, 0xC0, 0x07, 0x00, 0x1C, 0x00, 0xE0, 0x1F, 0x80, 0x7E, 0x01, 0xF8, 0x07, 0xE0,
    0x1F, 0x80, 0x7E, 0x01, 0xF8, 0x07, 0xE0, 0x1F, 0x80, 0x7E, 0x01, 0xF8, 0x07, 0xE0, 0x1F, 0x80,
    0x77, 0x03, 0x9E, 0x1E, 0x3F, 0xF0, 0x3F, 0x00, 0xF0, 0x07, 0xB8, 0x03, 0x9C, 0x01, 0xCF, 0x01,
    0xE3, 0x80, 0xE1, 0xC0, 0x70, 0xF0, 0x78, 0x38, 0x38, 0x1C, 0x1C, 0x07, 0x1E, 0x03, 0x8E, 0x01,
    0xE7, 0x00, 0x77, 0x00, 0x3B, 0x80, 0x0F, 0xC0, 0x07, 0xC0, 0x03, 0xE0, 0x00, 0xE0, 0x00, 0xE0,
    0x00, 0x1F, 0x80, 0x00, 0xFE, 0x07, 0x03, 0xBC, 0x1E, 0x0E, 0xF0, 0x78, 0x39, 0xC3, 0xE0, 0xE7,
    0x0F, 0x87, 0x9C, 0x37, 0x1C, 0x78, 0xDC, 0x70, 0xE7, 0x31, 0xC3, 0x9C, 0xE7, 0x0E, 0x63, 0xB8,
    0x3F, 0x86, 0xE0, 0x7E, 0x1F, 0x81, 0xF0, 0x7E, 0x07, 0xC0, 0xF0, 0x1F, 0x03, 0xC0, 0x38, 0x0F,
    0x00, 0x78, 0x0E, 0x38, 0x1E, 0x3C, 0x1C, 0x1E, 0x38, 0x0E, 0x78, 0x0F, 0x70, 0x07, 0xF0, 0x03,
    0xE0, 0x03, 0xC0, 0x03, 0xE0, 0x07, 0xF0, 0x0F, 0xF0, 0x0E, 0x78, 0x1E, 0x38, 0x3C, 0x3C, 0x38,
    0x1E, 0x78, 0x0E, 0x70, 0x0F, 0xF0, 0x1E, 0xE0, 0x39, 0xE0, 0xF1, 0xC1, 0xC3, 0xC7, 0x83, 0x8E,
    0x07, 0xBC, 0x07, 0x70, 0x0F, 0xC0, 0x0F, 0x80, 0x0E, 0x00, 0x1C, 0x00, 0x38, 0x00, 0x70, 0x00,
    0xE0, 0x01, 0xC0, 0x03, 0x80, 0x07, 0x00, 0x7F, 0xFB, 0xFF, 0xC0, 0x1C, 0x01, 0xE0, 0x1E, 0x00,
    0xE0, 0x0F, 0x00, 0xF0, 0x07, 0x00, 0x78, 0x07, 0x80, 0x3C, 0x03, 0xC0, 0x1E, 0x01, 0xE0, 0x1F,
    0x00, 0xFF, 0xFF, 0xFF, 0xC0, 0xFF, 0xFE, 0x38, 0xE3, 0x8E, 0x38, 0xE3, 0x8E, 0x38, 0xE3, 0x8E,
    0x38, 0xE3, 0x8E, 0x38, 0xE3, 0x8E, 0x3F, 0xFC, 0xE0, 0x1C, 0x03, 0x80, 0x38, 0x07, 0x00, 0xE0,
    0x0E, 0x01, 0xC0, 0x38, 0x03, 0x80, 0x70, 0x0E, 0x00, 0xE0, 0x1C, 0x03, 0x80, 0x38, 0x07, 0x00,
    0xE0, 0x1E, 0x01, 0xC0, 0x38, 0x07, 0x80, 0x70, 0x0E, 0x01, 0xE0, 0x1C, 0xFF, 0xFC, 0x38, 0x70,
    0xE1, 0xC3, 0x87, 0x0E, 0x1C, 0x38, 0x70, 0xE1, 0xC3, 0x87, 0x0E, 0x1C, 0x38, 0x70, 0xE1, 0xC3,
    0xFF, 0xFE, 0x07, 0x00, 0xF0, 0x1F, 0x81, 0xF8, 0x39, 0xC3, 0x9C, 0x70, 0xE7, 0x0F, 0xE0, 0x76,
    0x06, 0xFF, 0xFF, 0xFF, 0xC0, 0x47, 0x1C, 0x71, 0x80, 0x7F, 0x0F, 0xF8, 0x07, 0x00, 0x70, 0x0E,
    0x3F, 0xDF, 0xFF, 0x87, 0xE0, 0xFC, 0x1F, 0x83, 0xF8, 0x77, 0xFE, 0x7F, 0xC0, 0xE0, 0x0E, 0x00,
    0xE0, 0x0E, 0x00, 0xE0, 0x0E, 0x00, 0xFF, 0x8F, 0xFC, 0xF1, 0xEE, 0x0E, 0xE0, 0x7E, 0x07, 0xE0,
    0x7E, 0x07, 0xE0, 0x7E, 0x07, 0xE0, 0xEE, 0x1E, 0xFF, 0xCF, 0xF0, 0x0F, 0xCF, 0xF7, 0x81, 0xC0,
    0xE0, 0x38, 0x0E, 0x03, 0x80, 0xE0, 0x38, 0x07, 0x01, 0xE1, 0x3F, 0xC3, 0xF0, 0x00, 0x70, 0x07,
    0x00, 0x70, 0x07, 0x00, 0x70, 0x07, 0x1F, 0xF3, 0xFF, 0x78, 0xF7, 0x07, 0xE0, 0x7E, 0x07, 0xE0,
    0x7E, 0x07, 0xE0, 0x7E, 0x07, 0x70, 0x77, 0x87, 0x3F, 0xF0, 0xFF, 0x0F, 0x83, 0xFC, 0x78, 0xE7,
    0x0E, 0xF0, 0x7E, 0x07, 0xFF, 0xFF, 0xFF, 0xE0, 0x0E, 0x00, 0x70, 0x07, 0x82, 0x3F, 0xE0, 0xFE,
    0x1F, 0xBF, 0x9C, 0x1C, 0x0E, 0x07, 0x03, 0xFD, 0xFE, 0xE0, 0x70, 0x38, 0x1C, 0x0E, 0x07, 0x03,
    0x81, 0xC0, 0xE0, 0x70, 0x38, 0x1C, 0x00, 0x0F, 0xF3, 0xFF, 0x78, 0x77, 0x07, 0xE0, 0x7E, 0x07,
    0xE0, 0x7E, 0x07, 0xE0, 0x7F, 0x07, 0x78, 0xF3, 0xFF, 0x1F, 0xF0, 0x07, 0x00, 0x70, 0x0F, 0x40,
    0xE7, 0xFC, 0x7F, 0x80, 0xE0, 0x1C, 0x03, 0x80, 0x70, 0x0E, 0x01, 0xC0, 0x3F, 0xC7, 0xFE, 0xE1,
    0xDC, 0x1F, 0x83, 0xF0, 0x7E, 0x0F, 0xC1, 0xF8, 0x3F, 0x07, 0xE0, 0xFC, 0x1F, 0x83, 0xF0, 0x70,
    0xFF, 0xF0, 0x3F, 0xFF, 0xFF, 0xFF, 0xFF, 0xF0, 0x1C, 0x71, 0xC7, 0x00, 0x01, 0xC7, 0x1C, 0x71,
    0xC7, 0x1C, 0x71, 0xC7, 0x1C, 0x71, 0xC7, 0x1C, 0x73, 0xFE, 0xF0, 0x20, 0x0E, 0x00, 0xE0, 0x0E,
    0x00, 0xE0, 0x0E, 0x00, 0xE0, 0x0E, 0x1E, 0xE3, 0xCE, 0x38, 0xE7, 0x0E, 0xE0, 0xFC, 0x0F, 0xC0,
    0xFE, 0x0E, 0xF0, 0xE7, 0x8E, 0x38, 0xE3, 0xCE, 0x1E, 0xE0, 0xE0, 0x07, 0x39, 0xCE, 0x73, 0x9C,
    0xE7, 0x39, 0xCE, 0x73, 0x9C, 0xE7, 0x3E, 0xF3, 0x80, 0xFF, 0x3E, 0x7F, 0xFF, 0xB8, 0xF1, 0xDC,
    0x38, 0x7E, 0x1C, 0x3F, 0x0E, 0x1F, 0x87, 0x0F, 0xC3, 0x87, 0xE1, 0xC3, 0xF0, 0xE1, 0xF8, 0x70,
    0xFC, 0x38, 0x7E, 0x1C, 0x3F, 0x0E, 0x1C, 0xFF, 0x1F, 0xFB, 0x87, 0x70, 0x7E, 0x0F, 0xC1, 0xF8,
    0x3F, 0x07, 0xE0, 0xFC, 0x1F, 0x83, 0xF0, 0x7E, 0x0F, 0xC1, 0xC0, 0x0F, 0x81, 0xFF, 0x1E, 0x3C,
    0xE0, 0xEE, 0x03, 0xF0, 0x1F, 0x80, 0xFC, 0x07, 0xE0, 0x3F, 0x01, 0xDC, 0x1C, 0xF1, 0xE3, 0xFE,
    0x07, 0xC0, 0xFF, 0x0F, 0xFC, 0xE1, 0xEE, 0x0E, 0xE0, 0x7E, 0x07, 0xE0, 0x7E, 0x07, 0xE0, 0x7E,
    0x07, 0xE0, 0xEF, 0x1E, 0xFF, 0xCF, 0xF8, 0xE0, 0x0E, 0x00, 0xE0, 0x0E, 0x00, 0xE0, 0x00, 0x0F,
    0xF3, 0xFF, 0x78, 0x77, 0x07, 0xE0, 0x7E, 0x07, 0xE0, 0x7E, 0x07, 0xE0, 0x7E, 0x07, 0x70, 0x77,
    0x8F, 0x3F, 0xF1, 0xFF, 0x00, 0x70, 0x07, 0x00, 0x70, 0x07, 0x00, 0x70, 0x7F, 0xFF, 0xE0, 0xE0,
    0xE0, 0xE0, 0xE0, 0xE0, 0xE0, 0xE0, 0xE0, 0xE0, 0xE0, 0xE0, 0x3F, 0x3F, 0xB8, 0x5C, 0x0F, 0x07,
    0xC1, 0xF8, 0x7E, 0x0F, 0x83, 0xC0, 0xF0, 0x7F, 0xF7, 0xF0, 0xE0, 0xE0, 0xE0, 0xE0, 0xFF, 0xFF,
    0xE0, 0xE0, 0xE0, 0xE0, 0xE0, 0xE0, 0xE0, 0xE0, 0xE0, 0xF1, 0x7F, 0x3F, 0xE0, 0xFC, 0x1F, 0x83,
    0xF0, 0x7E, 0x0F, 0xC1, 0xF8, 0x3F, 0x07, 0xE0, 0xFC, 0x1F, 0x83, 0xB8, 0x77, 0xFE, 0x3F, 0xC0,
    0xF0, 0x3B, 0x83, 0x9C, 0x1C, 0xE0, 0xE3, 0x8F, 0x1C, 0x70, 0xE3, 0x83, 0x9C, 0x1D, 0xC0, 0xEE,
    0x03, 0xE0, 0x1F, 0x00, 0x78, 0x03, 0x80, 0xF0, 0x60, 0xEE, 0x1C, 0x1D, 0xC3, 0xC7, 0x38, 0x78,
    0xE3, 0x8F, 0x1C, 0x73, 0xE3, 0x8E, 0x6C, 0xE1, 0xCD, 0xDC, 0x1D, 0x9B, 0x83, 0xF3, 0x60, 0x7C,
    0x7C, 0x07, 0x8F, 0x80, 0xF0, 0xE0, 0x1C, 0x1C, 0x00, 0x70, 0x73, 0xC7, 0x8E, 0x38, 0x3B, 0x81,
    0xFC, 0x07, 0xC0, 0x1C, 0x01, 0xF0, 0x0F, 0xC0, 0xEE, 0x0E, 0x38, 0x71, 0xE7, 0x07, 0x38, 0x3C,
    0xF0, 0x73, 0x83, 0x9C, 0x1C, 0xE0, 0xE7, 0x8E, 0x1C, 0x70, 0xE3, 0x87, 0x98, 0x1D, 0xC0, 0xEE,
    0x03, 0xE0, 0x1F, 0x00, 0xF8, 0x03, 0x80, 0x1C, 0x00, 0xC0, 0x0E, 0x07, 0xE0, 0x3E, 0x00, 0xFF,
    0xFF, 0xF0, 0x38, 0x1E, 0x0F, 0x03, 0x81, 0xE0, 0x70, 0x38, 0x1E, 0x07, 0x03, 0xC0, 0xFF, 0xFF,
    0xF0, 0x0F, 0x1F, 0x3C, 0x38, 0x38, 0x38, 0x38, 0x38, 0x38, 0x38, 0x78, 0xF0, 0xF0, 0x70, 0x38,
    0x38, 0x38, 0x38, 0x38, 0x38, 0x38, 0x38, 0x3C, 0x1F, 0x0F, 0xFF, 0xFF, 0xFF, 0xFF, 0xFF, 0xFF,
    0xFF, 0xFF, 0xFF, 0xE0, 0xF0, 0xF8, 0x3C, 0x1C, 0x1C, 0x1C, 0x1C, 0x1C, 0x1C, 0x1C, 0x1E, 0x0F,
    0x0F, 0x1E, 0x1C, 0x1C, 0x1C, 0x1C, 0x1C, 0x1C, 0x1C, 0x1C, 0x3C, 0xF8, 0xF0, 0x38, 0x37, 0xE3,
    0xE7, 0xFC, 0x1E, 0x00, 0x6F, 0xF6, 0x00, 0x07, 0x77, 0x77, 0x77, 0x77, 0x77, 0x70, 0x07, 0x00,
    0xE0, 0x1C, 0x03, 0xC1, 0xFC, 0x7F, 0x9E, 0x03, 0x80, 0xE0, 0x1C, 0x03, 0x80, 0x70, 0x0E, 0x01,
    0xE0, 0x1E, 0x01, 0xFF, 0x1F, 0xE0, 0xE0, 0x1C, 0x03, 0x80, 0x70, 0x07, 0xF1, 0xFE, 0x1C, 0x03,
    0x80, 0x38, 0x03, 0x80, 0x38, 0x03, 0x80, 0xFF, 0xCF, 0xFC, 0x38, 0x03, 0x80, 0x38, 0x03, 0x80,
    0x38, 0x03, 0x80, 0x3F, 0xF7, 0xFF, 0x60, 0x6F, 0xFF, 0x7F, 0xE3, 0x9C, 0x70, 0xE7, 0x0E, 0x70,
    0xE7, 0x0E, 0x39, 0xC7, 0xFE, 0xFF, 0xF6, 0x06, 0x70, 0x1C, 0xF0, 0x78, 0xE0, 0xE1, 0xC1, 0xC1,
    0xC7, 0x03, 0x8E, 0x03, 0xB8, 0x07, 0x70, 0x07, 0xC0, 0x7F, 0xF0, 0xFF, 0xE0, 0x1C, 0x00, 0x38,
    0x07, 0xFF, 0x0F, 0xFE, 0x01, 0xC0, 0x03, 0x80, 0x07, 0x00, 0xFF, 0xFF, 0xFF, 0xFC, 0x00, 0x07,
    0xFF, 0xFF, 0xFF, 0xE0, 0x1F, 0xC7, 0xF9, 0xC0, 0x38, 0x07, 0x80, 0x7C, 0x0F, 0xE3, 0xBE, 0xE1,
    0xFC, 0x1F, 0x83, 0xF8, 0x77, 0xFC, 0x7F, 0x03, 0xF0, 0x1E, 0x01, 0xD8, 0x3B, 0xFE, 0x3F, 0x80,
    0xE7, 0xE7, 0x03, 0xE0, 0x07, 0xFC, 0x07, 0x07, 0x06, 0x00, 0xC7, 0x1E, 0x73, 0x3F, 0x9B, 0x1C,
    0x07, 0x9C, 0x03, 0xCE, 0x01, 0xE7, 0x00, 0xF3, 0x80, 0x79, 0xC0, 0x3C, 0x71, 0x1B, 0x3F, 0x99,
    0x87, 0xDC, 0x60, 0x0C, 0x1C, 0x1C, 0x07, 0xFC, 0x00, 0xF8, 0x00, 0x7C, 0x7E, 0x07, 0x03, 0x3F,
    0xFF, 0xC3, 0xC3, 0xFF, 0x7F, 0x18, 0x63, 0x8E, 0x38, 0xE7, 0x1C, 0xF3, 0xCE, 0x38, 0xF3, 0xC7,
    0x1C, 0x38, 0xE3, 0x8E, 0x1C, 0x70, 0x00, 0xFF, 0xFF, 0xFF, 0x00, 0x70, 0x07, 0x00, 0x70, 0x07,
    0x00, 0x70, 0x07, 0x00, 0x70, 0xFF, 0xFC, 0x03, 0xE0, 0x07, 0xFC, 0x07, 0x07, 0x06, 0x00, 0xC7,
    0x7C, 0x73, 0x3F, 0x1B, 0x18, 0xC7, 0x8C, 0x63, 0xC6, 0x31, 0xE3, 0xF0, 0xF1, 0xF8, 0x78, 0xCC,
    0x3C, 0x67, 0x1B, 0x31, 0x99, 0x80, 0x1C, 0x60, 0x0C, 0x1C, 0x1C, 0x07, 0xFC, 0x00, 0xF8, 0x00,
    0xFF, 0xFF, 0x38, 0xFB, 0xBE, 0x3C, 0x79, 0xDF, 0x1C, 0x0E, 0x00, 0xE0, 0x0E, 0x00, 0xE0, 0x0E,
    0x0F, 0xFF, 0xFF, 0xF0, 0xE0, 0x0E, 0x00, 0xE0, 0x0E, 0x00, 0xE0, 0x00, 0x00, 0x00, 0xFF, 0xFF,
    0xFF, 0x79, 0xFA, 0x30, 0x61, 0xC7, 0x1C, 0x70, 0xFF, 0xFC, 0x7C, 0x7E, 0x46, 0x06, 0x3C, 0x3E,
    0x03, 0x03, 0x7F, 0x7C, 0x08, 0x73, 0x9C, 0xE1, 0x00, 0xE0, 0xFC, 0x1F, 0x83, 0xF0, 0x7E, 0x0F,
    0xC1, 0xF8, 0x3F, 0x07, 0xE0, 0xFC, 0x1F, 0x83, 0xF8, 0x7F, 0xFF, 0xFF, 0xF8, 0x07, 0x00, 0xE0,
    0x1C, 0x03, 0x80, 0x00, 0x07, 0xFC, 0x7F, 0xF7, 0xF9, 0xDF, 0xE7, 0x7F, 0x9F, 0xFE, 0x77, 0xF9,
    0xDF, 0xE7, 0x7F, 0x9C, 0xFE, 0x70, 0xF9, 0xC0, 0xE7, 0x03, 0x9C, 0x0E, 0x70, 0x39, 0xC0, 0xE7,
    0x03, 0x9C, 0x0E, 0x70, 0x39, 0xC0, 0xE7, 0x03, 0x9C, 0x0E, 0x70, 0x39, 0xC0, 0x6F, 0xF6, 0x38,
    0xC3, 0xC7, 0xFF, 0xE0, 0x1B, 0xFF, 0xB1, 0x8C, 0x63, 0x18, 0xC0, 0x3E, 0x3F, 0x98, 0xD8, 0x3C,
    0x1E, 0x0F, 0x06, 0xC6, 0x7F, 0x1F, 0x00, 0xE3, 0x8E, 0x38, 0x71, 0xC7, 0x9E, 0x38, 0xE1, 0xCF,
    0x3C, 0xF3, 0x9E, 0x71, 0xCF, 0x3C, 0xE3, 0x80, 0x00, 0x1C, 0x07, 0x03, 0xE0, 0x30, 0x3F, 0x03,
    0x81, 0xB8, 0x18, 0x01, 0xC1, 0xC0, 0x0E, 0x0C, 0x00, 0x70, 0xE0, 0x03, 0x86, 0x00, 0x1C, 0x70,
    0x60, 0xE3, 0x07, 0x00, 0x38, 0x78, 0x01, 0x82, 0xC0, 0x1C, 0x36, 0x01, 0xE3, 0x30, 0x0E, 0x1F,
    0xE0, 0xF0, 0xFF, 0x07, 0x00, 0x60, 0x78, 0x03, 0x00, 0x1C, 0x0E, 0x07, 0xC0, 0xE0, 0xFC, 0x1C,
    0x0D, 0xC1, 0xC0, 0x1C, 0x38, 0x01, 0xC3, 0x80, 0x1C, 0x70, 0x01, 0xC7, 0x00, 0x1C, 0xE3, 0xE1,
    0xCE, 0x7F, 0x01, 0xC0, 0x70, 0x1C, 0x07, 0x03, 0x80, 0xE0, 0x38, 0x1C, 0x07, 0x03, 0x80, 0x70,
    0x70, 0x0E, 0x07, 0xF0, 0xE0, 0x7F, 0x7C, 0x03, 0x83, 0xF0, 0x1C, 0x11, 0x81, 0xC0, 0x0C, 0x0E,
    0x03, 0xC0, 0xE0, 0x1F, 0x0F, 0x00, 0x1C, 0x70, 0x00, 0xE7, 0x00, 0x7F, 0x38, 0x73, 0xE3, 0x83,
    0x80, 0x1C, 0x3C, 0x01, 0xC3, 0x60, 0x0E, 0x33, 0x00, 0xE3, 0x98, 0x07, 0x1F, 0xE0, 0x70, 0xFF,
    0x03, 0x80, 0x30, 0x38, 0x01, 0x80, 0x0C, 0x0F, 0x07, 0x81, 0x80, 0x00, 0x00, 0x70, 0x38, 0x1C,
    0x1E, 0x1E, 0x0F, 0x0F, 0x07, 0x03, 0x81, 0xC0, 0xF1, 0xBF, 0xCF, 0xC0, 0x02, 0x00, 0x03, 0x80,
    0x01, 0xE0, 0x00, 0x78, 0x00, 0x1C, 0x00, 0x04, 0x00, 0x00, 0x00, 0x03, 0x80, 0x03, 0xE0, 0x01,
    0xF0, 0x01, 0xDC, 0x00, 0xEE, 0x00, 0x77, 0x00, 0x71, 0xC0, 0x38, 0xE0, 0x1C, 0x78, 0x1C, 0x1C,
    0x0E, 0x0E, 0x0F, 0xFF, 0x87, 0xFF, 0xC3, 0x80, 0xE3, 0x80, 0x39, 0xC0, 0x1C, 0xE0, 0x0E, 0xF0,
    0x07, 0x80, 0x00, 0x20, 0x00, 0x38, 0x00, 0x3C, 0x00, 0x1C, 0x00, 0x1C, 0x00, 0x04, 0x00, 0x00,
    0x00, 0x03, 0x80, 0x03, 0xE0, 0x01, 0xF0, 0x01, 0xDC, 0x00, 0xEE, 0x00, 0x77, 0x00, 0x71, 0xC0,
    0x38, 0xE0, 0x1C, 0x78, 0x1C, 0x1C, 0x0E, 0x0E, 0x0F, 0xFF, 0x87, 0xFF, 0xC3, 0x80, 0xE3, 0x80,
    0x39, 0xC0, 0x1C, 0xE0, 0x0E, 0xF0, 0x07, 0x80, 0x00, 0x80, 0x00, 0xE0, 0x00, 0xF8, 0x00, 0xC6,
    0x00, 0x00, 0x00, 0x00, 0x00, 0x07, 0x00, 0x07, 0xC0, 0x03, 0xE0, 0x03, 0xB8, 0x01, 0xDC, 0x00,
    0xEE, 0x00, 0xE3, 0x80, 0x71, 0xC0, 0x38, 0xF0, 0x38, 0x38, 0x1C, 0x1C, 0x1F, 0xFF, 0x0F, 0xFF,
    0x87, 0x01, 0xC7, 0x00, 0x73, 0x80, 0x39, 0xC0, 0x1D, 0xE0, 0x0F, 0x03, 0x98, 0x03, 0xFC, 0x01,
    0x3C, 0x00, 0x00, 0x00, 0x00, 0x00, 0x0E, 0x00, 0x0F, 0x80, 0x07, 0xC0, 0x07, 0x70, 0x03, 0xB8,
    0x01, 0xDC, 0x01, 0xC7, 0x00, 0xE3, 0x80, 0x71, 0xE0, 0x70, 0x70, 0x38, 0x38, 0x3F, 0xFE, 0x1F,
    0xFF, 0x0E, 0x03, 0x8E, 0x00, 0xE7, 0x00, 0x73, 0x80, 0x3B, 0xC0, 0x1E, 0x0E, 0x70, 0x0E, 0x70,
    0x00, 0x00, 0x00, 0x00, 0x03, 0xC0, 0x03, 0xC0, 0x07, 0xE0, 0x07, 0xE0, 0x07, 0xE0, 0x0E, 0x70,
    0x0E, 0x70, 0x0C, 0x38, 0x1C, 0x38, 0x1C, 0x38, 0x38, 0x1C, 0x3F, 0xFC, 0x3F, 0xFC, 0x70, 0x0E,
    0x70, 0x0E, 0x70, 0x0E, 0xF0, 0x0F, 0xE0, 0x07, 0x01, 0xE0, 0x00, 0xCC, 0x00, 0x33, 0x00, 0x0C,
    0xC0, 0x01, 0xE0, 0x00, 0x78, 0x00, 0x3F, 0x00, 0x0F, 0xC0, 0x07, 0x78, 0x01, 0xCE, 0x00, 0x73,
    0x80, 0x38, 0x70, 0x0E, 0x1C, 0x07, 0x07, 0x81, 0xC0, 0xE0, 0x7F, 0xF8, 0x3F, 0xFF, 0x0E, 0x01,
    0xC3, 0x80, 0x71, 0xC0, 0x0E, 0x70, 0x03, 0xBC, 0x00, 0xE0, 0x00, 0x3F, 0xFE, 0x00, 0x7F, 0xFC,
    0x01, 0xF8, 0x00, 0x07, 0x70, 0x00, 0x0E, 0xE0, 0x00, 0x39, 0xC0, 0x00, 0x73, 0x80, 0x01, 0xC7,
    0x00, 0x07, 0x0F, 0xFC, 0x0E, 0x1F, 0xF8, 0x38, 0x38, 0x00, 0x7F, 0xF0, 0x01, 0xFF, 0xE0, 0x03,
    0x81, 0xC0, 0x0E, 0x03, 0x80, 0x3C, 0x07, 0x00, 0x70, 0x0F, 0xFF, 0xE0, 0x1F, 0xFC, 0x07, 0xF0,
    0x7F, 0xE3, 0xC1, 0x8E, 0x00, 0x70, 0x01, 0xC0, 0x0E, 0x00, 0x38, 0x00, 0xE0, 0x03, 0x80, 0x0E,
    0x00, 0x38, 0x00, 0xF0, 0x01, 0xC0, 0x07, 0x80, 0x0F, 0x02, 0x1F, 0xFC, 0x3F, 0xE0, 0x30, 0x00,
    0xF0, 0x01, 0xC0, 0x1F, 0x00, 0x78, 0x00, 0x10, 0x03, 0x80, 0x1C, 0x00, 0xE0, 0x06, 0x00, 0x00,
    0x00, 0x0F, 0xFE, 0xFF, 0xEE, 0x00, 0xE0, 0x0E, 0x00, 0xE0, 0x0E, 0x00, 0xE0, 0x0F, 0xFE, 0xFF,
    0xEE, 0x00, 0xE0, 0x0E, 0x00, 0xE0, 0x0E, 0x00, 0xE0, 0x0F, 0xFF, 0xFF, 0xF0, 0x01, 0x80, 0x1C,
    0x03, 0x80, 0x70, 0x0E, 0x00, 0x00, 0x00, 0x0F, 0xFE, 0xFF, 0xEE, 0x00, 0xE0, 0x0E, 0x00, 0xE0,
    0x0E, 0x00, 0xE0, 0x0F, 0xFE, 0xFF, 0xEE, 0x00, 0xE0, 0x0E, 0x00, 0xE0, 0x0E, 0x00, 0xE0, 0x0F,
    0xFF, 0xFF, 0xF0, 0x04, 0x00, 0xE0, 0x1F, 0x83, 0x18, 0x00, 0x00, 0x00, 0xFF, 0xEF, 0xFE, 0xE0,
    0x0E, 0x00, 0xE0, 0x0E, 0x00, 0xE0, 0x0E, 0x00, 0xFF, 0xEF, 0xFE, 0xE0, 0x0E, 0x00, 0xE0, 0x0E,
    0x00, 0xE0, 0x0E, 0x00, 0xFF, 0xFF, 0xFF, 0x71, 0xC7, 0x1C, 0x00, 0x00, 0x00, 0xFF, 0xEF, 0xFE,
    0xE0, 0x0E, 0x00, 0xE0, 0x0E, 0x00, 0xE0, 0x0E, 0x00, 0xFF, 0xEF, 0xFE, 0xE0, 0x0E, 0x00, 0xE0,
    0x0E, 0x00, 0xE0, 0x0E, 0x00, 0xFF, 0xFF, 0xFF, 0x47, 0x3C, 0xE3, 0x88, 0x07, 0x39, 0xCE, 0x73,
    0x9C, 0xE7, 0x39, 0xCE, 0x73, 0x9C, 0xE7, 0x38, 0x10, 0xE7, 0x9C, 0xE1, 0x00, 0x38, 0xE3, 0x8E,
    0x38, 0xE3, 0x8E, 0x38, 0xE3, 0x8E, 0x38, 0xE3, 0x8E, 0x38, 0xE0, 0x10, 0x71, 0xF7, 0x30, 0x00,
    0x0E, 0x1C, 0x38, 0x70, 0xE1, 0xC3, 0x87, 0x0E, 0x1C, 0x38, 0x70, 0xE1, 0xC3, 0x87, 0x0E, 0x1C,
    0xE7, 0xE7, 0x00, 0x00, 0x1C, 0x1C, 0x1C, 0x1C, 0x1C, 0x1C, 0x1C, 0x1C, 0x1C, 0x1C, 0x1C, 0x1C,
    0x1C, 0x1C, 0x1C, 0x1C, 0x1C, 0x1C, 0x3F, 0xE0, 0x1F, 0xFC, 0x0E, 0x0F, 0x87, 0x01, 0xC3, 0x80,
    0x71, 0xC0, 0x38, 0xE0, 0x0F, 0xFE, 0x07, 0xFF, 0x03, 0x9C, 0x01, 0xCE, 0x00, 0xE7, 0x00, 0x73,
    0x80, 0x71, 0xC0, 0x38, 0xE0, 0x38, 0x70, 0x7C, 0x3F, 0xF8, 0x1F, 0xF0, 0x00, 0x0E, 0x60, 0x7F,
    0x81, 0x9C, 0x00, 0x00, 0x00, 0x03, 0x80, 0x7F, 0x01, 0xFE, 0x07, 0xF8, 0x1F, 0xF0, 0x7F, 0xE1,
    0xFB, 0x87, 0xE7, 0x1F, 0x9E, 0x7E, 0x39, 0xF8, 0x77, 0xE1, 0xFF, 0x83, 0xFE, 0x07, 0xF8, 0x1F,
    0xE0, 0x3F, 0x80, 0x7E, 0x01, 0xC0, 0x02, 0x00, 0x03, 0x00, 0x01, 0xC0, 0x00, 0x70, 0x00, 0x1C,
    0x00, 0x04, 0x00, 0x00, 0x00, 0x0F, 0xC0, 0x1F, 0xFC, 0x1E, 0x0F, 0x0E, 0x03, 0x8E, 0x00, 0xE7,
    0x00, 0x77, 0x00, 0x1F, 0x80, 0x0F, 0xC0, 0x07, 0xE0, 0x03, 0xF0, 0x01, 0xF8, 0x00, 0xEE, 0x00,
    0xE7, 0x00, 0x73, 0xC0, 0x78, 0xF0, 0x78, 0x3F, 0xF8, 0x07, 0xF0, 0x00, 0x00, 0x20, 0x00, 0x18,
    0x00, 0x1C, 0x00, 0x1C, 0x00, 0x1C, 0x00, 0x04, 0x00, 0x00, 0x00, 0x0F, 0xC0, 0x1F, 0xFC, 0x1E,
    0x0F, 0x0E, 0x03, 0x8E, 0x00, 0xE7, 0x00, 0x77, 0x00, 0x1F, 0x80, 0x0F, 0xC0, 0x07, 0xE0, 0x03,
    0xF0, 0x01, 0xF8, 0x00, 0xEE, 0x00, 0xE7, 0x00, 0x73, 0xC0, 0x78, 0xF0, 0x78, 0x3F, 0xF8, 0x07,
    0xF0, 0x00, 0x00, 0x80, 0x00, 0xE0, 0x00, 0xF8, 0x00, 0xEE, 0x00, 0x63, 0x00, 0x00, 0x00, 0x1F,
    0x80, 0x3F, 0xF8, 0x3C, 0x1E, 0x1C, 0x07, 0x1C, 0x01, 0xCE, 0x00, 0xEE, 0x00, 0x3F, 0x00, 0x1F,
    0x80, 0x0F, 0xC0, 0x07, 0xE0, 0x03, 0xF0, 0x01, 0xDC, 0x01, 0xCE, 0x00, 0xE7, 0x80, 0xF1, 0xE0,
    0xF0, 0x7F, 0xF0, 0x0F, 0xE0, 0x07, 0x98, 0x07, 0xFC, 0x03, 0x3C, 0x00, 0x00, 0x00, 0x00, 0x00,
    0x00, 0x00, 0x1F, 0x80, 0x3F, 0xF8, 0x3C, 0x1E, 0x1C, 0x07, 0x1C, 0x01, 0xCE, 0x00, 0xEE, 0x00,
    0x3F, 0x00, 0x1F, 0x80, 0x0F, 0xC0, 0x07, 0xE0, 0x03, 0xF0, 0x01, 0xDC, 0x01, 0xCE, 0x00, 0xE7,
    0x80, 0xF1, 0xE0, 0xF0, 0x7F, 0xF0, 0x0F, 0xE0, 0x0E, 0x70, 0x07, 0x38, 0x00, 0x00, 0x00, 0x00,
    0x00, 0x00, 0x00, 0x00, 0x00, 0x1F, 0x80, 0x3F, 0xF8, 0x3C, 0x1E, 0x1C, 0x07, 0x1C, 0x01, 0xCE,
    0x00, 0xEE, 0x00, 0x3F, 0x00, 0x1F, 0x80, 0x0F, 0xC0, 0x07, 0xE0, 0x03, 0xF0, 0x01, 0xDC, 0x01,
    0xCE, 0x00, 0xE7, 0x80, 0xF1, 0xE0, 0xF0, 0x7F, 0xF0, 0x0F, 0xE0, 0x40, 0xB8, 0x77, 0x3C, 0xFE,
    0x1F, 0x07, 0x83, 0xF1, 0xFE, 0xF3, 0xF8, 0x74, 0x08, 0x00, 0x00, 0x01, 0xF9, 0x83, 0xFF, 0xC7,
    0x83, 0xC3, 0x81, 0xF3, 0x81, 0xF9, 0xC0, 0xFF, 0xC0, 0xE7, 0xE0, 0xE3, 0xF0, 0xE1, 0xF8, 0x70,
    0xFC, 0x70, 0x7E, 0x70, 0x3F, 0xF0, 0x39, 0xF8, 0x1C, 0xF8, 0x1C, 0x3C, 0x1E, 0x3F, 0xFC, 0x39,
    0xF8, 0x00, 0x00, 0x00, 0x08, 0x00, 0x70, 0x01, 0xE0, 0x03, 0xC0, 0x07, 0x00, 0x08, 0x00, 0x00,
    0x38, 0x07, 0xE0, 0x1F, 0x80, 0x7E, 0x01, 0xF8, 0x07, 0xE0, 0x1F, 0x80, 0x7E, 0x01, 0xF8, 0x07,
    0xE0, 0x1F, 0x80, 0x7E, 0x01, 0xF8, 0x07, 0xE0, 0x1D, 0xC0, 0xE7, 0x87, 0x8F, 0xFC, 0x0F, 0xC0,
    0x00, 0x40, 0x03, 0x80, 0x1C, 0x00, 0xE0, 0x03, 0x00, 0x00, 0x00, 0x00, 0x38, 0x07, 0xE0, 0x1F,
    0x80, 0x7E, 0x01, 0xF8, 0x07, 0xE0, 0x1F, 0x80, 0x7E, 0x01, 0xF8, 0x07, 0xE0, 0x1F, 0x80, 0x7E,
    0x01, 0xF8, 0x07, 0xE0, 0x1D, 0xC0, 0xE7, 0x87, 0x8F, 0xFC, 0x0F, 0xC0, 0x03, 0x00, 0x1E, 0x00,
    0xFC, 0x07, 0x38, 0x08, 0x40, 0x00, 0x0E, 0x01, 0xF8, 0x07, 0xE0, 0x1F, 0x80, 0x7E, 0x01, 0xF8,
    0x07, 0xE0, 0x1F, 0x80, 0x7E, 0x01, 0xF8, 0x07, 0xE0, 0x1F, 0x80, 0x7E, 0x01, 0xF8, 0x07, 0x70,
    0x39, 0xE1, 0xE3, 0xFF, 0x03, 0xF0, 0x1C, 0xE0, 0x73, 0x80, 0x00, 0x00, 0x00, 0x00, 0x00, 0x00,
    0x0E, 0x01, 0xF8, 0x07, 0xE0, 0x1F, 0x80, 0x7E, 0x01, 0xF8, 0x07, 0xE0, 0x1F, 0x80, 0x7E, 0x01,
    0xF8, 0x07, 0xE0, 0x1F, 0x80, 0x7E, 0x01, 0xF8, 0x07, 0x70, 0x39, 0xE1, 0xE3, 0xFF, 0x03, 0xF0,
    0x00, 0x40, 0x01, 0xC0, 0x07, 0x00, 0x1C, 0x00, 0x30, 0x00, 0x00, 0x00, 0x00, 0x78, 0x0F, 0x70,
    0x1C, 0xF0, 0x78, 0xE0, 0xE1, 0xE3, 0xC1, 0xC7, 0x03, 0xDE, 0x03, 0xB8, 0x07, 0xE0, 0x07, 0xC0,
    0x07, 0x00, 0x0E, 0x00, 0x1C, 0x00, 0x38, 0x00, 0x70, 0x00, 0xE0, 0x01, 0xC0, 0x03, 0x80, 0xE0,
    0x07, 0x00, 0x38, 0x01, 0xFF, 0x0F, 0xFE, 0x70, 0x7B, 0x81, 0xFC, 0x07, 0xE0, 0x3F, 0x01, 0xF8,
    0x1F, 0xC1, 0xEF, 0xFE, 0x7F, 0xC3, 0x80, 0x1C, 0x00, 0xE0, 0x07, 0x00, 0x00, 0x1F, 0x01, 0xFE,
    0x1C, 0x79, 0xC1, 0xCE, 0x0E, 0x70, 0x73, 0x87, 0x1C, 0x70, 0xE7, 0x07, 0x38, 0x39, 0xC1, 0xCF,
    0x8E, 0x3E, 0x70, 0x7B, 0x81, 0xFC, 0x07, 0xE0, 0x3F, 0x23, 0xF9, 0xFD, 0xCF, 0xC0, 0x18, 0x07,
    0x00, 0x70, 0x07, 0x00, 0x70, 0x04, 0x00, 0x03, 0xF8, 0x7F, 0xC0, 0x38, 0x03, 0x80, 0x71, 0xFE,
    0xFF, 0xFC, 0x3F, 0x07, 0xE0, 0xFC, 0x1F, 0xC3, 0xBF, 0xF3, 0xFE, 0x01, 0x00, 0x70, 0x1E, 0x07,
    0x80, 0xE0, 0x08, 0x00, 0x03, 0xF8, 0x7F, 0xC0, 0x38, 0x03, 0x80, 0x71, 0xFE, 0xFF, 0xFC, 0x3F,
    0x07, 0xE0, 0xFC, 0x1F, 0xC3, 0xBF, 0xF3, 0xFE, 0x06, 0x01, 0xE0, 0x7E, 0x1C, 0xE1, 0x08, 0x00,
    0x1F, 0xC3, 0xFE, 0x01, 0xC0, 0x1C, 0x03, 0x8F, 0xF7, 0xFF, 0xE1, 0xF8, 0x3F, 0x07, 0xE0, 0xFE,
    0x1D, 0xFF, 0x9F, 0xF0, 0x1C, 0xC7, 0xF8, 0x8E, 0x00, 0x00, 0x00, 0xFE, 0x1F, 0xF0, 0x0E, 0x00,
    0xE0, 0x1C, 0x7F, 0xBF, 0xFF, 0x0F, 0xC1, 0xF8, 0x3F, 0x07, 0xF0, 0xEF, 0xFC, 0xFF, 0x80, 0x39,
    0xC7, 0x38, 0x00, 0x00, 0x03, 0xF8, 0x7F, 0x80, 0x70, 0x07, 0x00, 0xE3, 0xFD, 0xFF, 0xF8, 0x7E,
    0x0F, 0xC1, 0xF8, 0x3F, 0x87, 0x7F, 0xE7, 0xFC, 0x0F, 0x03, 0x30, 0x66, 0x0C, 0xC0, 0xF0, 0x00,
    0x00, 0x03, 0xF8, 0x7F, 0xC0, 0x38, 0x03, 0x80, 0x71, 0xFE, 0xFF, 0xFC, 0x3F, 0x07, 0xE0, 0xFC,
    0x1F, 0xC3, 0xBF, 0xF3, 0xFE, 0x7F, 0x1F, 0x0F, 0xFF, 0xF0, 0x07, 0xC7, 0x00, 0xF0, 0x70, 0x0E,
    0x0E, 0x01, 0xC1, 0xCF, 0xFF, 0xFB, 0xFF, 0xFF, 0xF0, 0xE0, 0x1C, 0x1C, 0x03, 0x83, 0x80, 0x78,
    0x78, 0x27, 0xFF, 0xFC, 0x7E, 0x3F, 0x80, 0x0F, 0xCF, 0xF7, 0x81, 0xC0, 0xE0, 0x38, 0x0E, 0x03,
    0x80, 0xE0, 0x38, 0x07, 0x01, 0xE1, 0x3F, 0xC7, 0xF0, 0xC0, 0x3C, 0x07, 0x07, 0xC1, 0xE0, 0x08,
    0x01, 0xC0, 0x0E, 0x00, 0x70, 0x03, 0x00, 0x00, 0x00, 0x00, 0xF8, 0x3F, 0xC7, 0x8E, 0x70, 0xEF,
    0x07, 0xE0, 0x7F, 0xFF, 0xFF, 0xFE, 0x00, 0xE0, 0x07, 0x00, 0x78, 0x23, 0xFE, 0x0F, 0xE0, 0x01,
    0x00, 0x38, 0x07, 0x80, 0x70, 0x0E, 0x00, 0x40, 0x00, 0x00, 0xF8, 0x3F, 0xC7, 0x8E, 0x70, 0xEF,
    0x07, 0xE0, 0x7F, 0xFF, 0xFF, 0xFE, 0x00, 0xE0, 0x07, 0x00, 0x78, 0x23, 0xFE, 0x0F, 0xE0, 0x06,
    0x00, 0xF0, 0x1F, 0x83, 0x9C, 0x10, 0x80, 0x00, 0x0F, 0x83, 0xFC, 0x78, 0xE7, 0x0E, 0xF0, 0x7E,
    0x07, 0xFF, 0xFF, 0xFF, 0xE0, 0x0E, 0x00, 0x70, 0x07, 0x82, 0x3F, 0xE0, 0xFE, 0x39, 0xC3, 0x9C,
    0x00, 0x00, 0x00, 0x00, 0x00, 0x00, 0x0F, 0x83, 0xFC, 0x78, 0xE7, 0x0E, 0xF0, 0x7E, 0x07, 0xFF,
    0xFF, 0xFF, 0xE0, 0x0E, 0x00, 0x70, 0x07, 0x80, 0x3F, 0xE0, 0xFE, 0x67, 0x1C, 0x71, 0x80, 0x07,
    0x39, 0xCE, 0x73, 0x9C, 0xE7, 0x39, 0xCE, 0x73, 0x80, 0x31, 0xDD, 0xCC, 0x00, 0x1C, 0xE7, 0x39,
    0xCE, 0x73, 0x9C, 0xE7, 0x39, 0xCE, 0x00, 0x10, 0x71, 0xF7, 0x7C, 0x60, 0x00, 0x1C, 0x38, 0x70,
    0xE1, 0xC3, 0x87, 0x0E, 0x1C, 0x38, 0x70, 0xE1, 0xC3, 0x80, 0xE7, 0xE7, 0x00, 0x00, 0x00, 0x1C,
    0x1C, 0x1C, 0x1C, 0x1C, 0x1C, 0x1C, 0x1C, 0x1C, 0x1C, 0x1C, 0x1C, 0x1C, 0x1C, 0x00, 0x00, 0x38,
    0x01, 0xEC, 0x07, 0xE0, 0x7E, 0x03, 0xF0, 0x03, 0x80, 0x1C, 0x1F, 0x71, 0xFF, 0x9C, 0x3D, 0xE0,
    0xEE, 0x07, 0x70, 0x3B, 0x81, 0xDC, 0x0E, 0xE0, 0x63, 0x87, 0x1C, 0x78, 0x7F, 0x81, 0xF0, 0x00,
    0x3C, 0x8F, 0xF8, 0x9E, 0x00, 0x00, 0x01, 0xFE, 0x3F, 0xF7, 0x0E, 0xE0, 0xFC, 0x1F, 0x83, 0xF0,
    0x7E, 0x0F, 0xC1, 0xF8, 0x3F, 0x07, 0xE0, 0xFC, 0x1F, 0x83, 0x80, 0x0C, 0x00, 0xF0, 0x03, 0x80,
    0x0E, 0x00, 0x38, 0x00, 0x80, 0x00, 0x01, 0xF0, 0x3F, 0xE3, 0xC7, 0x9C, 0x1D, 0xC0, 0x7E, 0x03,
    0xF0, 0x1F, 0x80, 0xFC, 0x07, 0xE0, 0x3B, 0x83, 0x9E, 0x3C, 0x7F, 0xC0, 0xF8, 0x00, 0x01, 0x80,
    0x0E, 0x00, 0xE0, 0x0E, 0x00, 0xE0, 0x02, 0x00, 0x00, 0x01, 0xF0, 0x3F, 0xE3, 0xC7, 0x9C, 0x1D,
    0xC0, 0x7E, 0x03, 0xF0, 0x1F, 0x80, 0xFC, 0x07, 0xE0, 0x3B, 0x83, 0x9E, 0x3C, 0x7F, 0xC0, 0xF8,
    0x00, 0x02, 0x00, 0x38, 0x03, 0xE0, 0x33, 0x81, 0x00, 0x00, 0x00, 0x3E, 0x07, 0xFC, 0x78, 0xF3,
    0x83, 0xB8, 0x0F, 0xC0, 0x7E, 0x03, 0xF0, 0x1F, 0x80, 0xFC, 0x07, 0x70, 0x73, 0xC7, 0x8F, 0xF8,
    0x1F, 0x00, 0x1E, 0x61, 0xFF, 0x0C, 0xF0, 0x00, 0x00, 0x00, 0x07, 0xC0, 0xFF, 0x8F, 0x1E, 0x70,
    0x77, 0x01, 0xF8, 0x0F, 0xC0, 0x7E, 0x03, 0xF0, 0x1F, 0x80, 0xEE, 0x0E, 0x78, 0xF1, 0xFF, 0x03,
    0xE0, 0x39, 0xC1, 0xCE, 0x00, 0x00, 0x00, 0x00, 0x00, 0x00, 0x00, 0x3E, 0x07, 0xFC, 0x78, 0xF3,
    0x83, 0xB8, 0x0F, 0xC0, 0x7E, 0x03, 0xF0, 0x1F, 0x80, 0xFC, 0x07, 0x70, 0x73, 0xC7, 0x8F, 0xF8,
    0x1F, 0x00, 0x0E, 0x00, 0xE0, 0x0E, 0x00, 0xE0, 0x00, 0x00, 0x00, 0xFF, 0xFF, 0xFF, 0x00, 0x00,
    0x00, 0x0E, 0x00, 0xE0, 0x0E, 0x00, 0xE0, 0x00, 0x00, 0x7F, 0xCF, 0xFC, 0xF1, 0xE7, 0x0F, 0x70,
    0xFF, 0x8E, 0xFC, 0x67, 0xE6, 0x3F, 0x71, 0xFF, 0x0E, 0xF0, 0xE7, 0x8F, 0x3F, 0xF3, 0xBE, 0x00,
    0x00, 0x18, 0x07, 0x00, 0x70, 0x07, 0x00, 0x60, 0x00, 0x00, 0x07, 0x07, 0xE0, 0xFC, 0x1F, 0x83,
    0xF0, 0x7E, 0x0F, 0xC1, 0xF8, 0x3F, 0x07, 0xE0, 0xFC, 0x1D, 0xC3, 0xBF, 0xF1, 0xFE, 0x03, 0x00,
    0x70, 0x1C, 0x07, 0x00, 0xC0, 0x00, 0x00, 0x07, 0x07, 0xE0, 0xFC, 0x1F, 0x83, 0xF0, 0x7E, 0x0F,
    0xC1, 0xF8, 0x3F, 0x07, 0xE0, 0xFC, 0x1D, 0xC3, 0xBF, 0xF1, 0xFE, 0x04, 0x01, 0xC0, 0x7C, 0x1D,
    0xC3, 0x18, 0x00, 0x00, 0x07, 0x07, 0xE0, 0xFC, 0x1F, 0x83, 0xF0, 0x7E, 0x0F, 0xC1, 0xF8, 0x3F,
    0x07, 0xE0, 0xFC, 0x1D, 0xC3, 0xBF, 0xF1, 0xFE, 0x71, 0xCE, 0x38, 0x00, 0x00, 0x0E, 0x0F, 0xC1,
    0xF8, 0x3F, 0x07, 0xE0, 0xFC, 0x1F, 0x83, 0xF0, 0x7E, 0x0F, 0xC1, 0xF8, 0x3B, 0x87, 0x7F, 0xE3,
    0xFC, 0x00, 0x80, 0x0E, 0x00, 0xE0, 0x0E, 0x00, 0x60, 0x00, 0x00, 0x00, 0x1E, 0x0E, 0x70, 0x73,
    0x83, 0x9C, 0x1C, 0xF1, 0xC3, 0x8E, 0x1C, 0x70, 0xF3, 0x03, 0xB8, 0x1D, 0xC0, 0x7C, 0x03, 0xE0,
    0x1F, 0x00, 0x70, 0x03, 0x80, 0x18, 0x01, 0xC0, 0xFC, 0x07, 0xC0, 0x00, 0xE0, 0x0E, 0x00, 0xE0,
    0x0E, 0x00, 0xE0, 0x0E, 0x00, 0xFF, 0x0F, 0xFC, 0xE1, 0xEE, 0x0E, 0xE0, 0x7E, 0x07, 0xE0, 0x7E,
    0x07, 0xE0, 0x7E, 0x07, 0xE0, 0xEF, 0x1E, 0xFF, 0xCF, 0xF8, 0xE0, 0x0E, 0x00, 0xE0, 0x0E, 0x00,
    0xE0, 0x00, 0x39, 0xC3, 0x9C, 0x00, 0x00, 0x00, 0x00, 0x0E, 0x07, 0xE0, 0xEF, 0x0E, 0x70, 0xE7,
    0x0E, 0x71, 0xC3, 0x9C, 0x39, 0xC3, 0x98, 0x1F, 0x81, 0xF8, 0x1F, 0x00, 0xF0, 0x0F, 0x00, 0x60,
    0x0E, 0x01, 0xC0, 0xFC, 0x0F, 0x00, 0x07, 0xF8, 0x01, 0xFE, 0x00, 0x00, 0x00, 0x00, 0x00, 0x00,
    0x00, 0x00, 0x78, 0x00, 0x1E, 0x00, 0x0F, 0xC0, 0x03, 0xF0, 0x01, 0xDE, 0x00, 0x73, 0x80, 0x1C,
    0xE0, 0x0E, 0x1C, 0x03, 0x87, 0x01, 0xC1, 0xE0, 0x70, 0x38, 0x1F, 0xFE, 0x0F, 0xFF, 0xC3, 0x80,
    0x70, 0xE0, 0x1C, 0x70, 0x03, 0x9C, 0x00, 0xE7, 0x00, 0x38, 0x3F, 0xC7, 0xF8, 0x00, 0x00, 0x00,
    0x00, 0xFE, 0x1F, 0xF0, 0x0E, 0x00, 0xE0, 0x1C, 0x7F, 0xBF, 0xFF, 0x0F, 0xC1, 0xF8, 0x3F, 0x07,
    0xF0, 0xEF, 0xFC, 0xFF, 0x80, 0x06, 0x30, 0x03, 0x18, 0x00, 0xFC, 0x00, 0x3C, 0x00, 0x00, 0x00,
    0x00, 0x00, 0x07, 0x00, 0x07, 0xC0, 0x03, 0xE0, 0x03, 0xB8, 0x01, 0xDC, 0x00, 0xEE, 0x00, 0xE3,
    0x80, 0x71, 0xC0, 0x38, 0x70, 0x38, 0x38, 0x1C, 0x1C, 0x1F, 0xFF, 0x0F, 0xFF, 0x87, 0x01, 0xE7,
    0x00, 0x73, 0x80, 0x39, 0xC0, 0x1F, 0xE0, 0x07, 0x30, 0xC7, 0x38, 0x7E, 0x07, 0x80, 0x00, 0x00,
    0x1F, 0xC3, 0xFE, 0x01, 0xC0, 0x1C, 0x03, 0x8F, 0xF7, 0xFF, 0xE1, 0xF8, 0x3F, 0x07, 0xE0, 0xFE,
    0x1D, 0xFF, 0x9F, 0xF0, 0x01, 0xC0, 0x01, 0xE0, 0x00, 0xF8, 0x00, 0xFC, 0x00, 0x77, 0x00, 0x73,
    0x80, 0x39, 0xE0, 0x1C, 0x70, 0x1C, 0x38, 0x0E, 0x0E, 0x0F, 0x07, 0x07, 0xFF, 0xC3, 0xFF, 0xE3,
    0x80, 0x71, 0xC0, 0x3C, 0xE0, 0x0E, 0xF0, 0x07, 0x70, 0x03, 0xC0, 0x00, 0xC0, 0x00, 0xC0, 0x00,
    0xE0, 0x00, 0x7C, 0x00, 0x1E, 0x7F, 0x0F, 0xF8, 0x07, 0x00, 0x70, 0x0E, 0x3F, 0xDF, 0xFF, 0x87,
    0xE0, 0xFC, 0x1F, 0x83, 0xF8, 0x77, 0xFE, 0x7F, 0xC0, 0x70, 0x18, 0x07, 0x00, 0xFC, 0x0F, 0x80,
    0x00, 0x40, 0x03, 0x80, 0x1E, 0x00, 0x70, 0x03, 0x80, 0x0C, 0x00, 0x00, 0x01, 0xFC, 0x1F, 0xF8,
    0xF0, 0x67, 0x80, 0x1C, 0x00, 0x70, 0x03, 0x80, 0x0E, 0x00, 0x38, 0x00, 0xE0, 0x03, 0x80, 0x0E,
    0x00, 0x3C, 0x00, 0x70, 0x01, 0xE0, 0x03, 0xC1, 0x87, 0xFE, 0x07, 0xF0, 0x01, 0x00, 0xE0, 0x78,
    0x1C, 0x0E, 0x01, 0x00, 0x00, 0x3F, 0x3F, 0xDE, 0x07, 0x03, 0x80, 0xE0, 0x38, 0x0E, 0x03, 0x80,
    0xE0, 0x1C, 0x07, 0x84, 0xFF, 0x0F, 0xC0, 0x01, 0x00, 0x0E, 0x00, 0x7C, 0x03, 0xB8, 0x04, 0x20,
    0x00, 0x00, 0x7F, 0x07, 0xFE, 0x3C, 0x19, 0xE0, 0x07, 0x00, 0x1C, 0x00, 0xE0, 0x03, 0x80, 0x0E,
    0x00, 0x38, 0x00, 0xE0, 0x03, 0x80, 0x0F, 0x00, 0x1C, 0x00, 0x78, 0x00, 0xF0, 0x61, 0xFF, 0x81,
    0xFC, 0x06, 0x03, 0xC1, 0xF8, 0xE7, 0x10, 0x80, 0x00, 0xFC, 0xFF, 0x78, 0x1C, 0x0E, 0x03, 0x80,
    0xE0, 0x38, 0x0E, 0x03, 0x80, 0x70, 0x1E, 0x13, 0xFC, 0x3F, 0x01, 0xC0, 0x07, 0x00, 0x1C, 0x00,
    0x70, 0x00, 0x00, 0x00, 0x00, 0x3F, 0x83, 0xFF, 0x3C, 0x18, 0xE0, 0x07, 0x00, 0x1C, 0x00, 0xE0,
    0x03, 0x80, 0x0E, 0x00, 0x38, 0x00, 0xE0, 0x03, 0x80, 0x0F, 0x00, 0x1C, 0x00, 0x78, 0x00, 0xF0,
    0x21, 0xFF, 0xC1, 0xFE, 0x07, 0x01, 0xC0, 0x70, 0x1C, 0x00, 0x00, 0x00, 0xFC, 0xFF, 0x78, 0x1C,
    0x0E, 0x03, 0x80, 0xE0, 0x38, 0x0E, 0x03, 0x80, 0x70, 0x1E, 0x13, 0xFC, 0x3F, 0x04, 0x20, 0x39,
    0x80, 0x7C, 0x00, 0xE0, 0x01, 0x00, 0x00, 0x00, 0x7F, 0x07, 0xFE, 0x3C, 0x19, 0xE0, 0x07, 0x00,
    0x1C, 0x00, 0xE0, 0x03, 0x80, 0x0E, 0x00, 0x38, 0x00, 0xE0, 0x03, 0x80, 0x0F, 0x00, 0x1C, 0x00,
    0x78, 0x00, 0xF0, 0x61, 0xFF, 0x81, 0xFC, 0x19, 0x87, 0xE0, 0xF0, 0x18, 0x00, 0x00, 0x00, 0xFC,
    0xFF, 0x78, 0x1C, 0x0E, 0x03, 0x80, 0xE0, 0x38, 0x0E, 0x03, 0x80, 0x70, 0x1E, 0x13, 0xFC, 0x3F,
    0x18, 0xC0, 0x3B, 0x80, 0x3E, 0x00, 0x38, 0x00, 0x20, 0x00, 0x00, 0x3F, 0xE0, 0x7F, 0xF0, 0xE0,
    0xF9, 0xC0, 0x73, 0x80, 0x77, 0x00, 0xEE, 0x00, 0xFC, 0x01, 0xF8, 0x03, 0xF0, 0x07, 0xE0, 0x0F,
    0xC0, 0x1F, 0x80, 0x77, 0x00, 0xEE, 0x03, 0x9C, 0x1F, 0x3F, 0xF8, 0x7F, 0xC0, 0x00, 0x77, 0x00,
    0x77, 0x00, 0x77, 0x00, 0x77, 0x00, 0x77, 0x00, 0x77, 0x1F, 0xF0, 0x3F, 0xF0, 0x78, 0xF0, 0x70,
    0x70, 0xE0, 0x70, 0xE0, 0x70, 0xE0, 0x70, 0xE0, 0x70, 0xE0, 0x70, 0xE0, 0x70, 0x70, 0x70, 0x78,
    0x70, 0x3F, 0xF0, 0x0F, 0xF0, 0x3F, 0xE0, 0x1F, 0xFC, 0x0E, 0x0F, 0x87, 0x01, 0xC3, 0x80, 0x71,
    0xC0, 0x38, 0xE0, 0x0F, 0xFE, 0x07, 0xFF, 0x03, 0x9C, 0x01, 0xCE, 0x00, 0xE7, 0x00, 0x73, 0x80,
    0x71, 0xC0, 0x38, 0xE0, 0x38, 0x70, 0x7C, 0x3F, 0xF8, 0x1F, 0xF0, 0x00, 0x00, 0x70, 0x01, 0xC0,
    0x7F, 0xC1, 0xFF, 0x00, 0x70, 0x01, 0xC1, 0xFF, 0x0F, 0xFC, 0x78, 0xF1, 0xC1, 0xCE, 0x07, 0x38,
    0x1C, 0xE0, 0x73, 0x81, 0xCE, 0x07, 0x38, 0x1C, 0x70, 0x71, 0xE1, 0xC3, 0xFF, 0x03, 0xFC, 0x3F,
    0xC3, 0xFC, 0x00, 0x00, 0x00, 0x00, 0x0F, 0xFE, 0xFF, 0xEE, 0x00, 0xE0, 0x0E, 0x00, 0xE0, 0x0E,
    0x00, 0xE0, 0x0F, 0xFE, 0xFF, 0xEE, 0x00, 0xE0, 0x0E, 0x00, 0xE0, 0x0E, 0x00, 0xE0, 0x0F, 0xFF,
    0xFF, 0xF0, 0x3F, 0xC3, 0xFC, 0x00, 0x00, 0x00, 0x00, 0x00, 0xF8, 0x3F, 0xC7, 0x8E, 0x70, 0xEE,
    0x07, 0xE0, 0x7F, 0xFF, 0xFF, 0xFE, 0x00, 0xE0, 0x07, 0x00, 0x78, 0x23, 0xFE, 0x0F, 0xE0, 0x31,
    0x83, 0x18, 0x1F, 0x00, 0xE0, 0x00, 0x00, 0x00, 0xFF, 0xEF, 0xFE, 0xE0, 0x0E, 0x00, 0xE0, 0x0E,
    0x00, 0xE0, 0x0E, 0x00, 0xFF, 0xEF, 0xFE, 0xE0, 0x0E, 0x00, 0xE0, 0x0E, 0x00, 0xE0, 0x0E, 0x00,
    0xFF, 0xFF, 0xFF, 0x30, 0xC3, 0x1C, 0x1F, 0x80, 0xF0, 0x00, 0x00, 0x00, 0x0F, 0x83, 0xFC, 0x78,
    0xE7, 0x0E, 0xE0, 0x7E, 0x07, 0xFF, 0xFF, 0xFF, 0xE0, 0x0E, 0x00, 0x70, 0x07, 0x82, 0x3F, 0xE0,
    0xFE, 0x0E, 0x00, 0xE0, 0x0E, 0x00, 0xE0, 0x00, 0x00, 0x00, 0xFF, 0xEF, 0xFE, 0xE0, 0x0E, 0x00,
    0xE0, 0x0E, 0x00, 0xE0, 0x0E, 0x00, 0xFF, 0xEF, 0xFE, 0xE0, 0x0E, 0x00, 0xE0, 0x0E, 0x00, 0xE0,
    0x0E, 0x00, 0xFF, 0xFF, 0xFF, 0x0E, 0x00, 0xE0, 0x0E, 0x00, 0xE0, 0x00, 0x00, 0x00, 0x0F, 0x83,
    0xFC, 0x78, 0xE7, 0x0E, 0xE0, 0x7E, 0x07, 0xFF, 0xFF, 0xFF, 0xE0, 0x0E, 0x00, 0x70, 0x07, 0x82,
    0x3F, 0xE0, 0xFE, 0xFF, 0xEF, 0xFE, 0xE0, 0x0E, 0x00, 0xE0, 0x0E, 0x00, 0xE0, 0x0F, 0xFE, 0xFF,
    0xEE, 0x00, 0xE0, 0x0E, 0x00, 0xE0, 0x0E, 0x00, 0xE0, 0x0E, 0x00, 0xFF, 0xFF, 0xFF, 0x00, 0xE0,
    0x0C, 0x01, 0xC0, 0x1F, 0x00, 0xF0, 0x0F, 0x81, 0xFC, 0x38, 0xE7, 0x07, 0x70, 0x77, 0x07, 0xFF,
    0xF7, 0xFF, 0x70, 0x07, 0x00, 0x70, 0x03, 0x82, 0x1F, 0xE0, 0xFE, 0x01, 0xC0, 0x38, 0x03, 0x80,
    0x3E, 0x01, 0xE0, 0x31, 0x83, 0xB8, 0x1F, 0x00, 0xE0, 0x04, 0x00, 0x00, 0xFF, 0xEF, 0xFE, 0xE0,
    0x0E, 0x00, 0xE0, 0x0E, 0x00, 0xE0, 0x0E, 0x00, 0xFF, 0xEF, 0xFE, 0xE0, 0x0E, 0x00, 0xE0, 0x0E,
    0x00, 0xE0, 0x0E, 0x00, 0xFF, 0xFF, 0xFF, 0x18, 0x81, 0xDC, 0x0F, 0x00, 0x60, 0x00, 0x00, 0x00,
    0x0F, 0x83, 0xFC, 0x78, 0xE7, 0x0E, 0xF0, 0x7E, 0x07, 0xFF, 0xFF, 0xFF, 0xE0, 0x0E, 0x00, 0x70,
    0x07, 0x82, 0x3F, 0xE0, 0xFE, 0x00, 0x80, 0x07, 0x00, 0x3E, 0x01, 0xDC, 0x04, 0x20, 0x00, 0x00,
    0x7F, 0x87, 0xFF, 0x3C, 0x18, 0xE0, 0x07, 0x00, 0x1C, 0x00, 0xE0, 0x03, 0x80, 0x0E, 0x00, 0x38,
    0x07, 0xE0, 0x1F, 0x80, 0x7F, 0x01, 0xDC, 0x07, 0x78, 0x1C, 0xF0, 0x71, 0xFF, 0xC1, 0xFE, 0x03,
    0x00, 0x78, 0x0F, 0xC1, 0xCE, 0x00, 0x40, 0x00, 0x0F, 0xF3, 0xFF, 0x78, 0x77, 0x07, 0xE0, 0x7E,
    0x07, 0xE0, 0x7E, 0x07, 0xE0, 0x7F, 0x07, 0x78, 0xF3, 0xFF, 0x1F, 0xF0, 0x07, 0x00, 0x70, 0x0F,
    0x40, 0xE7, 0xFC, 0x7F, 0x80, 0x06, 0x30, 0x19, 0xC0, 0x3E, 0x00, 0x70, 0x00, 0x00, 0x00, 0x00,
    0x7F, 0x87, 0xFF, 0x3C, 0x18, 0xE0, 0x07, 0x00, 0x1C, 0x00, 0xE0, 0x03, 0x80, 0x0E, 0x00, 0x38,
    0x07, 0xE0, 0x1F, 0x80, 0x7F, 0x01, 0xDC, 0x07, 0x78, 0x1C, 0xF0, 0x71, 0xFF, 0xC1, 0xFE, 0x18,
    0x61, 0x8E, 0x0F, 0xC0, 0x78, 0x00, 0x00, 0x00, 0x0F, 0xF3, 0xFF, 0x78, 0x77, 0x07, 0xE0, 0x7E,
    0x07, 0xE0, 0x7E, 0x07, 0xE0, 0x7F, 0x07, 0x78, 0xF3, 0xFF, 0x1F, 0xF0, 0x07, 0x00, 0x70, 0x0F,
    0x60, 0xE7, 0xFC, 0x7F, 0x80, 0x01, 0xC0, 0x07, 0x00, 0x1C, 0x00, 0x70, 0x00, 0x00, 0x00, 0x00,
    0x7F, 0x87, 0xFF, 0x3C, 0x18, 0xE0, 0x07, 0x00, 0x1C, 0x00, 0xE0, 0x03, 0x80, 0x0E, 0x00, 0x38,
    0x07, 0xE0, 0x1F, 0x80, 0x7F, 0x01, 0xDC, 0x07, 0x78, 0x1C, 0xF0, 0x71, 0xFF, 0xC1, 0xFE, 0x07,
    0x00, 0x70, 0x07, 0x00, 0x70, 0x00, 0x00, 0x00, 0x0F, 0xF3, 0xFF, 0x78, 0x77, 0x07, 0xE0, 0x7E,
    0x07, 0xE0, 0x7E, 0x07, 0xE0, 0x7F, 0x07, 0x78, 0xF3, 0xFF, 0x1F, 0xF0, 0x07, 0x00, 0x70, 0x0F,
    0x40, 0xE7, 0xFC, 0x7F, 0x80, 0x07, 0xF8, 0x7F, 0xF3, 0xC1, 0x8E, 0x00, 0x70, 0x01, 0xC0, 0x0E,
    0x00, 0x38, 0x00, 0xE0, 0x03, 0x80, 0x7E, 0x01, 0xF8, 0x07, 0xF0, 0x1D, 0xC0, 0x77, 0x81, 0xCF,
    0x07, 0x1F, 0xFC, 0x1F, 0xE0, 0x00, 0x00, 0x70, 0x01, 0xC0, 0x1F, 0x00, 0x78, 0x00, 0x01, 0x80,
    0x38, 0x07, 0x00, 0x70, 0x07, 0x00, 0x00, 0x0F, 0xF3, 0xFF, 0x78, 0x77, 0x07, 0xE0, 0x7E, 0x07,
    0xE0, 0x7E, 0x07, 0xE0, 0x7F, 0x07, 0x78, 0xF3, 0xFF, 0x1F, 0xF0, 0x07, 0x00, 0x70, 0x0F, 0x40,
    0xE7, 0xFC, 0x7F, 0x80, 0x03, 0x00, 0x1E, 0x00, 0xFC, 0x07, 0x38, 0x08, 0x40, 0x00, 0x0E, 0x01,
    0xF8, 0x07, 0xE0, 0x1F, 0x80, 0x7E, 0x01, 0xF8, 0x07, 0xE0, 0x1F, 0x80, 0x7F, 0xFF, 0xFF, 0xFF,
    0xE0, 0x1F, 0x80, 0x7E, 0x01, 0xF8, 0x07, 0xE0, 0x1F, 0x80, 0x7E, 0x01, 0xF8, 0x07, 0x18, 0x03,
    0xC0, 0x7E, 0x04, 0x20, 0x00, 0x07, 0x00, 0x70, 0x07, 0x00, 0x70, 0x07, 0x00, 0x70, 0x07, 0xF8,
    0x7F, 0xE7, 0x0E, 0x70, 0x77, 0x07, 0x70, 0x77, 0x07, 0x70, 0x77, 0x07, 0x70, 0x77, 0x07, 0x70,
    0x77, 0x07, 0x70, 0x70, 0x38, 0x07, 0x0E, 0x01, 0xCF, 0xFF, 0xFF, 0xFF, 0xFF, 0x38, 0x07, 0x0E,
    0x01, 0xC3, 0x80, 0x70, 0xE0, 0x1C, 0x3F, 0xFF, 0x0F, 0xFF, 0xC3, 0x80, 0x70, 0xE0, 0x1C, 0x38,
    0x07, 0x0E, 0x01, 0xC3, 0x80, 0x70, 0xE0, 0x1C, 0x38, 0x07, 0x0E, 0x01, 0xC0, 0x38, 0x01, 0xC0,
    0x3F, 0xE1, 0xFF, 0x03, 0x80, 0x1C, 0x00, 0xFF, 0x07, 0xFE, 0x38, 0x71, 0xC1, 0xCE, 0x0E, 0x70,
    0x73, 0x83, 0x9C, 0x1C, 0xE0, 0xE7, 0x07, 0x38, 0x39, 0xC1, 0xCE, 0x0E, 0x70, 0x70, 0x79, 0x3F,
    0x93, 0xC0, 0x00, 0x00, 0xE0, 0x70, 0x38, 0x1C, 0x0E, 0x07, 0x03, 0x81, 0xC0, 0xE0, 0x70, 0x38,
    0x1C, 0x0E, 0x07, 0x03, 0x81, 0xC0, 0xE0, 0x70, 0x71, 0x7F, 0xB3, 0x80, 0x00, 0x00, 0xE0, 0x70,
    0x38, 0x1C, 0x0E, 0x07, 0x03, 0x81, 0xC0, 0xE0, 0x70, 0x38, 0x1C, 0x0E, 0x07, 0x00, 0xFF, 0xFF,
    0x00, 0x00, 0x00, 0x38, 0x38, 0x38, 0x38, 0x38, 0x38, 0x38, 0x38, 0x38, 0x38, 0x38, 0x38, 0x38,
    0x38, 0x38, 0x38, 0x38, 0x38, 0xFF, 0xFF, 0x00, 0x00, 0x00, 0x1C, 0x1C, 0x1C, 0x1C, 0x1C, 0x1C,
    0x1C, 0x1C, 0x1C, 0x1C, 0x1C, 0x1C, 0x1C, 0x1C, 0xC6, 0xC6, 0x7E, 0x3C, 0x00, 0x00, 0x38, 0x38,
    0x38, 0x38, 0x38, 0x38, 0x38, 0x38, 0x38, 0x38, 0x38, 0x38, 0x38, 0x38, 0x38, 0x38, 0x38, 0x38,
    0xC2, 0xE6, 0x7E, 0x3C, 0x00, 0x00, 0x1C, 0x1C, 0x1C, 0x1C, 0x1C, 0x1C, 0x1C, 0x1C, 0x1C, 0x1C,
    0x1C, 0x1C, 0x1C, 0x1C, 0x39, 0xCE, 0x73, 0x9C, 0xE7, 0x39, 0xCE, 0x73, 0x9C, 0xE7, 0x39, 0xCC,
    0xCE, 0x7D, 0xE0, 0x39, 0xCE, 0x70, 0x00, 0xE7, 0x39, 0xCE, 0x73, 0x9C, 0xE7, 0x39, 0xCE, 0x73,
    0x33, 0x9F, 0x78, 0xFF, 0xF0, 0x3F, 0xFF, 0xFF, 0xFF, 0xFF, 0xFF, 0xFF, 0xFF, 0xFF, 0xFF, 0xFF,
    0xFF, 0xC0, 0xE0, 0x07, 0xE0, 0x07, 0xE0, 0x07, 0xE0, 0x07, 0xE0, 0x07, 0xE0, 0x07, 0xE0, 0x07,
    0xE0, 0x07, 0xE0, 0x07, 0xE0, 0x07, 0xE0, 0x07, 0xE0, 0x07, 0xE0, 0x07, 0xE0, 0x07, 0xE0, 0x07,
    0xE3, 0x0E, 0xE3, 0xFC, 0xE3, 0xF8, 0xE1, 0xF8, 0x7E, 0x1F, 0x87, 0x00, 0x00, 0x0E, 0x1F, 0x87,
    0xE1, 0xF8, 0x7E, 0x1F, 0x87, 0xE1, 0xF8, 0x7E, 0x1F, 0x87, 0xE1, 0xF8, 0x7E, 0x1F, 0x87, 0x01,
    0xC0, 0x70, 0x38, 0x7E, 0x1F, 0x00, 0x00, 0x40, 0x07, 0x00, 0x7C, 0x06, 0x70, 0x00, 0x00, 0x00,
    0x03, 0x80, 0x1C, 0x00, 0xE0, 0x07, 0x00, 0x38, 0x01, 0xC0, 0x0E, 0x00, 0x70, 0x03, 0x80, 0x1C,
    0x00, 0xE0, 0x07, 0x00, 0x38, 0x01, 0xC0, 0x0E, 0x30, 0xE1, 0xFF, 0x07, 0xE0, 0x04, 0x07, 0x07,
    0xC7, 0x73, 0x18, 0x00, 0x00, 0x1C, 0x0E, 0x07, 0x03, 0x81, 0xC0, 0xE0, 0x70, 0x38, 0x1C, 0x0E,
    0x07, 0x03, 0x81, 0xC0, 0xE0, 0x70, 0x38, 0x3C, 0x7C, 0x7C, 0x00, 0xE0, 0x7B, 0x83, 0xCE, 0x0E,
    0x38, 0x70, 0xE3, 0xC3, 0x9E, 0x0E, 0xF0, 0x3F, 0x80, 0xFC, 0x03, 0xF8, 0x0E, 0xF0, 0x39, 0xE0,
    0xE3, 0xC3, 0x87, 0x8E, 0x0F, 0x38, 0x1C, 0xE0, 0x7B, 0x80, 0xF0, 0x00, 0x01, 0xC0, 0x07, 0x00,
    0x3C, 0x00, 0xE0, 0x00, 0x20, 0x0E, 0x00, 0xE0, 0x0E, 0x00, 0xE0, 0x0E, 0x00, 0xE0, 0x0E, 0x1E,
    0xE1, 0xCE, 0x38, 0xE7, 0x0E, 0xF0, 0xFE, 0x0F, 0xC0, 0xFE, 0x0E, 0xF0, 0xE7, 0x8E, 0x3C, 0xE1,
    0xCE, 0x1E, 0xE0, 0xF0, 0x00, 0x0E, 0x00, 0xE0, 0x3E, 0x03, 0xC0, 0xE1, 0xEE, 0x1C, 0xE3, 0x8E,
    0x70, 0xEF, 0x0F, 0xE0, 0xFC, 0x0F, 0xE0, 0xEF, 0x0E, 0x78, 0xE3, 0xCE, 0x1C, 0xE1, 0xEE, 0x0E,
    0x10, 0x07, 0x01, 0xE0, 0x38, 0x0E, 0x00, 0x80, 0x00, 0x07, 0x00, 0xE0, 0x1C, 0x03, 0x80, 0x70,
    0x0E, 0x01, 0xC0, 0x38, 0x07, 0x00, 0xE0, 0x1C, 0x03, 0x80, 0x70, 0x0E, 0x01, 0xC0, 0x38, 0x07,
    0xFF, 0xFF, 0xE0, 0x00, 0x77, 0xDC, 0x00, 0x07, 0x1C, 0x71, 0xC7, 0x1C, 0x71, 0xC7, 0x1C, 0x71,
    0xC7, 0x1C, 0x71, 0xC7, 0x1F, 0x3C, 0x70, 0xE0, 0x1C, 0x03, 0x80, 0x70, 0x0E, 0x01, 0xC0, 0x38,
    0x07, 0x00, 0xE0, 0x1C, 0x03, 0x80, 0x70, 0x0E, 0x01, 0xC0, 0x38, 0x07, 0x00, 0xFF, 0xFF, 0xFC,
    0x00, 0x07, 0x00, 0xE0, 0x3C, 0x07, 0x00, 0x01, 0xC7, 0x1C, 0x71, 0xC7, 0x1C, 0x71, 0xC7, 0x1C,
    0x71, 0xC7, 0x1C, 0x71, 0xC7, 0xCF, 0x1C, 0x03, 0x8E, 0xFB, 0xC0, 0xE7, 0x1C, 0xE3, 0x9C, 0x73,
    0x8E, 0x71, 0xCE, 0x38, 0x07, 0x00, 0xE0, 0x1C, 0x03, 0x80, 0x70, 0x0E, 0x01, 0xC0, 0x38, 0x07,
    0x00, 0xFF, 0xFF, 0xFC, 0xE7, 0xE7, 0xE6, 0xE6, 0xE6, 0xE6, 0xE0, 0xE0, 0xE0, 0xE0, 0xE0, 0xE0,
    0xE0, 0xE0, 0xE0, 0xE0, 0xE0, 0xF8, 0x78, 0x38, 0xE0, 0x1C, 0x03, 0x80, 0x70, 0x0E, 0x01, 0xC0,
    0x38, 0x77, 0x0E, 0xE1, 0xDC, 0x3B, 0x80, 0x70, 0x0E, 0x01, 0xC0, 0x38, 0x07, 0x00, 0xFF, 0xFF,
    0xFC, 0xE0, 0x70, 0x38, 0x1C, 0x0E, 0x07, 0x03, 0x81, 0xC0, 0xE3, 0xF1, 0xF8, 0xFC, 0x7E, 0x07,
    0x03, 0x81, 0xC0, 0xE0, 0x7E, 0x1F, 0x07, 0x00, 0x1C, 0x00, 0x70, 0x01, 0xC0, 0x07, 0x00, 0x1C,
    0x00, 0x70, 0x01, 0xDC, 0x07, 0xF0, 0x1F, 0x00, 0xF8, 0x0F, 0xC0, 0x1F, 0x00, 0x1C, 0x00, 0x70,
    0x01, 0xC0, 0x07, 0x00, 0x1F, 0xFC, 0x7F, 0xF0, 0x00, 0x38, 0x38, 0x38, 0x38, 0x38, 0x38, 0x3A,
    0x3F, 0x3E, 0xF8, 0xF8, 0xB8, 0x38, 0x38, 0x38, 0x38, 0x38, 0x3E, 0x1E, 0x0E, 0x00, 0x80, 0x07,
    0x00, 0x38, 0x01, 0xC0, 0x06, 0x00, 0x08, 0x00, 0x00, 0x38, 0x07, 0xF0, 0x1F, 0xE0, 0x7F, 0x81,
    0xFF, 0x07, 0xFE, 0x1F, 0xB8, 0x7E, 0x71, 0xF9, 0xE7, 0xE3, 0x9F, 0x87, 0x7E, 0x1F, 0xF8, 0x3F,
    0xE0, 0x7F, 0x81, 0xFE, 0x03, 0xF8, 0x07, 0xE0, 0x1C, 0x02, 0x00, 0xF0, 0x1C, 0x07, 0x01, 0xC0,
    0x10, 0x00, 0x07, 0xF8, 0xFF, 0xDC, 0x3B, 0x83, 0xF0, 0x7E, 0x0F, 0xC1, 0xF8, 0x3F, 0x07, 0xE0,
    0xFC, 0x1F, 0x83, 0xF0, 0x7E, 0x0E, 0xE0, 0x1F, 0xC0, 0x7F, 0x81, 0xFE, 0x07, 0xFC, 0x1F, 0xF8,
    0x7E, 0xE1, 0xF9, 0xC7, 0xE7, 0x9F, 0x8E, 0x7E, 0x1D, 0xF8, 0x7F, 0xE0, 0xFF, 0x81, 0xFE, 0x07,
    0xF8, 0x0F, 0xE0, 0x1F, 0x80, 0x70, 0x00, 0x00, 0xE0, 0x03, 0x80, 0x3E, 0x00, 0xF0, 0x00, 0xFF,
    0x1F, 0xFB, 0x87, 0x70, 0x7E, 0x0F, 0xC1, 0xF8, 0x3F, 0x07, 0xE0, 0xFC, 0x1F, 0x83, 0xF0, 0x7E,
    0x0F, 0xC1, 0xC0, 0x00, 0x70, 0x0E, 0x03, 0xC0, 0x70, 0x00, 0x08, 0xC0, 0x3F, 0x00, 0x78, 0x00,
    0xC0, 0x00, 0x00, 0x00, 0x0E, 0x01, 0xFC, 0x07, 0xF8, 0x1F, 0xE0, 0x7F, 0xC1, 0xFF, 0x87, 0xEE,
    0x1F, 0x9C, 0x7E, 0x79, 0xF8, 0xE7, 0xE1, 0xDF, 0x87, 0xFE, 0x0F, 0xF8, 0x1F, 0xE0, 0x7F, 0x80,
    0xFE, 0x01, 0xF8, 0x07, 0x31, 0x87, 0x60, 0x78, 0x06, 0x00, 0x00, 0x00, 0x3F, 0xC7, 0xFE, 0xE1,
    0xDC, 0x1F, 0x83, 0xF0, 0x7E, 0x0F, 0xC1, 0xF8, 0x3F, 0x07, 0xE0, 0xFC, 0x1F, 0x83, 0xF0, 0x70,
    0x70, 0x03, 0x80, 0x1C, 0x00, 0xC0, 0x0E, 0x00, 0x10, 0x00, 0x7F, 0x03, 0xFE, 0x1C, 0x70, 0xE1,
    0xC7, 0x0E, 0x38, 0x71, 0xC3, 0x8E, 0x1C, 0x70, 0xE3, 0x87, 0x1C, 0x38, 0xE1, 0xC7, 0x0E, 0x38,
    0x70, 0xE0, 0x1F, 0xC0, 0x7F, 0x81, 0xFE, 0x07, 0xFC, 0x1F, 0xF8, 0x7E, 0xE1, 0xF9, 0xC7, 0xE7,
    0x9F, 0x8E, 0x7E, 0x1D, 0xF8, 0x7F, 0xE0, 0xFF, 0x81, 0xFE, 0x07, 0xF8, 0x0F, 0xE0, 0x1F, 0x80,
    0x70, 0x01, 0xC0, 0x07, 0x00, 0x1C, 0x03, 0xE0, 0x0F, 0x00, 0xFF, 0x1F, 0xFB, 0x87, 0x70, 0x7E,
    0x0F, 0xC1, 0xF8, 0x3F, 0x07, 0xE0, 0xFC, 0x1F, 0x83, 0xF0, 0x7E, 0x0F, 0xC1, 0xC0, 0x38, 0x07,
    0x00, 0xE0, 0xF8, 0x1E, 0x00, 0x0F, 0xF0, 0x07, 0xF8, 0x00, 0x00, 0x00, 0x00, 0x00, 0x00, 0x00,
    0x3F, 0x00, 0x7F, 0xF0, 0x78, 0x3C, 0x38, 0x0E, 0x38, 0x03, 0x9C, 0x01, 0xDC, 0x00, 0x7E, 0x00,
    0x3F, 0x00, 0x1F, 0x80, 0x0F, 0xC0, 0x07, 0xE0, 0x03, 0xB8, 0x03, 0x9C, 0x01, 0xCF, 0x01, 0xE3,
    0xC1, 0xE0, 0xFF, 0xE0, 0x1F, 0xC0, 0x3F, 0xC1, 0xFE, 0x00, 0x00, 0x00, 0x00, 0x00, 0x07, 0xC0,
    0xFF, 0x8F, 0x1E, 0x70, 0x77, 0x01, 0xF8, 0x0F, 0xC0, 0x7E, 0x03, 0xF0, 0x1F, 0x80, 0xEE, 0x0E,
    0x78, 0xF1, 0xFF, 0x03, 0xE0, 0x06, 0x38, 0x03, 0x18, 0x00, 0xFC, 0x00, 0x3C, 0x00, 0x00, 0x00,
    0x00, 0x00, 0x1F, 0x80, 0x3F, 0xF8, 0x3C, 0x1E, 0x1C, 0x07, 0x1C, 0x01, 0xCE, 0x00, 0xEE, 0x00,
    0x3F, 0x00, 0x1F, 0x80, 0x0F, 0xC0, 0x07, 0xE0, 0x03, 0xF0, 0x01, 0xDC, 0x01, 0xCE, 0x00, 0xE7,
    0x80, 0xF1, 0xE0, 0xF0, 0x7F, 0xF0, 0x0F, 0xE0, 0x18, 0xC0, 0xC6, 0x03, 0xF0, 0x0F, 0x00, 0x00,
    0x00, 0x00, 0x3E, 0x07, 0xFC, 0x78, 0xF3, 0x83, 0xB8, 0x0F, 0xC0, 0x7E, 0x03, 0xF0, 0x1F, 0x80,
    0xFC, 0x07, 0x70, 0x73, 0xC7, 0x8F, 0xF8, 0x1F, 0x00, 0x01, 0x88, 0x00, 0xEE, 0x00, 0xE7, 0x00,
    0xE7, 0x00, 0x63, 0x00, 0x00, 0x00, 0x1F, 0x80, 0x3F, 0xF8, 0x3C, 0x1E, 0x1C, 0x07, 0x1C, 0x01,
    0xCE, 0x00, 0xEE, 0x00, 0x3F, 0x00, 0x1F, 0x80, 0x0F, 0xC0, 0x07, 0xE0, 0x03, 0xF0, 0x01, 0xDC,
    0x01, 0xCE, 0x00, 0xE7, 0x80, 0xF1, 0xE0, 0xF0, 0x7F, 0xF0, 0x0F, 0xE0, 0x00, 0x00, 0x31, 0x83,
    0x9C, 0x39, 0xC1, 0x8C, 0x08, 0x40, 0x00, 0x01, 0xF0, 0x3F, 0xE3, 0xC7, 0x9C, 0x1D, 0xC0, 0x7E,
    0x03, 0xF0, 0x1F, 0x80, 0xFC, 0x07, 0xE0, 0x3B, 0x83, 0x9E, 0x3C, 0x7F, 0xC0, 0xF8, 0x00, 0x03,
    0xFF, 0xFC, 0x1F, 0xFF, 0xF8, 0xF8, 0x70, 0x03, 0xC0, 0xE0, 0x07, 0x01, 0xC0, 0x1E, 0x03, 0x80,
    0x38, 0x07, 0x00, 0x70, 0x0F, 0xFC, 0xE0, 0x1F, 0xF9, 0xC0, 0x38, 0x03, 0x80, 0x70, 0x07, 0x00,
    0xE0, 0x07, 0x01, 0xC0, 0x0E, 0x03, 0x80, 0x1E, 0x07, 0x00, 0x1F, 0x0E, 0x00, 0x0F, 0xFF, 0xFE,
    0x07, 0xFF, 0xFC, 0x0F, 0x87, 0xC1, 0xFE, 0xFF, 0x1E, 0x3F, 0x1C, 0xE0, 0xF0, 0xFE, 0x07, 0x83,
    0xF0, 0x38, 0x1F, 0x81, 0xFF, 0xFC, 0x0F, 0xFF, 0xE0, 0x70, 0x07, 0x03, 0xC0, 0x1C, 0x1E, 0x00,
    0xF1, 0xF8, 0x23, 0xFD, 0xFF, 0x07, 0xC3, 0xF8, 0x02, 0x00, 0x3C, 0x01, 0xC0, 0x1C, 0x01, 0xC0,
    0x04, 0x00, 0x00, 0x1F, 0xE0, 0xFF, 0xC7, 0x0F, 0x38, 0x3D, 0xC0, 0xEE, 0x07, 0x70, 0x3B, 0x81,
    0xDC, 0x3C, 0xFF, 0xC7, 0xFC, 0x38, 0xF1, 0xC3, 0x8E, 0x1E, 0x70, 0x73, 0x83, 0xDC, 0x0E, 0xE0,
    0x78, 0x04, 0x0E, 0x1C, 0x3C, 0x38, 0x10, 0x00, 0x7F, 0xFF, 0xE0, 0xE0, 0xE0, 0xE0, 0xE0, 0xE0,
    0xE0, 0xE0, 0xE0, 0xE0, 0xE0, 0xE0, 0xFF, 0x07, 0xFE, 0x38, 0x79, 0xC0, 0xEE, 0x07, 0x70, 0x3B,
    0x81, 0xDC, 0x3C, 0xFF, 0xE7, 0xFC, 0x38, 0xE1, 0xC7, 0x8E, 0x1E, 0x70, 0x73, 0x83, 0xDC, 0x0E,
    0xE0, 0x77, 0x01, 0xC0, 0x00, 0x0E, 0x00, 0x70, 0x0F, 0x80, 0x78, 0x00, 0x1F, 0xCF, 0xF3, 0x80,
    0xE0, 0x38, 0x0E, 0x03, 0x80, 0xE0, 0x38, 0x0E, 0x03, 0x80, 0xE0, 0x38, 0x0E, 0x00, 0x00, 0xE0,
    0x38, 0x3E, 0x0F, 0x00, 0x31, 0x01, 0xDC, 0x07, 0xC0, 0x1C, 0x00, 0x40, 0x00, 0x03, 0xFC, 0x1F,
    0xF8, 0xE1, 0xE7, 0x07, 0xB8, 0x1D, 0xC0, 0xEE, 0x07, 0x70, 0x3B, 0x87, 0x9F, 0xF8, 0xFF, 0x87,
    0x1E, 0x38, 0x71, 0xC3, 0xCE, 0x0E, 0x70, 0x7B, 0x81, 0xDC, 0x0F, 0x66, 0x7E, 0x3C, 0x18, 0x00,
    0x00, 0x7F, 0xFF, 0xE0, 0xE0, 0xE0, 0xE0, 0xE0, 0xE0, 0xE0, 0xE0, 0xE0, 0xE0, 0xE0, 0xE0, 0x00,
    0x00, 0x18, 0x03, 0x80, 0x70, 0x0E, 0x00, 0xC0, 0x00, 0x01, 0xFC, 0x3F, 0xE7, 0x06, 0xE0, 0x0E,
    0x00, 0xF0, 0x0F, 0x80, 0x7F, 0x07, 0xFC, 0x1F, 0xE0, 0x7F, 0x00, 0xF0, 0x07, 0x00, 0x70, 0x07,
    0xC0, 0xEF, 0xFE, 0x7F, 0x80, 0x06, 0x03, 0x83, 0x83, 0x81, 0x80, 0x00, 0x00, 0x7E, 0x7F, 0x70,
    0xB8, 0x1E, 0x0F, 0x83, 0xF0, 0xFC, 0x1F, 0x07, 0x81, 0xE0, 0xFF, 0xEF, 0xE0, 0x02, 0x00, 0x70,
    0x1F, 0x83, 0x9C, 0x10, 0xC0, 0x00, 0x1F, 0xC3, 0xFE, 0x70, 0x6E, 0x00, 0xE0, 0x0F, 0x00, 0xF8,
    0x07, 0xF0, 0x7F, 0xC1, 0xFE, 0x07, 0xF0, 0x0F, 0x00, 0x70, 0x07, 0x00, 0x7C, 0x0E, 0xFF, 0xE7,
    0xF8, 0x08, 0x0E, 0x0F, 0x8E, 0xE2, 0x00, 0x00, 0xFC, 0xFE, 0xE1, 0x70, 0x3C, 0x1F, 0x07, 0xE1,
    0xF8, 0x3E, 0x0F, 0x03, 0xC1, 0xFF, 0xDF, 0xC0, 0x1F, 0xC3, 0xFE, 0x70, 0x6E, 0x00, 0xE0, 0x0F,
    0x00, 0xF8, 0x07, 0xF0, 0x7F, 0xC1, 0xFE, 0x07, 0xF0, 0x0F, 0x00, 0x70, 0x07, 0x00, 0x7C, 0x0E,
    0xFF, 0xE7, 0xF8, 0x0E, 0x00, 0xF0, 0x07, 0x01, 0xF0, 0x3E, 0x00, 0x3F, 0xBF, 0xB8, 0x1C, 0x0F,
    0x07, 0xE1, 0xF8, 0x7E, 0x0F, 0x83, 0xC0, 0xF0, 0x7F, 0xF7, 0xF0, 0x70, 0x3C, 0x0E, 0x1F, 0x1F,
    0x00, 0x10, 0x83, 0x9C, 0x1F, 0x80, 0xF0, 0x06, 0x00, 0x00, 0x1F, 0xC3, 0xFE, 0x70, 0x6E, 0x00,
    0xE0, 0x0F, 0x00, 0xF8, 0x07, 0xF0, 0x7F, 0xC1, 0xFE, 0x07, 0xF0, 0x0F, 0x00, 0x70, 0x07, 0x00,
    0x7C, 0x0E, 0xFF, 0xE7, 0xF8, 0x23, 0x1B, 0x8F, 0x83, 0x80, 0x80, 0x00, 0xFC, 0xFE, 0xE1, 0x70,
    0x3C, 0x1F, 0x07, 0xE1, 0xF8, 0x3E, 0x0F, 0x03, 0xC1, 0xFF, 0xDF, 0xC0, 0xFF, 0xFF, 0xFF, 0xF0,
    0x70, 0x01, 0xC0, 0x07, 0x00, 0x1C, 0x00, 0x70, 0x01, 0xC0, 0x07, 0x00, 0x1C, 0x00, 0x70, 0x01,
    0xC0, 0x07, 0x00, 0x1C, 0x00, 0x70, 0x01, 0xC0, 0x07, 0x00, 0x1C, 0x00, 0x60, 0x01, 0xC0, 0x03,
    0x80, 0x3E, 0x01, 0xF0, 0x00, 0xE0, 0xE0, 0xE0, 0xE0, 0xFF, 0xFF, 0xE0, 0xE0, 0xE0, 0xE0, 0xE0,
    0xE0, 0xE0, 0xE0, 0xF1, 0x7F, 0x7F, 0x1E, 0x1C, 0x1E, 0x0E, 0x3E, 0x3C, 0x18, 0xC0, 0x37, 0x00,
    0x78, 0x01, 0xC0, 0x02, 0x00, 0x00, 0x0F, 0xFF, 0xFF, 0xFF, 0x07, 0x00, 0x1C, 0x00, 0x70, 0x01,
    0xC0, 0x07, 0x00, 0x1C, 0x00, 0x70, 0x01, 0xC0, 0x07, 0x00, 0x1C, 0x00, 0x70, 0x01, 0xC0, 0x07,
    0x00, 0x1C, 0x00, 0x70, 0x01, 0xC0, 0x0E, 0x0E, 0x0E, 0xEE, 0xEE, 0xE0, 0xFF, 0xFF, 0xE0, 0xE0,
    0xE0, 0xE0, 0xE0, 0xE0, 0xE0, 0xE0, 0xE0, 0xF1, 0x7F, 0x3F, 0xFF, 0xFF, 0xFF, 0xF0, 0x70, 0x01,
    0xC0, 0x07, 0x00, 0x1C, 0x00, 0x70, 0x01, 0xC0, 0x3F, 0xF0, 0xFF, 0xC0, 0x70, 0x01, 0xC0, 0x07,
    0x00, 0x1C, 0x00, 0x70, 0x01, 0xC0, 0x07, 0x00, 0x1C, 0x00, 0xE0, 0xE0, 0xE0, 0xE0, 0xFF, 0xFF,
    0xE0, 0xE0, 0xE0, 0xE0, 0xFF, 0xFF, 0xE0, 0xE0, 0xE0, 0xF1, 0x7F, 0x3F, 0x0E, 0x20, 0x7F, 0x81,
    0x1C, 0x00, 0x00, 0x00, 0x00, 0x00, 0x0E, 0x01, 0xF8, 0x07, 0xE0, 0x1F, 0x80, 0x7E, 0x01, 0xF8,
    0x07, 0xE0, 0x1F, 0x80, 0x7E, 0x01, 0xF8, 0x07, 0xE0, 0x1F, 0x80, 0x7E, 0x01, 0xF8, 0x07, 0x70,
    0x39, 0xE1, 0xE3, 0xFF, 0x03, 0xF0, 0x3C, 0xCF, 0xF8, 0x9E, 0x00, 0x00, 0x01, 0xC1, 0xF8, 0x3F,
    0x07, 0xE0, 0xFC, 0x1F, 0x83, 0xF0, 0x7E, 0x0F, 0xC1, 0xF8, 0x3F, 0x07, 0x70, 0xEF, 0xFC, 0x7F,
    0x80, 0x1F, 0xE0, 0x7F, 0x80, 0x00, 0x00, 0x00, 0x00, 0x03, 0x80, 0x7E, 0x01, 0xF8, 0x07, 0xE0,
    0x1F, 0x80, 0x7E, 0x01, 0xF8, 0x07, 0xE0, 0x1F, 0x80, 0x7E, 0x01, 0xF8, 0x07, 0xE0, 0x1F, 0x80,
    0x7E, 0x01, 0xDC, 0x0E, 0x78, 0x78, 0xFF, 0xC0, 0xFC, 0x00, 0x7F, 0x8F, 0xF0, 0x00, 0x00, 0x00,
    0x01, 0xC1, 0xF8, 0x3F, 0x07, 0xE0, 0xFC, 0x1F, 0x83, 0xF0, 0x7E, 0x0F, 0xC1, 0xF8, 0x3F, 0x07,
    0x70, 0xEF, 0xFC, 0x7F, 0x80, 0x18, 0x60, 0x73, 0x80, 0xFC, 0x01, 0xE0, 0x00, 0x00, 0x00, 0x0E,
    0x01, 0xF8, 0x07, 0xE0, 0x1F, 0x80, 0x7E, 0x01, 0xF8, 0x07, 0xE0, 0x1F, 0x80, 0x7E, 0x01, 0xF8,
    0x07, 0xE0, 0x1F, 0x80, 0x7E, 0x01, 0xF8, 0x07, 0x70, 0x39, 0xE1, 0xE3, 0xFF, 0x03, 0xF0, 0x31,
    0x86, 0x30, 0x7E, 0x07, 0x80, 0x00, 0x00, 0x38, 0x3F, 0x07, 0xE0, 0xFC, 0x1F, 0x83, 0xF0, 0x7E,
    0x0F, 0xC1, 0xF8, 0x3F, 0x07, 0xE0, 0xEE, 0x1D, 0xFF, 0x8F, 0xF0, 0x07, 0x80, 0x33, 0x00, 0xCC,
    0x03, 0x30, 0x07, 0x80, 0x00, 0x00, 0x00, 0x38, 0x07, 0xE0, 0x1F, 0x80, 0x7E, 0x01, 0xF8, 0x07,
    0xE0, 0x1F, 0x80, 0x7E, 0x01, 0xF8, 0x07, 0xE0, 0x1F, 0x80, 0x7E, 0x01, 0xF8, 0x07, 0xE0, 0x1D,
    0xC0, 0xE7, 0x87, 0x8F, 0xFC, 0x0F, 0xC0, 0x1E, 0x06, 0x60, 0xCC, 0x19, 0x81, 0xE0, 0x00, 0x00,
    0x07, 0x07, 0xE0, 0xFC, 0x1F, 0x83, 0xF0, 0x7E, 0x0F, 0xC1, 0xF8, 0x3F, 0x07, 0xE0, 0xFC, 0x1D,
    0xC3, 0xBF, 0xF1, 0xFE, 0x00, 0x00, 0x18, 0xC0, 0x73, 0x83, 0x9C, 0x1C, 0xE0, 0x21, 0x00, 0x00,
    0x38, 0x07, 0xE0, 0x1F, 0x80, 0x7E, 0x01, 0xF8, 0x07, 0xE0, 0x1F, 0x80, 0x7E, 0x01, 0xF8, 0x07,
    0xE0, 0x1F, 0x80, 0x7E, 0x01, 0xF8, 0x07, 0xE0, 0x1D, 0xC0, 0xE7, 0x87, 0x8F, 0xFC, 0x0F, 0xC0,
    0x08, 0x41, 0x9C, 0x73, 0x9C, 0xE3, 0x38, 0x00, 0x00, 0x07, 0x07, 0xE0, 0xFC, 0x1F, 0x83, 0xF0,
    0x7E, 0x0F, 0xC1, 0xF8, 0x3F, 0x07, 0xE0, 0xFC, 0x1D, 0xC3, 0xBF, 0xF1, 0xFE, 0xE0, 0x3F, 0x01,
    0xF8, 0x0F, 0xC0, 0x7E, 0x03, 0xF0, 0x1F, 0x80, 0xFC, 0x07, 0xE0, 0x3F, 0x01, 0xF8, 0x0F, 0xC0,
    0x7E, 0x03, 0xF0, 0x1D, 0xC1, 0xEF, 0x1E, 0x3F, 0xE0, 0x7E, 0x00, 0xE0, 0x0E, 0x00, 0x70, 0x03,
    0xE0, 0x0F, 0x00, 0xE0, 0xFC, 0x1F, 0x83, 0xF0, 0x7E, 0x0F, 0xC1, 0xF8, 0x3F, 0x07, 0xE0, 0xFC,
    0x1F, 0x83, 0xB8, 0x77, 0xFE, 0x3F, 0xC0, 0x70, 0x1C, 0x03, 0x80, 0x7C, 0x07, 0x80, 0x00, 0x20,
    0x00, 0x01, 0xC0, 0x00, 0x0F, 0x80, 0x00, 0x73, 0x00, 0x00, 0x84, 0x00, 0x00, 0x00, 0x0E, 0x00,
    0x01, 0xF8, 0x00, 0x0F, 0xE0, 0x70, 0x3B, 0xC1, 0xE0, 0xEF, 0x07, 0x83, 0x9C, 0x3E, 0x0E, 0x70,
    0xF8, 0x79, 0xC3, 0x71, 0xC7, 0x8D, 0xC7, 0x0E, 0x73, 0x1C, 0x39, 0xCE, 0x70, 0xE6, 0x3B, 0x83,
    0xF8, 0x6E, 0x07, 0xE1, 0xF8, 0x1F, 0x07, 0xE0, 0x7C, 0x0F, 0x01, 0xF0, 0x3C, 0x03, 0x80, 0xF0,
    0x00, 0x00, 0x00, 0x0C, 0x00, 0x03, 0xC0, 0x00, 0xFC, 0x00, 0x31, 0x80, 0x00, 0x00, 0x00, 0x00,
    0x07, 0x83, 0x07, 0x70, 0xE0, 0xEE, 0x1E, 0x39, 0xC3, 0xC7, 0x1C, 0x78, 0xE3, 0x9F, 0x1C, 0x73,
    0x67, 0x0E, 0x6E, 0xE0, 0xEC, 0xDC, 0x1F, 0x9B, 0x03, 0xE3, 0xE0, 0x3C, 0x7C, 0x07, 0x87, 0x00,
    0xE0, 0xE0, 0x01, 0x00, 0x07, 0x00, 0x1F, 0x00, 0x63, 0x00, 0x00, 0x00, 0x00, 0x3C, 0x07, 0xB8,
    0x0E, 0x78, 0x3C, 0x70, 0x70, 0xF1, 0xE0, 0xE3, 0x81, 0xEF, 0x01, 0xDC, 0x03, 0xF0, 0x03, 0xE0,
    0x03, 0x80, 0x07, 0x00, 0x0E, 0x00, 0x1C, 0x00, 0x38, 0x00, 0x70, 0x00, 0xE0, 0x01, 0xC0, 0x02,
    0x00, 0x38, 0x03, 0xE0, 0x3B, 0x81, 0x8C, 0x00, 0x00, 0x00, 0x1E, 0x0E, 0x70, 0x73, 0x83, 0x9C,
    0x1C, 0xF1, 0xC3, 0x8E, 0x1C, 0x70, 0xF3, 0x03, 0xB8, 0x1D, 0xC0, 0x7C, 0x03, 0xE0, 0x1F, 0x00,
    0x70, 0x03, 0x80, 0x18, 0x01, 0xC0, 0xFC, 0x07, 0xC0, 0x00, 0x1C, 0xE0, 0x73, 0x80, 0x00, 0x00,
    0x00, 0xE0, 0x1F, 0xC0, 0xF7, 0x03, 0x9E, 0x1E, 0x38, 0x70, 0x73, 0xC1, 0xCE, 0x03, 0xF8, 0x0F,
    0xC0, 0x1F, 0x00, 0x38, 0x00, 0xE0, 0x03, 0x80, 0x0E, 0x00, 0x38, 0x00, 0xE0, 0x03, 0x80, 0x0E,
    0x00, 0x00, 0x80, 0x0E, 0x00, 0xF0, 0x07, 0x00, 0x70, 0x01, 0x00, 0x00, 0x0F, 0xFF, 0x7F, 0xF8,
    0x03, 0x80, 0x3C, 0x03, 0xC0, 0x1C, 0x01, 0xE0, 0x1E, 0x00, 0xE0, 0x0F, 0x00, 0xF0, 0x07, 0x80,
    0x78, 0x03, 0xC0, 0x3C, 0x03, 0xE0, 0x1F, 0xFF, 0xFF, 0xF8, 0x02, 0x01, 0xC0, 0xE0, 0x70, 0x18,
    0x00, 0x00, 0x03, 0xFF, 0xFF, 0xC0, 0xE0, 0x78, 0x3C, 0x0E, 0x07, 0x81, 0xC0, 0xE0, 0x78, 0x1C,
    0x0F, 0x03, 0xFF, 0xFF, 0xC0, 0x07, 0x00, 0x38, 0x01, 0xC0, 0x0E, 0x00, 0x00, 0x00, 0x01, 0xFF,
    0xEF, 0xFF, 0x00, 0xF0, 0x0F, 0x80, 0x78, 0x07, 0x80, 0x7C, 0x03, 0xC0, 0x3C, 0x01, 0xE0, 0x1E,
    0x00, 0xF0, 0x0F, 0x00, 0xF0, 0x07, 0x80, 0x78, 0x03, 0xFF, 0xFF, 0xFF, 0x0E, 0x03, 0x80, 0xE0,
    0x38, 0x00, 0x00, 0x0F, 0xFF, 0xFF, 0x03, 0x81, 0xE0, 0x70, 0x3C, 0x1E, 0x07, 0x83, 0xC0, 0xF0,
    0x78, 0x3E, 0x0F, 0xFF, 0xFF, 0x0C, 0xC0, 0x7E, 0x01, 0xE0, 0x06, 0x00, 0x00, 0x00, 0x01, 0xFF,
    0xEF, 0xFF, 0x00, 0x70, 0x07, 0x80, 0x78, 0x03, 0x80, 0x3C, 0x03, 0xC0, 0x1C, 0x01, 0xE0, 0x1E,
    0x00, 0xF0, 0x0F, 0x00, 0x78, 0x07, 0x80, 0x7C, 0x03, 0xFF, 0xFF, 0xFF, 0x21, 0x1C, 0xC3, 0xF0,
    0x78, 0x0C, 0x00, 0x00, 0x03, 0xFF, 0xFF, 0xC0, 0xE0, 0x78, 0x3C, 0x0E, 0x07, 0x81, 0xC0, 0xE0,
    0x78, 0x1C, 0x0F, 0x03, 0xFF, 0xFF, 0xC0, 0x1F, 0x7F, 0x70, 0xE0, 0xE0, 0xE0, 0xE0, 0xE0, 0xE0,
    0xE0, 0xE0, 0xE0, 0xE0, 0xE0, 0xE0, 0xE0, 0xE0, 0xE0, 0xE0, 0xE0, 0x00, 0x03, 0x80, 0x01, 0xC0,
    0x00, 0xE0, 0x00, 0x70, 0x3F, 0x30, 0x7F, 0xF8, 0xF0, 0x78, 0x70, 0x1E, 0x70, 0x07, 0x38, 0x03,
    0xF8, 0x00, 0xFC, 0x00, 0x7E, 0x00, 0x3F, 0x00, 0x1F, 0x80, 0x0F, 0xC0, 0x07, 0x70, 0x07, 0x38,
    0x03, 0x9E, 0x03, 0x87, 0x83, 0xC1, 0xFF, 0xC0, 0x3F, 0x00, 0x00, 0x1C, 0x00, 0x70, 0x01, 0xC3,
    0xE7, 0x3F, 0xF9, 0xE3, 0xC7, 0x07, 0x38, 0x0E, 0xE0, 0x3B, 0x80, 0xEE, 0x03, 0xB8, 0x0E, 0xE0,
    0x39, 0xC1, 0xC7, 0x8F, 0x0F, 0xF8, 0x0F, 0x80, 0x00, 0x03, 0x80, 0x01, 0xC0, 0x00, 0xE0, 0x00,
    0x7E, 0x01, 0xF7, 0x00, 0xFB, 0x80, 0x71, 0xC0, 0x38, 0xE0, 0x1C, 0x70, 0x0E, 0x38, 0x07, 0x1C,
    0x03, 0x8E, 0x01, 0xC7, 0x00, 0xE3, 0x80, 0x71, 0xC0, 0x38, 0xE0, 0x1C, 0x70, 0x0E, 0x1C, 0x0E,
    0x0F, 0x0F, 0x03, 0xFF, 0x00, 0x7E, 0x00, 0x00, 0x1C, 0x00, 0x70, 0x01, 0xF8, 0x3E, 0xE0, 0xFB,
    0x83, 0x8E, 0x0E, 0x38, 0x38, 0xE0, 0xE3, 0x83, 0x8E, 0x0E, 0x38, 0x38, 0xE0, 0xE3, 0x83, 0x87,
    0x0E, 0x1F, 0xF8, 0x1F, 0xE0, 0x00, 0x00, 0x0C, 0x40, 0x00, 0x00, 0x7E, 0x00, 0x00, 0x01, 0xE0,
    0x00, 0x00, 0x06, 0x00, 0x00, 0x00, 0x00, 0x00, 0x00, 0x00, 0x03, 0xFE, 0x01, 0xFF, 0xFF, 0xFC,
    0x0F, 0xFF, 0xE0, 0xF8, 0x00, 0x77, 0x01, 0xC0, 0x07, 0xB8, 0x07, 0x00, 0x79, 0xC0, 0x38, 0x03,
    0x8E, 0x00, 0xE0, 0x3C, 0x70, 0x07, 0x03, 0xC3, 0x80, 0x38, 0x1C, 0x1C, 0x01, 0xC1, 0xE0, 0xE0,
    0x0E, 0x1E, 0x07, 0x00, 0x70, 0xF0, 0x38, 0x07, 0x0F, 0x01, 0xC0, 0x38, 0x78, 0x0E, 0x03, 0x87,
    0x80, 0x70, 0x7C, 0x7C, 0x03, 0xFF, 0x83, 0xFF, 0xFF, 0xF0, 0x1F, 0xFF, 0x00, 0x00, 0x10, 0x80,
    0x00, 0x03, 0x73, 0xFE, 0x00, 0x3C, 0x7F, 0xF0, 0x03, 0x0E, 0x0F, 0x80, 0x01, 0xC0, 0x70, 0x00,
    0x38, 0x07, 0x1F, 0xFF, 0x00, 0xE3, 0xFF, 0xE0, 0x0E, 0x01, 0xDC, 0x01, 0xC0, 0x7B, 0x80, 0x38,
    0x1E, 0x70, 0x07, 0x03, 0x8E, 0x00, 0xE0, 0xF1, 0xC0, 0x1C, 0x1C, 0x38, 0x07, 0x07, 0x07, 0x00,
    0xE1, 0xE0, 0xE0, 0x38, 0x38, 0x1C, 0x1F, 0x0F, 0x03, 0xFF, 0x81, 0xFF, 0xFF, 0xC0, 0x3F, 0xF0,
    0x00, 0x70, 0x66, 0x00, 0x38, 0x3F, 0x00, 0x1C, 0x0F, 0x00, 0x0E, 0x03, 0x00, 0x07, 0x00, 0x00,
    0x03, 0x80, 0x00, 0x7F, 0xC7, 0xFE, 0x7F, 0xE3, 0xFF, 0x78, 0xF0, 0x07, 0x38, 0x38, 0x07, 0xB8,
    0x1C, 0x07, 0x9C, 0x0E, 0x03, 0x8E, 0x07, 0x03, 0xC7, 0x03, 0x81, 0xC3, 0x81, 0xC1, 0xC1, 0xC0,
    0xE1, 0xE0, 0x70, 0x70, 0xE0, 0x3C, 0x38, 0xF0, 0x0F, 0xFC, 0x7F, 0xE1, 0xFE, 0x3F, 0xF0, 0xE0,
    0x00, 0x1F, 0x80, 0x00, 0x7E, 0x00, 0x01, 0xF8, 0x00, 0x07, 0xE0, 0x00, 0x1F, 0x80, 0x00, 0x7E,
    0x00, 0x01, 0xF8, 0x00, 0x07, 0xE0, 0x00, 0x1F, 0x80, 0x00, 0x7E, 0x00, 0x01, 0xF8, 0x00, 0x07,
    0xE0, 0x00, 0x1F, 0x80, 0x00, 0x7E, 0x00, 0x01, 0xF8, 0x03, 0x0E, 0xFF, 0xEF, 0xFB, 0xFF, 0x9F,
    0x80, 0x00, 0x07, 0x00, 0x07, 0xE0, 0x07, 0xE0, 0x07, 0xE0, 0x00, 0xE0, 0x00, 0xE0, 0x07, 0xE0,
    0x07, 0xE0, 0x07, 0xE0, 0x07, 0xE0, 0x07, 0xE0, 0x07, 0xE0, 0x07, 0xE0, 0x07, 0xE0, 0x07, 0xE0,
    0x07, 0xE0, 0x07, 0xE0, 0x07, 0xFF, 0xE7, 0xFF, 0xE7, 0x00, 0x07, 0x00, 0x07, 0x00, 0x0F, 0x00,
    0x3E, 0x00, 0x3C, 0x20, 0x38, 0x7E, 0x1F, 0x87, 0xE1, 0xF8, 0x0E, 0x03, 0x87, 0xE1, 0xF8, 0x7E,
    0x1F, 0x87, 0xE1, 0xF8, 0x7E, 0x1F, 0x87, 0xE1, 0xF8, 0x7F, 0x9D, 0xE7, 0x39, 0xC0, 0x70, 0x1C,
    0x0F, 0x0F, 0x83, 0xC0, 0xE0, 0x1C, 0x00, 0xFE, 0x03, 0x80, 0x1F, 0xC0, 0x70, 0x03, 0xFC, 0x0E,
    0x00, 0x7F, 0xC1, 0xC0, 0x0F, 0xFC, 0x38, 0x01, 0xFB, 0x87, 0x00, 0x3F, 0x38, 0xE0, 0x07, 0xE7,
    0x9C, 0x00, 0xFC, 0x73, 0x80, 0x1F, 0x87, 0x70, 0x03, 0xF0, 0xFE, 0x00, 0x7E, 0x0F, 0xC0, 0x0F,
    0xC0, 0xF8, 0x01, 0xF8, 0x1F, 0x00, 0x3F, 0x01, 0xE3, 0x0E, 0xE0, 0x1C, 0x7F, 0xDC, 0x03, 0x8F,
    0xE0, 0x00, 0x00, 0x38, 0x00, 0x01, 0xF8, 0x07, 0x0F, 0xE0, 0x38, 0x7F, 0x81, 0xC0, 0x7C, 0x0E,
    0x03, 0xF0, 0x70, 0xFD, 0xC3, 0x87, 0xEF, 0x1C, 0x3F, 0x38, 0xE1, 0xF8, 0xE7, 0x0F, 0xC7, 0xB8,
    0x7E, 0x1D, 0xC3, 0xF0, 0x7E, 0x1F, 0x83, 0xF0, 0xFC, 0x0F, 0x87, 0xE0, 0x7C, 0x3F, 0x01, 0xE1,
    0xF8, 0x07, 0x0F, 0xC0, 0x38, 0x70, 0x00, 0x03, 0x80, 0x00, 0x1C, 0x00, 0x01, 0xE0, 0x00, 0x3E,
    0x00, 0x03, 0xE0, 0x00, 0x01, 0xC0, 0x00, 0x70, 0x00, 0x1C, 0x00, 0x07, 0x00, 0x00, 0x00, 0x00,
    0x0F, 0xF0, 0x1F, 0xFF, 0x07, 0xE1, 0xC1, 0xF8, 0x38, 0x7E, 0x0E, 0x1F, 0x83, 0x87, 0xE0, 0xE1,
    0xF8, 0x38, 0x7E, 0x0E, 0x1F, 0x83, 0x87, 0xE0, 0xE1, 0xF8, 0x38, 0x7E, 0x0E, 0x1F, 0x83, 0x87,
    0x00, 0x01, 0xC0, 0x00, 0x70, 0x00, 0x38, 0x00, 0x7E, 0x00, 0x1F, 0x00, 0x06, 0x30, 0x03, 0xB8,
    0x00, 0xF8, 0x00, 0x38, 0x00, 0x08, 0x00, 0x00, 0x00, 0x07, 0x00, 0x07, 0xC0, 0x03, 0xE0, 0x03,
    0xB8, 0x01, 0xDC, 0x00, 0xEE, 0x00, 0xE3, 0x80, 0x71, 0xC0, 0x38, 0xF0, 0x38, 0x38, 0x1C, 0x1C,
    0x1F, 0xFF, 0x0F, 0xFF, 0x87, 0x01, 0xC7, 0x00, 0x73, 0x80, 0x39, 0xC0, 0x1D, 0xE0, 0x0F, 0x10,
    0x83, 0xF0, 0x3C, 0x03, 0x00, 0x00, 0x00, 0x1F, 0xC3, 0xFE, 0x01, 0xC0, 0x1C, 0x03, 0x8F, 0xF7,
    0xFF, 0xE1, 0xF8, 0x3F, 0x07, 0xE0, 0xFE, 0x1D, 0xFF, 0x9F, 0xF0, 0xC7, 0xDD, 0xF1, 0xC1, 0x00,
    0x0E, 0x1C, 0x38, 0x70, 0xE1, 0xC3, 0x87, 0x0E, 0x1C, 0x38, 0x70, 0xE1, 0xC3, 0x87, 0x0E, 0x1C,
    0x01, 0x8D, 0xF1, 0xC1, 0x00, 0x00, 0x1C, 0x38, 0x70, 0xE1, 0xC3, 0x87, 0x0E, 0x1C, 0x38, 0x70,
    0xE1, 0xC3, 0x80, 0x04, 0x10, 0x03, 0xB8, 0x00, 0xF8, 0x00, 0x38, 0x00, 0x08, 0x00, 0x00, 0x00,
    0x1F, 0x80, 0x3F, 0xF8, 0x3C, 0x1E, 0x1C, 0x07, 0x1C, 0x01, 0xCE, 0x00, 0xEE, 0x00, 0x3F, 0x00,
    0x1F, 0x80, 0x0F, 0xC0, 0x07, 0xE0, 0x03, 0xF0, 0x01, 0xDC, 0x01, 0xCE, 0x00, 0xE7, 0x80, 0xF1,
    0xE0, 0xF0, 0x7F, 0xF0, 0x0F, 0xE0, 0x18, 0xC0, 0xEE, 0x03, 0xE0, 0x0E, 0x00, 0x20, 0x00, 0x00,
    0x3E, 0x07, 0xFC, 0x78, 0xF3, 0x83, 0xB8, 0x0F, 0xC0, 0x7E, 0x03, 0xF0, 0x1F, 0x80, 0xFC, 0x07,
    0x70, 0x73, 0xC7, 0x8F, 0xF8, 0x1F, 0x00, 0x18, 0x60, 0x3F, 0x00, 0x78, 0x00, 0xC0, 0x00, 0x00,
    0x00, 0x0E, 0x01, 0xF8, 0x07, 0xE0, 0x1F, 0x80, 0x7E, 0x01, 0xF8, 0x07, 0xE0, 0x1F, 0x80, 0x7E,
    0x01, 0xF8, 0x07, 0xE0, 0x1F, 0x80, 0x7E, 0x01, 0xF8, 0x07, 0x70, 0x39, 0xE1, 0xE3, 0xFF, 0x03,
    0xF0, 0x00, 0x06, 0x30, 0x7C, 0x07, 0x00, 0x40, 0x00, 0x00, 0x07, 0x07, 0xE0, 0xFC, 0x1F, 0x83,
    0xF0, 0x7E, 0x0F, 0xC1, 0xF8, 0x3F, 0x07, 0xE0, 0xFC, 0x1D, 0xC3, 0xBF, 0xF1, 0xFE, 0x0F, 0xC0,
    0x3F, 0x00, 0x00, 0x00, 0x00, 0x1C, 0xE0, 0x73, 0x80, 0x00, 0x00, 0x00, 0xE0, 0x1F, 0x80, 0x7E,
    0x01, 0xF8, 0x07, 0xE0, 0x1F, 0x80, 0x7E, 0x01, 0xF8, 0x07, 0xE0, 0x1F, 0x80, 0x7E, 0x01, 0xF8,
    0x07, 0xE0, 0x1F, 0x80, 0x77, 0x03, 0x9E, 0x1E, 0x3F, 0xF0, 0x3F, 0x00, 0x3F, 0x07, 0xE0, 0x00,
    0x00, 0x07, 0x38, 0xE7, 0x00, 0x00, 0x00, 0xE0, 0xFC, 0x1F, 0x83, 0xF0, 0x7E, 0x0F, 0xC1, 0xF8,
    0x3F, 0x07, 0xE0, 0xFC, 0x1F, 0x83, 0xB8, 0x77, 0xFE, 0x3F, 0xC0, 0x00, 0x80, 0x07, 0x00, 0x38,
    0x0E, 0xDC, 0x38, 0x70, 0x00, 0x00, 0x00, 0x38, 0x07, 0xE0, 0x1F, 0x80, 0x7E, 0x01, 0xF8, 0x07,
    0xE0, 0x1F, 0x80, 0x7E, 0x01, 0xF8, 0x07, 0xE0, 0x1F, 0x80, 0x7E, 0x01, 0xF8, 0x07, 0xE0, 0x1D,
    0xC0, 0xE7, 0x87, 0x8F, 0xFC, 0x0F, 0xC0, 0x03, 0x00, 0x60, 0x18, 0x07, 0x07, 0x5C, 0xE3, 0x80,
    0x00, 0x00, 0xE0, 0xFC, 0x1F, 0x83, 0xF0, 0x7E, 0x0F, 0xC1, 0xF8, 0x3F, 0x07, 0xE0, 0xFC, 0x1F,
    0x83, 0xB8, 0x77, 0xFE, 0x3F, 0xC0, 0x08, 0x00, 0x37, 0x00, 0x78, 0x0E, 0x1C, 0x38, 0x70, 0x00,
    0x00, 0x00, 0x38, 0x07, 0xE0, 0x1F, 0x80, 0x7E, 0x01, 0xF8, 0x07, 0xE0, 0x1F, 0x80, 0x7E, 0x01,
    0xF8, 0x07, 0xE0, 0x1F, 0x80, 0x7E, 0x01, 0xF8, 0x07, 0xE0, 0x1D, 0xC0, 0xE7, 0x87, 0x8F, 0xFC,
    0x0F, 0xC0, 0x00, 0x07, 0x70, 0x7C, 0x07, 0x07, 0x1C, 0xE3, 0x80, 0x00, 0x00, 0xE0, 0xFC, 0x1F,
    0x83, 0xF0, 0x7E, 0x0F, 0xC1, 0xF8, 0x3F, 0x07, 0xE0, 0xFC, 0x1F, 0x83, 0xB8, 0x77, 0xFE, 0x3F,
    0xC0, 0x04, 0x00, 0x38, 0x00, 0x70, 0x0E, 0xDC, 0x38, 0x70, 0x00, 0x00, 0x00, 0x38, 0x07, 0xE0,
    0x1F, 0x80, 0x7E, 0x01, 0xF8, 0x07, 0xE0, 0x1F, 0x80, 0x7E, 0x01, 0xF8, 0x07, 0xE0, 0x1F, 0x80,
    0x7E, 0x01, 0xF8, 0x07, 0xE0, 0x1D, 0xC0, 0xE7, 0x87, 0x8F, 0xFC, 0x0F, 0xC0, 0x18, 0x07, 0x00,
    0x70, 0x07, 0x07, 0x5C, 0xE3, 0x80, 0x00, 0x00, 0xE0, 0xFC, 0x1F, 0x83, 0xF0, 0x7E, 0x0F, 0xC1,
    0xF8, 0x3F, 0x07, 0xE0, 0xFC, 0x1F, 0x83, 0xB8, 0x77, 0xFE, 0x3F, 0xC0, 0x7F, 0x07, 0xFC, 0x41,
    0xE0, 0x0E, 0x00, 0xF0, 0x07, 0xFF, 0xFF, 0xFF, 0xE0, 0x7E, 0x0F, 0xF0, 0xE7, 0x1E, 0x3F, 0xC1,
    0xF0, 0x07, 0xE0, 0x03, 0xF0, 0x00, 0x00, 0x01, 0xCE, 0x00, 0xE7, 0x00, 0x00, 0x00, 0x00, 0x00,
    0x07, 0x80, 0x03, 0xC0, 0x03, 0xF0, 0x01, 0xF8, 0x00, 0xFC, 0x00, 0xE7, 0x00, 0x73, 0x80, 0x71,
    0xE0, 0x38, 0x70, 0x1C, 0x38, 0x1C, 0x0E, 0x0F, 0xFF, 0x0F, 0xFF, 0xC7, 0x00, 0xE3, 0x80, 0x73,
    0xC0, 0x3D, 0xC0, 0x0E, 0xE0, 0x07, 0x00, 0x1F, 0x83, 0xF0, 0x00, 0x00, 0x03, 0x9C, 0x73, 0x80,
    0x00, 0x00, 0x7F, 0x07, 0xF8, 0x07, 0x00, 0x70, 0x0E, 0x3F, 0xDF, 0xFF, 0x87, 0xE0, 0xFC, 0x1F,
    0x83, 0xF8, 0x77, 0xFE, 0x7F, 0xC0, 0x07, 0xE0, 0x07, 0xE0, 0x00, 0x00, 0x01, 0xC0, 0x01, 0xC0,
    0x00, 0x00, 0x00, 0x00, 0x01, 0xC0, 0x03, 0xE0, 0x03, 0xE0, 0x07, 0xE0, 0x07, 0xF0, 0x06, 0x70,
    0x0E, 0x70, 0x0E, 0x38, 0x1C, 0x38, 0x1C, 0x3C, 0x1C, 0x1C, 0x3F, 0xFC, 0x3F, 0xFE, 0x70, 0x0E,
    0x70, 0x0E, 0x70, 0x0E, 0xF0, 0x0F, 0xE0, 0x07, 0x1F, 0x83, 0xF0, 0x00, 0x00, 0x00, 0xE0, 0x1C,
    0x00, 0x00, 0x00, 0x3F, 0x07, 0xF8, 0x07, 0x00, 0x70, 0x0E, 0x3F, 0xDF, 0xFF, 0x87, 0xE0, 0xFC,
    0x1F, 0x83, 0xF8, 0x77, 0xFE, 0x7F, 0xC0, 0x00, 0x1F, 0xE0, 0x00, 0x1F, 0xE0, 0x00, 0x00, 0x00,
    0x00, 0x00, 0x00, 0x00, 0x00, 0x00, 0x00, 0x3F, 0xFE, 0x00, 0x3F, 0xFE, 0x00, 0x7E, 0x00, 0x00,
    0x6E, 0x00, 0x00, 0xEE, 0x00, 0x01, 0xCE, 0x00, 0x01, 0xCE, 0x00, 0x03, 0x8E, 0x00, 0x07, 0x8F,
    0xFC, 0x07, 0x0F, 0xFC, 0x0F, 0x0E, 0x00, 0x0F, 0xFE, 0x00, 0x1F, 0xFE, 0x00, 0x1C, 0x0E, 0x00,
    0x38, 0x0E, 0x00, 0x38, 0x0E, 0x00, 0x70, 0x0F, 0xFF, 0xF0, 0x0F, 0xFF, 0x03, 0xFC, 0x00, 0x7F,
    0x80, 0x00, 0x00, 0x00, 0x00, 0x00, 0x00, 0x00, 0xFF, 0x3E, 0x1F, 0xFF, 0xE0, 0x0F, 0xCE, 0x00,
    0xF0, 0xE0, 0x1E, 0x1C, 0x03, 0x83, 0x8F, 0xFF, 0xF7, 0xFF, 0xFF, 0xE1, 0xC0, 0x38, 0x3C, 0x07,
    0x03, 0x80, 0xF0, 0x78, 0x4F, 0xFF, 0xF8, 0xFE, 0x7F, 0x00, 0x07, 0xF8, 0x1F, 0xFC, 0x3C, 0x18,
    0x38, 0x00, 0x70, 0x00, 0x70, 0x00, 0xE0, 0x00, 0xE0, 0x00, 0xE0, 0x1C, 0xE0, 0x1C, 0xE0, 0xFF,
    0xE0, 0xFF, 0xF0, 0x1C, 0x70, 0x1C, 0x78, 0x1C, 0x3C, 0x1C, 0x1F, 0xFC, 0x07, 0xF8, 0x0F, 0xF1,
    0xFF, 0x9E, 0x1C, 0xE0, 0xEE, 0x07, 0x70, 0x3B, 0x8F, 0xFC, 0x7F, 0xE0, 0x77, 0x83, 0x9E, 0x1C,
    0x7F, 0xE1, 0xFF, 0x00, 0x38, 0x01, 0xC0, 0x1E, 0x40, 0xE3, 0xFE, 0x1F, 0xE0, 0x04, 0x20, 0x39,
    0xC0, 0x3E, 0x00, 0x70, 0x00, 0x80, 0x00, 0x00, 0x7F, 0x87, 0xFF, 0x3C, 0x18, 0xE0, 0x07, 0x00,
    0x1C, 0x00, 0xE0, 0x03, 0x80, 0x0E, 0x00, 0x38, 0x07, 0xE0, 0x1F, 0x80, 0x7F, 0x01, 0xDC, 0x07,
    0x78, 0x1C, 0xF0, 0x71, 0xFF, 0xC1, 0xFE, 0x18, 0xC1, 0xDC, 0x0F, 0x80, 0x70, 0x02, 0x00, 0x00,
    0x0F, 0xF3, 0xFF, 0x78, 0x77, 0x07, 0xE0, 0x7E, 0x07, 0xE0, 0x7E, 0x07, 0xE0, 0x7F, 0x07, 0x78,
    0xF3, 0xFF, 0x1F, 0xF0, 0x07, 0x00, 0x70, 0x0F, 0x40, 0xE7, 0xFC, 0x7F, 0x80, 0x18, 0x80, 0x7E,
    0x00, 0xF0, 0x01, 0x80, 0x00, 0x00, 0x00, 0x0E, 0x07, 0xB8, 0x3C, 0xE1, 0xE3, 0x87, 0x0E, 0x3C,
    0x39, 0xE0, 0xEF, 0x03, 0xF8, 0x0F, 0xC0, 0x3F, 0x80, 0xEF, 0x03, 0x9E, 0x0E, 0x3C, 0x38, 0x78,
    0xE0, 0xF3, 0x83, 0xCE, 0x07, 0xB8, 0x0F, 0x66, 0x03, 0xF0, 0x0E, 0x00, 0x00, 0x01, 0x00, 0x38,
    0x01, 0xC0, 0x0E, 0x00, 0x70, 0x03, 0x80, 0x1C, 0x00, 0xE1, 0xE7, 0x1E, 0x38, 0xE1, 0xCE, 0x0E,
    0xE0, 0x7E, 0x03, 0xF0, 0x1F, 0xC0, 0xEF, 0x07, 0x3C, 0x38, 0xE1, 0xC7, 0x8E, 0x1E, 0x70, 0x70,
    0x07, 0xF0, 0x0F, 0xFC, 0x0F, 0x07, 0x87, 0x01, 0xC7, 0x00, 0x73, 0x80, 0x3B, 0x80, 0x0F, 0xC0,
    0x07, 0xE0, 0x03, 0xF0, 0x01, 0xF8, 0x00, 0xFC, 0x00, 0x77, 0x00, 0x7B, 0x80, 0x38, 0xE0, 0x3C,
    0x78, 0x3C, 0x1F, 0xFC, 0x01, 0xFC, 0x00, 0x38, 0x00, 0x38, 0x00, 0x1C, 0x00, 0x0F, 0x80, 0x03,
    0xC0, 0x0F, 0x81, 0xFF, 0x1E, 0x3C, 0xE0, 0xEE, 0x03, 0xF0, 0x1F, 0x80, 0xFC, 0x07, 0xE0, 0x3F,
    0x83, 0xDC, 0x1C, 0xFF, 0xE3, 0xFE, 0x07, 0xE0, 0x1C, 0x01, 0xC0, 0x0E, 0x00, 0x7C, 0x01, 0xF0,
    0x0F, 0xF0, 0x07, 0xF8, 0x00, 0x00, 0x00, 0x00, 0x00, 0x00, 0x00, 0x3F, 0x80, 0x7F, 0xE0, 0x78,
    0x3C, 0x38, 0x0E, 0x38, 0x03, 0x9C, 0x01, 0xDC, 0x00, 0x7E, 0x00, 0x3F, 0x00, 0x1F, 0x80, 0x0F,
    0xC0, 0x07, 0xE0, 0x03, 0xB8, 0x03, 0xDC, 0x01, 0xC7, 0x01, 0xE3, 0xC1, 0xE0, 0xFF, 0xE0, 0x0F,
    0xE0, 0x01, 0xC0, 0x01, 0xC0, 0x00, 0xE0, 0x00, 0x7C, 0x00, 0x1E, 0x00, 0x3F, 0xC1, 0xFE, 0x00,
    0x00, 0x00, 0x00, 0x00, 0x07, 0xC0, 0xFF, 0x8F, 0x1E, 0x70, 0x77, 0x01, 0xF8, 0x0F, 0xC0, 0x7E,
    0x03, 0xF0, 0x1F, 0xC1, 0xEE, 0x0E, 0x7F, 0xF1, 0xFF, 0x03, 0xF0, 0x0E, 0x00, 0xE0, 0x07, 0x00,
    0x3E, 0x00, 0xF8, 0x08, 0xC0, 0x7E, 0x01, 0xE0, 0x06, 0x00, 0x00, 0x00, 0x01, 0xFF, 0xEF, 0xFF,
    0x00, 0xF0, 0x07, 0x00, 0x78, 0x07, 0x80, 0x78, 0x07, 0xC0, 0x3F, 0x81, 0xFE, 0x00, 0x78, 0x01,
    0xC0, 0x0E, 0x00, 0x70, 0x03, 0xB0, 0x7B, 0xFF, 0x87, 0xF0, 0x10, 0x01, 0x9C, 0x1F, 0x80, 0xF0,
    0x06, 0x00, 0x00, 0x00, 0x07, 0xFE, 0x7F, 0xE0, 0x1C, 0x01, 0xC0, 0x38, 0x07, 0x80, 0x70, 0x0E,
    0x00, 0xFC, 0x0F, 0xE0, 0x1E, 0x00, 0xF0, 0x07, 0x00, 0x70, 0x07, 0x00, 0xF4, 0x1E, 0x7F, 0xC7,
    0xF0, 0x00, 0x18, 0xC7, 0xC1, 0xC0, 0x40, 0x00, 0x00, 0x1C, 0x0E, 0x07, 0x03, 0x81, 0xC0, 0xE0,
    0x70, 0x38, 0x1C, 0x0E, 0x07, 0x03, 0x81, 0xC0, 0xE0, 0x70, 0x38, 0x3C, 0x7C, 0x7C, 0x00, 0xFF,
    0x80, 0x7F, 0xFF, 0xFF, 0x03, 0xFF, 0xF8, 0x3E, 0x00, 0x1D, 0xC0, 0x70, 0x01, 0xEE, 0x01, 0xC0,
    0x1E, 0x70, 0x0E, 0x00, 0xE3, 0x80, 0x38, 0x0F, 0x1C, 0x01, 0xC0, 0xF0, 0xE0, 0x0E, 0x07, 0x07,
    0x00, 0x70, 0x78, 0x38, 0x03, 0x87, 0x81, 0xC0, 0x1C, 0x3C, 0x0E, 0x01, 0xC3, 0xC0, 0x70, 0x0E,
    0x1E, 0x03, 0x80, 0xE1, 0xE0, 0x1C, 0x1F, 0x1F, 0x00, 0xFF, 0xE0, 0xFF, 0xFF, 0xFC, 0x07, 0xFF,
    0xC0, 0xFF, 0x80, 0x00, 0x1F, 0xFC, 0x00, 0x03, 0x83, 0xE0, 0x00, 0x70, 0x1C, 0x00, 0x0E, 0x01,
    0xC7, 0xFF, 0xC0, 0x38, 0xFF, 0xF8, 0x03, 0x80, 0x77, 0x00, 0x70, 0x1E, 0xE0, 0x0E, 0x07, 0x9C,
    0x01, 0xC0, 0xE3, 0x80, 0x38, 0x3C, 0x70, 0x07, 0x07, 0x0E, 0x01, 0xC1, 0xC1, 0xC0, 0x38, 0x78,
    0x38, 0x0E, 0x0E, 0x07, 0x07, 0xC3, 0xC0, 0xFF, 0xE0, 0x7F, 0xFF, 0xF0, 0x0F, 0xFC, 0x00, 0x70,
    0x00, 0x00, 0x38, 0x00, 0x00, 0x1C, 0x00, 0x00, 0x0E, 0x00, 0x00, 0x07, 0x00, 0x00, 0x03, 0x80,
    0x00, 0x7F, 0xC7, 0xFE, 0x7F, 0xE3, 0xFF, 0x78, 0xF0, 0x07, 0x38, 0x38, 0x07, 0xB8, 0x1C, 0x07,
    0x9C, 0x0E, 0x03, 0x8E, 0x07, 0x03, 0xC7, 0x03, 0x81, 0xC3, 0x81, 0xC1, 0xC1, 0xC0, 0xE1, 0xE0,
    0x70, 0x70, 0xE0, 0x3C, 0x38, 0xF0, 0x0F, 0xFC, 0x7F, 0xE1, 0xFE, 0x3F, 0xF0, 0x00, 0x00, 0x01,
    0x80, 0x0E, 0x00, 0x70, 0x03, 0x80, 0x04, 0x00, 0x00, 0x01, 0xFE, 0x1F, 0xFC, 0xF0, 0x63, 0x80,
    0x1C, 0x00, 0x70, 0x03, 0x80, 0x0E, 0x00, 0x38, 0x00, 0xE0, 0x1F, 0x80, 0x7E, 0x01, 0xFC, 0x07,
    0x70, 0x1D, 0xE0, 0x73, 0xC1, 0xC7, 0xFF, 0x07, 0xF8, 0x00, 0x80, 0x1C, 0x03, 0xC0, 0x78, 0x07,
    0x00, 0x20, 0x00, 0x00, 0xFF, 0x3F, 0xF7, 0x87, 0x70, 0x7E, 0x07, 0xE0, 0x7E, 0x07, 0xE0, 0x7E,
    0x07, 0xF0, 0x77, 0x8F, 0x3F, 0xF1, 0xFF, 0x00, 0x70, 0x07, 0x00, 0xF4, 0x0E, 0x7F, 0xC7, 0xF8,
    0xE0, 0x1C, 0x01, 0xC0, 0x38, 0x03, 0x80, 0x70, 0x07, 0x00, 0xE0, 0x0E, 0x01, 0xC0, 0xFC, 0x03,
    0x81, 0xF8, 0x07, 0x03, 0xFF, 0xFE, 0x07, 0xFF, 0xFC, 0x0F, 0xC0, 0x38, 0x1F, 0x80, 0x70, 0x3F,
    0x00, 0xE0, 0x7E, 0x01, 0xC0, 0xFC, 0x03, 0x81, 0xF8, 0x07, 0x03, 0xF0, 0x07, 0x0E, 0xE0, 0x07,
    0xF9, 0xC0, 0x07, 0xE0, 0x3F, 0x87, 0xFF, 0x38, 0x3D, 0xC0, 0xEE, 0x03, 0xF0, 0x1F, 0x80, 0xFC,
    0x07, 0xE0, 0x3F, 0x03, 0xF8, 0x1D, 0xC1, 0xEE, 0x1E, 0x73, 0xE3, 0xBE, 0x1F, 0xE0, 0xFC, 0x07,
    0x80, 0x38, 0x01, 0xC0, 0x0E, 0x00, 0x70, 0x03, 0x80, 0x00, 0x0C, 0x00, 0x78, 0x00, 0xE0, 0x01,
    0xC0, 0x03, 0x80, 0x04, 0x00, 0x00, 0x38, 0x07, 0xF0, 0x1F, 0xE0, 0x7F, 0x81, 0xFF, 0x07, 0xFE,
    0x1F, 0xB8, 0x7E, 0x71, 0xF9, 0xE7, 0xE3, 0x9F, 0x87, 0x7E, 0x1F, 0xF8, 0x3F, 0xE0, 0x7F, 0x81,
    0xFE, 0x03, 0xF8, 0x07, 0xE0, 0x1C, 0x10, 0x07, 0x00, 0x70, 0x07, 0x00, 0x60, 0x00, 0x00, 0x07,
    0xF8, 0xFF, 0xDC, 0x3B, 0x83, 0xF0, 0x7E, 0x0F, 0xC1, 0xF8, 0x3F, 0x07, 0xE0, 0xFC, 0x1F, 0x83,
    0xF0, 0x7E, 0x0E, 0x00, 0x00, 0x00, 0x70, 0x00, 0xF0, 0x00, 0x60, 0x00, 0x1C, 0x00, 0x11, 0x00,
    0x08, 0x80, 0x07, 0xC0, 0x03, 0xE0, 0x01, 0xF0, 0x00, 0xDC, 0x00, 0xEE, 0x00, 0x77, 0x00, 0x71,
    0xC0, 0x38, 0xE0, 0x38, 0x78, 0x1C, 0x1C, 0x0E, 0x0E, 0x0F, 0xFF, 0x87, 0xFF, 0xC3, 0x80, 0xE3,
    0x80, 0x39, 0xC0, 0x1C, 0xE0, 0x0E, 0xF0, 0x07, 0x80, 0x01, 0x00, 0xE0, 0x38, 0x04, 0x00, 0x60,
    0x12, 0x02, 0x40, 0x30, 0x00, 0x00, 0x01, 0xFC, 0x3F, 0xE0, 0x1C, 0x01, 0xC0, 0x38, 0xFF, 0x7F,
    0xFE, 0x1F, 0x83, 0xF0, 0x7E, 0x0F, 0xE1, 0xDF, 0xF9, 0xFF, 0x00, 0x00, 0x80, 0x00, 0x03, 0x80,
    0x00, 0x0E, 0x00, 0x00, 0x38, 0x00, 0x00, 0x60, 0x00, 0x00, 0x00, 0x00, 0x00, 0x00, 0x00, 0x1F,
    0xFF, 0x00, 0x3F, 0xFE, 0x00, 0xFC, 0x00, 0x03, 0xB8, 0x00, 0x07, 0x70, 0x00, 0x1C, 0xE0, 0x00,
    0x39, 0xC0, 0x00, 0xE3, 0x80, 0x03, 0x87, 0xFE, 0x07, 0x0F, 0xFC, 0x1C, 0x1C, 0x00, 0x3F, 0xF8,
    0x00, 0xFF, 0xF0, 0x01, 0xC0, 0xE0, 0x07, 0x01, 0xC0, 0x1E, 0x03, 0x80, 0x38, 0x07, 0xFF, 0xF0,
    0x0F, 0xFE, 0x00, 0x10, 0x00, 0x07, 0x00, 0x01, 0xE0, 0x00, 0x78, 0x00, 0x0E, 0x00, 0x00, 0x80,
    0x00, 0x00, 0x03, 0xF8, 0xF8, 0x7F, 0xFF, 0x80, 0x3E, 0x38, 0x07, 0x83, 0x80, 0x70, 0x70, 0x0E,
    0x0E, 0x7F, 0xFF, 0xDF, 0xFF, 0xFF, 0x87, 0x00, 0xE0, 0xE0, 0x1C, 0x1C, 0x03, 0xC3, 0xC1, 0x3F,
    0xFF, 0xE3, 0xF1, 0xFC, 0x00, 0x20, 0x00, 0x18, 0x00, 0x1C, 0x00, 0x1C, 0x00, 0x1C, 0x00, 0x04,
    0x00, 0x00, 0x00, 0x07, 0xE6, 0x0F, 0xFF, 0x1E, 0x0F, 0x0E, 0x07, 0xCE, 0x07, 0xE7, 0x03, 0xFF,
    0x03, 0x9F, 0x83, 0x8F, 0xC3, 0x87, 0xE1, 0xC3, 0xF1, 0xC1, 0xF9, 0xC0, 0xFF, 0xC0, 0xE7, 0xE0,
    0x73, 0xE0, 0x70, 0xF0, 0x78, 0xFF, 0xF0, 0xE7, 0xE0, 0x00, 0x00, 0x00, 0x01, 0x80, 0x0E, 0x00,
    0xE0, 0x0E, 0x00, 0xE0, 0x02, 0x00, 0x00, 0x01, 0xFF, 0x3F, 0xF3, 0xC7, 0x9C, 0x3D, 0xC3, 0xFE,
    0x3B, 0xF1, 0x9F, 0x98, 0xFD, 0xC7, 0xFC, 0x3B, 0xC3, 0x9E, 0x3C, 0xFF, 0xCE, 0xF8, 0x00, 0x00,
    0x00, 0x00, 0x04, 0x60, 0x07, 0x38, 0x01, 0xCC, 0x00, 0x73, 0x00, 0x11, 0x00, 0x00, 0x00, 0x03,
    0x80, 0x03, 0xE0, 0x01, 0xF0, 0x01, 0xDC, 0x00, 0xEE, 0x00, 0x77, 0x00, 0x71, 0xC0, 0x38, 0xE0,
    0x1C, 0x78, 0x1C, 0x1C, 0x0E, 0x0E, 0x0F, 0xFF, 0x87, 0xFF, 0xC3, 0x80, 0xE3, 0x80, 0x39, 0xC0,
    0x1C, 0xE0, 0x0E, 0xF0, 0x07, 0x80, 0x02, 0x0C, 0xC3, 0x9C, 0x39, 0xC3, 0x98, 0x21, 0x00, 0x03,
    0xF8, 0x7F, 0xC0, 0x38, 0x03, 0x80, 0x71, 0xFE, 0xFF, 0xFC, 0x3F, 0x07, 0xE0, 0xFC, 0x1F, 0xC3,
    0xBF, 0xF3, 0xFE, 0x01, 0xE0, 0x01, 0xF8, 0x01, 0x8C, 0x00, 0xC6, 0x00, 0x00, 0x00, 0x00, 0x00,
    0x07, 0x80, 0x03, 0xC0, 0x03, 0xE0, 0x01, 0xF8, 0x01, 0xDC, 0x00, 0xE7, 0x00, 0x73, 0x80, 0x71,
    0xE0, 0x38, 0x70, 0x38, 0x38, 0x1C, 0x1E, 0x0F, 0xFF, 0x0F, 0xFF, 0x87, 0x00, 0xE3, 0x80, 0x73,
    0x80, 0x39, 0xC0, 0x1E, 0xE0, 0x07, 0x0F, 0x03, 0xF0, 0xE7, 0x18, 0x60, 0x00, 0x00, 0x1F, 0xC3,
    0xFE, 0x01, 0xC0, 0x1C, 0x03, 0x8F, 0xF7, 0xFF, 0xE1, 0xF8, 0x3F, 0x07, 0xE0, 0xFE, 0x1D, 0xFF,
    0x9F, 0xF0, 0x02, 0x06, 0x60, 0x67, 0x07, 0x38, 0x39, 0xC1, 0x08, 0x00, 0x0F, 0xFE, 0xFF, 0xEE,
    0x00, 0xE0, 0x0E, 0x00, 0xE0, 0x0E, 0x00, 0xE0, 0x0F, 0xFE, 0xFF, 0xEE, 0x00, 0xE0, 0x0E, 0x00,
    0xE0, 0x0E, 0x00, 0xE0, 0x0F, 0xFF, 0xFF, 0xF0, 0x00, 0x06, 0x30, 0x73, 0x03, 0x38, 0x19, 0xC1,
    0x08, 0x00, 0x00, 0xF8, 0x3F, 0xC7, 0x8E, 0x70, 0xEF, 0x07, 0xE0, 0x7F, 0xFF, 0xFF, 0xFE, 0x00,
    0xE0, 0x07, 0x00, 0x78, 0x23, 0xFE, 0x0F, 0xE0, 0x0F, 0x01, 0xF8, 0x31, 0x83, 0x18, 0x00, 0x00,
    0x00, 0xFF, 0xEF, 0xFE, 0xE0, 0x0E, 0x00, 0xE0, 0x0E, 0x00, 0xE0, 0x0E, 0x00, 0xFF, 0xEF, 0xFE,
    0xE0, 0x0E, 0x00, 0xE0, 0x0E, 0x00, 0xE0, 0x0E, 0x00, 0xFF, 0xFF, 0xFF, 0x07, 0x00, 0xF8, 0x18,
    0xC1, 0x8C, 0x00, 0x00, 0x00, 0x0F, 0x81, 0xFC, 0x38, 0xE7, 0x07, 0x70, 0x77, 0x07, 0xFF, 0xF7,
    0xFF, 0x70, 0x07, 0x00, 0x70, 0x03, 0x82, 0x1F, 0xE0, 0xFE, 0x40, 0x63, 0x39, 0xCE, 0x63, 0x38,
    0x88, 0x00, 0x1C, 0x0E, 0x07, 0x03, 0x81, 0xC0, 0xE0, 0x70, 0x38, 0x1C, 0x0E, 0x07, 0x03, 0x81,
    0xC0, 0xE0, 0x70, 0x38, 0x1C, 0x0E, 0x00, 0x02, 0x19, 0xC7, 0x30, 0xE6, 0x19, 0xC0, 0x00, 0x00,
    0x1C, 0x07, 0x01, 0xC0, 0x70, 0x1C, 0x07, 0x01, 0xC0, 0x70, 0x1C, 0x07, 0x01, 0xC0, 0x70, 0x1C,
    0x07, 0x00, 0x3C, 0x7E, 0xC6, 0xC6, 0x00, 0x00, 0x38, 0x38, 0x38, 0x38, 0x38, 0x38, 0x38, 0x38,
    0x38, 0x38, 0x38, 0x38, 0x38, 0x38, 0x38, 0x38, 0x38, 0x38, 0x3C, 0x7E, 0xC6, 0xC2, 0x00, 0x00,
    0x1C, 0x1C, 0x1C, 0x1C, 0x1C, 0x1C, 0x1C, 0x1C, 0x1C, 0x1C, 0x1C, 0x1C, 0x1C, 0x1C, 0x18, 0xC0,
    0x1C, 0xE0, 0x07, 0x38, 0x01, 0xCE, 0x00, 0x63, 0x00, 0x00, 0x00, 0x1F, 0x80, 0x3F, 0xF8, 0x3C,
    0x1E, 0x1C, 0x07, 0x1C, 0x01, 0xCE, 0x00, 0xEE, 0x00, 0x3F, 0x00, 0x1F, 0x80, 0x0F, 0xC0, 0x07,
    0xE0, 0x03, 0xF0, 0x01, 0xDC, 0x01, 0xCE, 0x00, 0xE7, 0x80, 0xF1, 0xE0, 0xF0, 0x7F, 0xF0, 0x0F,
    0xE0, 0x00, 0x03, 0x18, 0x1C, 0xE0, 0x73, 0x81, 0x8C, 0x00, 0x00, 0x00, 0x01, 0xF0, 0x3F, 0xE3,
    0xC7, 0x9C, 0x1D, 0xC0, 0x7E, 0x03, 0xF0, 0x1F, 0x80, 0xFC, 0x07, 0xE0, 0x3B, 0x83, 0x9E, 0x3C,
    0x7F, 0xC0, 0xF8, 0x00, 0x01, 0xE0, 0x01, 0xF8, 0x01, 0xCC, 0x00, 0xC6, 0x00, 0x00, 0x00, 0x00,
    0x00, 0x1F, 0x80, 0x3F, 0xF8, 0x3C, 0x1E, 0x1C, 0x07, 0x1C, 0x01, 0xCE, 0x00, 0xEE, 0x00, 0x3F,
    0x00, 0x1F, 0x80, 0x0F, 0xC0, 0x07, 0xE0, 0x03, 0xF0, 0x01, 0xDC, 0x01, 0xCE, 0x00, 0xE7, 0x80,
    0xF1, 0xE0, 0xF0, 0x7F, 0xF0, 0x0F, 0xE0, 0x07, 0x80, 0x7E, 0x06, 0x30, 0x31, 0x80, 0x00, 0x00,
    0x00, 0x3E, 0x07, 0xFC, 0x78, 0xF3, 0x83, 0xB8, 0x0F, 0xC0, 0x7E, 0x03, 0xF0, 0x1F, 0x80, 0xFC,
    0x07, 0x70, 0x73, 0xC7, 0x8F, 0xF8, 0x1F, 0x00, 0x00, 0x02, 0x30, 0x39, 0xC0, 0xE6, 0x03, 0x38,
    0x08, 0x80, 0x00, 0x1F, 0xE0, 0xFF, 0xC7, 0x0F, 0x38, 0x3D, 0xC0, 0xEE, 0x07, 0x70, 0x3B, 0x81,
    0xDC, 0x3C, 0xFF, 0xC7, 0xFC, 0x38, 0xF1, 0xC3, 0x8E, 0x1E, 0x70, 0x73, 0x83, 0xDC, 0x0E, 0xE0,
    0x78, 0x02, 0x19, 0x86, 0x71, 0xCE, 0x39, 0x84, 0x00, 0x00, 0x7F, 0x3F, 0xCE, 0x03, 0x80, 0xE0,
    0x38, 0x0E, 0x03, 0x80, 0xE0, 0x38, 0x0E, 0x03, 0x80, 0xE0, 0x38, 0x00, 0x0E, 0x00, 0xF8, 0x0C,
    0x60, 0x63, 0x00, 0x00, 0x00, 0x03, 0xFC, 0x1F, 0xF8, 0xE1, 0xE7, 0x07, 0xB8, 0x1D, 0xC0, 0xEE,
    0x07, 0x70, 0x3B, 0x87, 0x9F, 0xF8, 0xFF, 0x87, 0x1E, 0x38, 0x71, 0xC3, 0xCE, 0x0E, 0x70, 0x7B,
    0x81, 0xDC, 0x0F, 0x3C, 0x7E, 0xE6, 0xC6, 0x00, 0x00, 0x7F, 0xFE, 0xE0, 0xE0, 0xE0, 0xE0, 0xE0,
    0xE0, 0xE0, 0xE0, 0xE0, 0xE0, 0xE0, 0xE0, 0x01, 0x00, 0xCC, 0x07, 0x38, 0x0E, 0x70, 0x1C, 0xE0,
    0x21, 0x00, 0x00, 0x38, 0x07, 0xE0, 0x1F, 0x80, 0x7E, 0x01, 0xF8, 0x07, 0xE0, 0x1F, 0x80, 0x7E,
    0x01, 0xF8, 0x07, 0xE0, 0x1F, 0x80, 0x7E, 0x01, 0xF8, 0x07, 0xE0, 0x1D, 0xC0, 0xE7, 0x87, 0x8F,
    0xFC, 0x0F, 0xC0, 0x42, 0x1C, 0xC1, 0x9C, 0x39, 0xC3, 0x98, 0x00, 0x00, 0x07, 0x07, 0xE0, 0xFC,
    0x1F, 0x83, 0xF0, 0x7E, 0x0F, 0xC1, 0xF8, 0x3F, 0x07, 0xE0, 0xFC, 0x1D, 0xC3, 0xBF, 0xF1, 0xFE,
    0x07, 0x80, 0x3F, 0x01, 0xCE, 0x06, 0x18, 0x00, 0x00, 0x00, 0x0E, 0x01, 0xF8, 0x07, 0xE0, 0x1F,
    0x80, 0x7E, 0x01, 0xF8, 0x07, 0xE0, 0x1F, 0x80, 0x7E, 0x01, 0xF8, 0x07, 0xE0, 0x1F, 0x80, 0x7E,
    0x01, 0xF8, 0x07, 0x70, 0x39, 0xE1, 0xE3, 0xFF, 0x03, 0xF0, 0x0F, 0x03, 0xF0, 0xC6, 0x18, 0xC0,
    0x00, 0x00, 0x38, 0x3F, 0x07, 0xE0, 0xFC, 0x1F, 0x83, 0xF0, 0x7E, 0x0F, 0xC1, 0xF8, 0x3F, 0x07,
    0xE0, 0xEE, 0x1D, 0xFF, 0x8F, 0xF0, 0x1F, 0xC3, 0xFE, 0x70, 0x6E, 0x00, 0xE0, 0x0F, 0x00, 0xF8,
    0x07, 0xF0, 0x7F, 0xC1, 0xFE, 0x07, 0xF0, 0x0F, 0x00, 0x70, 0x07, 0x00, 0x7C, 0x0E, 0xFF, 0xE7,
    0xF8, 0x00, 0x00, 0xE0, 0x0E, 0x01, 0xE0, 0x1C, 0x00, 0x3F, 0x3F, 0xB8, 0x5C, 0x0F, 0x07, 0xC1,
    0xF8, 0x7E, 0x0F, 0x83, 0xC0, 0xF0, 0x7F, 0xF7, 0xF0, 0x00, 0x38, 0x1C, 0x1E, 0x0E, 0x00, 0xFF,
    0xFF, 0xFF, 0xF0, 0x70, 0x01, 0xC0, 0x07, 0x00, 0x1C, 0x00, 0x70, 0x01, 0xC0, 0x07, 0x00, 0x1C,
    0x00, 0x70, 0x01, 0xC0, 0x07, 0x00, 0x1C, 0x00, 0x70, 0x01, 0xC0, 0x07, 0x00, 0x1C, 0x00, 0x00,
    0x01, 0xC0, 0x07, 0x00, 0x3C, 0x00, 0xE0, 0x00, 0xE0, 0xE0, 0xE0, 0xE0, 0xFF, 0xFF, 0xE0, 0xE0,
    0xE0, 0xE0, 0xE0, 0xE0, 0xE0, 0xE0, 0xE0, 0xF1, 0x7F, 0x3F, 0x00, 0x1C, 0x1C, 0x7C, 0x78, 0x7F,
    0x0F, 0xF8, 0x41, 0xC0, 0x0E, 0x00, 0xE0, 0x0E, 0x00, 0xE0, 0x1E, 0x03, 0xC3, 0xF8, 0x3F, 0xC0,
    0x3E, 0x00, 0xE0, 0x07, 0x00, 0x70, 0x07, 0x00, 0x70, 0x07, 0x00, 0xE0, 0x1E, 0x03, 0xCF, 0xF8,
    0xFC, 0x00, 0x7E, 0x0F, 0xF1, 0x0E, 0x00, 0xE0, 0x1C, 0x03, 0x80, 0x70, 0x3C, 0x1F, 0x03, 0xF0,
    0x0F, 0x00, 0x70, 0x0E, 0x01, 0xC0, 0x38, 0x0E, 0x07, 0xDF, 0xE3, 0xE0, 0x00, 0x08, 0x40, 0x3F,
    0x00, 0x78, 0x00, 0xC0, 0x00, 0x00, 0x00, 0x0E, 0x01, 0xF8, 0x07, 0xE0, 0x1F, 0x80, 0x7E, 0x01,
    0xF8, 0x07, 0xE0, 0x1F, 0x80, 0x7F, 0xFF, 0xFF, 0xFF, 0xE0, 0x1F, 0x80, 0x7E, 0x01, 0xF8, 0x07,
    0xE0, 0x1F, 0x80, 0x7E, 0x01, 0xF8, 0x07, 0xC4, 0x1F, 0x81, 0xE0, 0x08, 0x00, 0x01, 0xC0, 0x38,
    0x07, 0x00, 0xE0, 0x1C, 0x03, 0x80, 0x7F, 0x8F, 0xFD, 0xC3, 0xB8, 0x3F, 0x07, 0xE0, 0xFC, 0x1F,
    0x83, 0xF0, 0x7E, 0x0F, 0xC1, 0xF8, 0x3F, 0x07, 0xE0, 0xE0, 0xE1, 0xC3, 0x87, 0x1C, 0x71, 0xC7,
    0x00, 0x1E, 0x1F, 0x0C, 0xCC, 0x30, 0x79, 0xFF, 0xF3, 0xC0, 0xFF, 0xFF, 0xC3, 0xC3, 0x7E, 0x3C,
    0xFF, 0x80, 0xE7, 0xE7, 0xE7, 0x7B, 0xF8, 0xE3, 0xFD, 0xE0, 0x3B, 0x9C, 0xEE, 0x73, 0x30, 0xC3,
    0x66, 0x7C, 0x3C, 0x3C, 0x7E, 0xC6, 0xC6, 0x37, 0x77, 0xEE, 0x76, 0x6C, 0x23, 0x86, 0x3F, 0xF8,
    0x63, 0x31, 0x8F, 0xBC, 0x00, 0x08, 0x01, 0xC0, 0x1E, 0x00, 0xF0, 0x07, 0x00, 0x20, 0x00, 0x0F,
    0xFE, 0xFF, 0xEE, 0x00, 0xE0, 0x0E, 0x00, 0xE0, 0x0E, 0x00, 0xE0, 0x0F, 0xFE, 0xFF, 0xEE, 0x00,
    0xE0, 0x0E, 0x00, 0xE0, 0x0E, 0x00, 0xE0, 0x0F, 0xFF, 0xFF, 0xF0, 0x71, 0xC7, 0x1C, 0x00, 0x00,
    0x00, 0xFF, 0xEF, 0xFE, 0xE0, 0x0E, 0x00, 0xE0, 0x0E, 0x00, 0xE0, 0x0E, 0x00, 0xFF, 0xEF, 0xFE,
    0xE0, 0x0E, 0x00, 0xE0, 0x0E, 0x00, 0xE0, 0x0E, 0x00, 0xFF, 0xFF, 0xFF, 0xFF, 0xFC, 0x3F, 0xFF,
    0x00, 0x70, 0x00, 0x1C, 0x00, 0x07, 0x00, 0x01, 0xC0, 0x00, 0x70, 0x00, 0x1F, 0xF0, 0x07, 0xFF,
    0x01, 0xC1, 0xE0, 0x70, 0x3C, 0x1C, 0x07, 0x07, 0x01, 0xC1, 0xC0, 0x70, 0x70, 0x1C, 0x1C, 0x0E,
    0x07, 0x1F, 0x81, 0xC7, 0x80, 0x03, 0x00, 0xF0, 0x1C, 0x07, 0x01, 0xC0, 0x10, 0x00, 0x07, 0xFF,
    0xFF, 0xFC, 0x03, 0x80, 0x70, 0x0E, 0x01, 0xC0, 0x38, 0x07, 0x00, 0xE0, 0x1C, 0x03, 0x80, 0x70,
    0x0E, 0x01, 0xC0, 0x38, 0x07, 0x00, 0xE0, 0x00, 0x07, 0xF8, 0x7F, 0xF3, 0xC0, 0x9E, 0x00, 0x70,
    0x03, 0xC0, 0x0F, 0x00, 0x3F, 0xF8, 0xFF, 0xE3, 0x80, 0x0F, 0x00, 0x3C, 0x00, 0xF0, 0x01, 0xE0,
    0x07, 0x80, 0x0F, 0x82, 0x1F, 0xFC, 0x1F, 0xE0, 0x1F, 0xC3, 0xFE, 0x70, 0x6E, 0x00, 0xE0, 0x0F,
    0x00, 0xF8, 0x07, 0xF0, 0x7F, 0xC1, 0xFE, 0x07, 0xF0, 0x0F, 0x00, 0x70, 0x07, 0x00, 0x7C, 0x0E,
    0xFF, 0xE7, 0xF8, 0xFF, 0xFF, 0xFF, 0xFF, 0xFF, 0xFF, 0xFC, 0xE7, 0xE7, 0x00, 0x00, 0x1C, 0x1C,
    0x1C, 0x1C, 0x1C, 0x1C, 0x1C, 0x1C, 0x1C, 0x1C, 0x1C, 0x1C, 0x1C, 0x1C, 0x1C, 0x1C, 0x1C, 0x1C,
    0x00, 0xE0, 0x1C, 0x03, 0x80, 0x70, 0x0E, 0x01, 0xC0, 0x38, 0x07, 0x00, 0xE0, 0x1C, 0x03, 0x80,
    0x70, 0x0E, 0x01, 0xC0, 0x3B, 0x0E, 0x7F, 0xC7, 0xE0, 0x07, 0xFF, 0x00, 0x03, 0xFF, 0x80, 0x01,
    0xC1, 0xC0, 0x00, 0xE0, 0xE0, 0x00, 0x70, 0x70, 0x00, 0x38, 0x38, 0x00, 0x1C, 0x1C, 0x00, 0x0E,
    0x0F, 0xF0, 0x07, 0x07, 0xFE, 0x07, 0x83, 0x87, 0x83, 0xC1, 0xC1, 0xE1, 0xC0, 0xE0, 0x70, 0xE0,
    0x70, 0x38, 0xF0, 0x38, 0x1C, 0xF0, 0x1C, 0x1F, 0xF0, 0x0E, 0x1E, 0xF0, 0x07, 0xFE, 0x70, 0x03,
    0xFC, 0x00, 0xE0, 0x1C, 0x01, 0xC0, 0x38, 0x03, 0x80, 0x70, 0x07, 0x00, 0xE0, 0x0E, 0x01, 0xC0,
    0x1C, 0x03, 0x80, 0x38, 0x07, 0x00, 0x7F, 0xFF, 0xF0, 0xFF, 0xFF, 0xF9, 0xC0, 0x38, 0x7B, 0x80,
    0x70, 0x3F, 0x00, 0xE0, 0x7E, 0x01, 0xC0, 0xFC, 0x03, 0x81, 0xF8, 0x07, 0x07, 0xF0, 0x0E, 0x1E,
    0xE0, 0x1F, 0xF9, 0xC0, 0x3F, 0xC0, 0xFF, 0xFC, 0x7F, 0xFE, 0x01, 0xC0, 0x00, 0xE0, 0x00, 0x70,
    0x00, 0x38, 0x00, 0x1C, 0x00, 0x0F, 0xF8, 0x07, 0xFF, 0x03, 0x83, 0x81, 0xC0, 0xE0, 0xE0, 0x70,
    0x70, 0x38, 0x38, 0x1C, 0x1C, 0x0E, 0x0E, 0x07, 0x07, 0x03, 0x83, 0x81, 0xC0, 0x00, 0x80, 0x07,
    0x00, 0x38, 0x01, 0xC0, 0x06, 0x00, 0x00, 0x00, 0x00, 0x38, 0x1E, 0xE0, 0xF3, 0x87, 0x8E, 0x1C,
    0x38, 0xF0, 0xE7, 0x83, 0xBC, 0x0F, 0xE0, 0x3F, 0x00, 0xFE, 0x03, 0xBC, 0x0E, 0x78, 0x38, 0xF0,
    0xE1, 0xE3, 0x83, 0xCE, 0x0F, 0x38, 0x1E, 0xE0, 0x3C, 0x04, 0x00, 0x38, 0x00, 0xF0, 0x01, 0xC0,
    0x03, 0x80, 0x04, 0x00, 0x00, 0x38, 0x07, 0xE0, 0x3F, 0x81, 0xFE, 0x07, 0xF8, 0x3F, 0xE1, 0xFF,
    0x87, 0x7E, 0x39, 0xF9, 0xE7, 0xEF, 0x1F, 0xB8, 0x7F, 0xE1, 0xFF, 0x07, 0xF8, 0x1F, 0xE0, 0x7F,
    0x01, 0xF8, 0x07, 0xE0, 0x1C, 0x08, 0x40, 0x73, 0x80, 0xFE, 0x01, 0xE0, 0x00, 0x00, 0x00, 0x0E,
    0x01, 0xFC, 0x0F, 0x70, 0x39, 0xC0, 0xE7, 0x83, 0x8E, 0x1C, 0x3C, 0x70, 0x71, 0xC1, 0xEE, 0x03,
    0xB8, 0x0F, 0xC0, 0x1F, 0x00, 0x7C, 0x00, 0xE0, 0x03, 0x80, 0x1C, 0x0F, 0xE0, 0x3E, 0x00, 0xE0,
    0x1F, 0x80, 0x7E, 0x01, 0xF8, 0x07, 0xE0, 0x1F, 0x80, 0x7E, 0x01, 0xF8, 0x07, 0xE0, 0x1F, 0x80,
    0x7E, 0x01, 0xF8, 0x07, 0xE0, 0x1F, 0x80, 0x7E, 0x01, 0xF8, 0x07, 0xFF, 0xFF, 0xFF, 0xF0, 0x70,
    0x01, 0xC0, 0x07, 0x00, 0x1C, 0x00, 0x70, 0x00, 0x01, 0xC0, 0x01, 0xF0, 0x00, 0xF8, 0x00, 0xEE,
    0x00, 0x77, 0x00, 0x3B, 0x80, 0x38, 0xE0, 0x1C, 0x70, 0x0E, 0x3C, 0x0E, 0x0E, 0x07, 0x07, 0x07,
    0xFF, 0xC3, 0xFF, 0xE1, 0xC0, 0x71, 0xC0, 0x1C, 0xE0, 0x0E, 0x70, 0x07, 0x78, 0x03, 0xC0, 0xFF,
    0xF7, 0xFF, 0xB8, 0x01, 0xC0, 0x0E, 0x00, 0x70, 0x03, 0x80, 0x1F, 0xF0, 0xFF, 0xE7, 0x07, 0xB8,
    0x1F, 0xC0, 0x7E, 0x03, 0xF0, 0x1F, 0x81, 0xFC, 0x1E, 0xFF, 0xE7, 0xFC, 0x00, 0xFF, 0x87, 0xFF,
    0x38, 0x3D, 0xC0, 0xEE, 0x07, 0x70, 0x3B, 0x83, 0x9F, 0xFC, 0xFF, 0xE7, 0x07, 0xB8, 0x0F, 0xC0,
    0x7E, 0x03, 0xF0, 0x1F, 0x81, 0xFC, 0x1E, 0xFF, 0xE7, 0xFC, 0x00, 0xFF, 0xFF, 0xFF, 0x80, 0x70,
    0x0E, 0x01, 0xC0, 0x38, 0x07, 0x00, 0xE0, 0x1C, 0x03, 0x80, 0x70, 0x0E, 0x01, 0xC0, 0x38, 0x07,
    0x00, 0xE0, 0x1C, 0x00, 0x07, 0xFF, 0x01, 0xFF, 0xC0, 0x70, 0x70, 0x1C, 0x1C, 0x07, 0x07, 0x01,
    0xC1, 0xC0, 0x70, 0x70, 0x1C, 0x1C, 0x07, 0x07, 0x01, 0xC1, 0xC0, 0xE0, 0x70, 0x38, 0x1C, 0x0E,
    0x07, 0x07, 0x81, 0xC1, 0xC0, 0x70, 0xF0, 0x1C, 0xFF, 0xFF, 0xFF, 0xFF, 0xFE, 0x00, 0x1F, 0x80,
    0x07, 0xE0, 0x01, 0xF8, 0x00, 0x7E, 0x00, 0x1C, 0xFF, 0xEF, 0xFE, 0xE0, 0x0E, 0x00, 0xE0, 0x0E,
    0x00, 0xE0, 0x0E, 0x00, 0xFF, 0xEF, 0xFE, 0xE0, 0x0E, 0x00, 0xE0, 0x0E, 0x00, 0xE0, 0x0E, 0x00,
    0xFF, 0xFF, 0xFF, 0x70, 0x38, 0x3C, 0xF0, 0x70, 0x70, 0xF0, 0xE1, 0xE0, 0xF1, 0xC7, 0x80, 0xF3,
    0x9E, 0x00, 0xE7, 0x38, 0x01, 0xEE, 0xE0, 0x01, 0xFF, 0xC0, 0x01, 0xFF, 0x00, 0x07, 0xFF, 0x00,
    0x1E, 0xEF, 0x00, 0x79, 0xCF, 0x00, 0xE3, 0x8E, 0x03, 0xC7, 0x1E, 0x0F, 0x0E, 0x1E, 0x1C, 0x1C,
    0x1C, 0x78, 0x38, 0x3D, 0xE0, 0x70, 0x3C, 0x3F, 0x83, 0xFF, 0x18, 0x3C, 0x00, 0xE0, 0x07, 0x00,
    0x38, 0x03, 0x83, 0xFC, 0x1F, 0xE0, 0x07, 0x80, 0x1E, 0x00, 0x70, 0x03, 0x80, 0x1C, 0x00, 0xEC,
    0x1E, 0xFF, 0xE1, 0xFE, 0x00, 0xE0, 0x1F, 0x80, 0xFE, 0x07, 0xF8, 0x1F, 0xE0, 0xFF, 0x87, 0xFE,
    0x1D, 0xF8, 0xE7, 0xE7, 0x9F, 0xBC, 0x7E, 0xE1, 0xFF, 0x87, 0xFC, 0x1F, 0xE0, 0x7F, 0x81, 0xFC,
    0x07, 0xE0, 0x1F, 0x80, 0x70, 0x08, 0x40, 0x73, 0x80, 0xFC, 0x01, 0xE0, 0x00, 0x00, 0x00, 0x0E,
    0x01, 0xF8, 0x0F, 0xE0, 0x7F, 0x81, 0xFE, 0x0F, 0xF8, 0x7F, 0xE1, 0xDF, 0x8E, 0x7E, 0x79, 0xFB,
    0xC7, 0xEE, 0x1F, 0xF8, 0x7F, 0xC1, 0xFE, 0x07, 0xF8, 0x1F, 0xC0, 0x7E, 0x01, 0xF8, 0x07, 0xE0,
    0x7B, 0x83, 0xCE, 0x1E, 0x38, 0x70, 0xE3, 0xC3, 0x9E, 0x0E, 0xF0, 0x3F, 0x80, 0xFC, 0x03, 0xF8,
    0x0E, 0xF0, 0x39, 0xE0, 0xE3, 0xC3, 0x87, 0x8E, 0x0F, 0x38, 0x3C, 0xE0, 0x7B, 0x80, 0xF0, 0x07,
    0xFF, 0x07, 0xFF, 0x07, 0x07, 0x07, 0x07, 0x07, 0x07, 0x07, 0x07, 0x07, 0x07, 0x07, 0x07, 0x07,
    0x07, 0x0F, 0x07, 0x0F, 0x07, 0x0E, 0x07, 0x0E, 0x07, 0x1E, 0x07, 0x3C, 0x07, 0xF8, 0x07, 0xF0,
    0x07, 0xE0, 0x07, 0x70, 0x03, 0x9E, 0x01, 0xE7, 0x80, 0x79, 0xF0, 0x3E, 0x7C, 0x0F, 0xBB, 0x83,
    0x7E, 0xE1, 0xDF, 0x98, 0x77, 0xE7, 0x39, 0xF9, 0xCE, 0x7E, 0x3F, 0x1F, 0x8F, 0xC7, 0xE1, 0xE1,
    0xF8, 0x78, 0x7E, 0x1E, 0x1F, 0x83, 0x07, 0xE0, 0x01, 0xF8, 0x00, 0x70, 0xE0, 0x1F, 0x80, 0x7E,
    0x01, 0xF8, 0x07, 0xE0, 0x1F, 0x80, 0x7E, 0x01, 0xF8, 0x07, 0xFF, 0xFF, 0xFF, 0xFE, 0x01, 0xF8,
    0x07, 0xE0, 0x1F, 0x80, 0x7E, 0x01, 0xF8, 0x07, 0xE0, 0x1F, 0x80, 0x70, 0x07, 0xE0, 0x0F, 0xFE,
    0x0F, 0x07, 0x87, 0x01, 0xC7, 0x00, 0x73, 0x80, 0x3B, 0x80, 0x0F, 0xC0, 0x07, 0xE0, 0x03, 0xF0,
    0x01, 0xF8, 0x00, 0xFC, 0x00, 0x77, 0x00, 0x73, 0x80, 0x39, 0xE0, 0x3C, 0x78, 0x3C, 0x1F, 0xFC,
    0x03, 0xF8, 0x00, 0xFF, 0xFF, 0xFF, 0xFE, 0x01, 0xF8, 0x07, 0xE0, 0x1F, 0x80, 0x7E, 0x01, 0xF8,
    0x07, 0xE0, 0x1F, 0x80, 0x7E, 0x01, 0xF8, 0x07, 0xE0, 0x1F, 0x80, 0x7E, 0x01, 0xF8, 0x07, 0xE0,
    0x1F, 0x80, 0x70, 0xFF, 0x87, 0xFF, 0x38, 0x3D, 0xC0, 0xFE, 0x03, 0xF0, 0x1F, 0x80, 0xFC, 0x0F,
    0xE0, 0xF7, 0xFF, 0x3F, 0xE1, 0xC0, 0x0E, 0x00, 0x70, 0x03, 0x80, 0x1C, 0x00, 0xE0, 0x07, 0x00,
    0x00, 0x07, 0xF0, 0x7F, 0xE3, 0xC1, 0x9E, 0x00, 0x70, 0x01, 0xC0, 0x0E, 0x00, 0x38, 0x00, 0xE0,
    0x03, 0x80, 0x0E, 0x00, 0x38, 0x00, 0xF0, 0x01, 0xC0, 0x07, 0x80, 0x0F, 0x06, 0x1F, 0xF8, 0x1F,
    0xC0, 0xFF, 0xFF, 0xFF, 0xF0, 0x70, 0x01, 0xC0, 0x07, 0x00, 0x1C, 0x00, 0x70, 0x01, 0xC0, 0x07,
    0x00, 0x1C, 0x00, 0x70, 0x01, 0xC0, 0x07, 0x00, 0x1C, 0x00, 0x70, 0x01, 0xC0, 0x07, 0x00, 0x1C,
    0x00, 0xE0, 0x1F, 0xC0, 0xF7, 0x03, 0x9C, 0x0E, 0x78, 0x38, 0xE1, 0xC3, 0xC7, 0x07, 0x1C, 0x1E,
    0xE0, 0x3B, 0x80, 0xFC, 0x01, 0xF0, 0x07, 0xC0, 0x0E, 0x00, 0x38, 0x01, 0xC0, 0xFE, 0x03, 0xE0,
    0x00, 0x00, 0xE0, 0x00, 0x1C, 0x00, 0x1F, 0xF0, 0x0F, 0xFF, 0x83, 0xCE, 0x78, 0xE1, 0xC3, 0xBC,
    0x38, 0x77, 0x07, 0x07, 0xE0, 0xE0, 0xFC, 0x1C, 0x1F, 0x83, 0x83, 0xF8, 0x70, 0xF7, 0x0E, 0x1C,
    0x79, 0xCF, 0x07, 0xFF, 0xC0, 0x3F, 0xE0, 0x00, 0xE0, 0x00, 0x1C, 0x00, 0x03, 0x80, 0x00, 0x78,
    0x0E, 0x38, 0x1E, 0x3C, 0x1C, 0x1E, 0x38, 0x0E, 0x78, 0x0F, 0x70, 0x07, 0xF0, 0x03, 0xE0, 0x03,
    0xC0, 0x03, 0xE0, 0x07, 0xF0, 0x0F, 0xF0, 0x0E, 0x78, 0x1E, 0x38, 0x3C, 0x3C, 0x38, 0x1E, 0x78,
    0x0E, 0x70, 0x0F, 0xE0, 0x1C, 0xE0, 0x1C, 0xE0, 0x1C, 0xE0, 0x1C, 0xE0, 0x1C, 0xE0, 0x1C, 0xE0,
    0x1C, 0xE0, 0x1C, 0xE0, 0x1C, 0xE0, 0x1C, 0xE0, 0x1C, 0xE0, 0x1C, 0xE0, 0x1C, 0xE0, 0x1C, 0xE0,
    0x1C, 0xE0, 0x1C, 0xFF, 0xFF, 0xFF, 0xFF, 0x00, 0x07, 0x00, 0x07, 0x00, 0x07, 0x00, 0x07, 0x00,
    0x07, 0xE0, 0x3F, 0x01, 0xF8, 0x0F, 0xC0, 0x7E, 0x03, 0xF0, 0x1F, 0x80, 0xFC, 0x07, 0xF0, 0x3B,
    0xC1, 0xCF, 0xFE, 0x3F, 0xF0, 0x03, 0x80, 0x1C, 0x00, 0xE0, 0x07, 0x00, 0x38, 0x01, 0xC0, 0xE0,
    0x70, 0x3F, 0x03, 0x81, 0xF8, 0x1C, 0x0F, 0xC0, 0xE0, 0x7E, 0x07, 0x03, 0xF0, 0x38, 0x1F, 0x81,
    0xC0, 0xFC, 0x0E, 0x07, 0xE0, 0x70, 0x3F, 0x03, 0x81, 0xF8, 0x1C, 0x0F, 0xC0, 0xE0, 0x7E, 0x07,
    0x03, 0xF0, 0x38, 0x1F, 0x81, 0xC0, 0xFC, 0x0E, 0x07, 0xFF, 0xFF, 0xFF, 0xFF, 0xFF, 0xC0, 0xE0,
    0x70, 0x39, 0xC0, 0xE0, 0x73, 0x81, 0xC0, 0xE7, 0x03, 0x81, 0xCE, 0x07, 0x03, 0x9C, 0x0E, 0x07,
    0x38, 0x1C, 0x0E, 0x70, 0x38, 0x1C, 0xE0, 0x70, 0x39, 0xC0, 0xE0, 0x73, 0x81, 0xC0, 0xE7, 0x03,
    0x81, 0xCE, 0x07, 0x03, 0x9C, 0x0E, 0x07, 0x38, 0x1C, 0x0E, 0x70, 0x38, 0x1C, 0xFF, 0xFF, 0xFF,
    0xFF, 0xFF, 0xFC, 0x00, 0x00, 0x38, 0x00, 0x00, 0x70, 0x00, 0x00, 0xE0, 0x00, 0x01, 0xC0, 0x00,
    0x03, 0x80, 0xFF, 0x00, 0x3F, 0xC0, 0x00, 0x70, 0x00, 0x1C, 0x00, 0x07, 0x00, 0x01, 0xC0, 0x00,
    0x70, 0x00, 0x1F, 0xF0, 0x07, 0xFF, 0x01, 0xC1, 0xE0, 0x70, 0x3C, 0x1C, 0x07, 0x07, 0x01, 0xC1,
    0xC0, 0x70, 0x70, 0x3C, 0x1C, 0x1E, 0x07, 0xFF, 0x01, 0xFF, 0x00, 0xE0, 0x01, 0xF8, 0x00, 0x7E,
    0x00, 0x1F, 0x80, 0x07, 0xE0, 0x01, 0xF8, 0x00, 0x7E, 0x00, 0x1F, 0xFC, 0x07, 0xFF, 0xC1, 0xF8,
    0x78, 0x7E, 0x0F, 0x1F, 0x81, 0xC7, 0xE0, 0x71, 0xF8, 0x1C, 0x7E, 0x0F, 0x1F, 0x87, 0x87, 0xFF,
    0xC1, 0xFF, 0xC0, 0x70, 0xE0, 0x07, 0x00, 0x38, 0x01, 0xC0, 0x0E, 0x00, 0x70, 0x03, 0x80, 0x1F,
    0xF0, 0xFF, 0xE7, 0x07, 0xB8, 0x1F, 0xC0, 0x7E, 0x03, 0xF0, 0x1F, 0x81, 0xFC, 0x1E, 0xFF, 0xE7,
    0xFC, 0x00, 0x7F, 0x83, 0xFF, 0x84, 0x0F, 0x00, 0x1E, 0x00, 0x38, 0x00, 0xE0, 0x03, 0xC7, 0xFF,
    0x1F, 0xFC, 0x00, 0x70, 0x03, 0xC0, 0x0F, 0x00, 0x3C, 0x01, 0xE0, 0x07, 0x90, 0x7C, 0xFF, 0xE1,
    0xFE, 0x00, 0xE0, 0x0F, 0xC1, 0xC0, 0x7F, 0xE3, 0x81, 0xE1, 0xE7, 0x07, 0x81, 0xEE, 0x1E, 0x01,
    0xDC, 0x3C, 0x03, 0xB8, 0x70, 0x03, 0xFF, 0xE0, 0x07, 0xFF, 0xC0, 0x0F, 0xC3, 0x80, 0x1F, 0x87,
    0x00, 0x3F, 0x0E, 0x00, 0x7E, 0x1C, 0x01, 0xDC, 0x1C, 0x03, 0xB8, 0x3C, 0x0F, 0x70, 0x3C, 0x3C,
    0xE0, 0x3F, 0xF1, 0xC0, 0x1F, 0x80, 0x07, 0xFC, 0x7F, 0xF3, 0xC1, 0xDE, 0x07, 0x70, 0x1D, 0xC0,
    0x77, 0x01, 0xDE, 0x07, 0x3C, 0x1C, 0xFF, 0xF0, 0xFF, 0xC7, 0x87, 0x1C, 0x1C, 0xF0, 0x73, 0x81,
    0xDE, 0x07, 0x70, 0x1F, 0xC0, 0x70, 0x7F, 0x0F, 0xF8, 0x07, 0x00, 0x70, 0x0E, 0x3F, 0xDF, 0xFF,
    0x87, 0xE0, 0xFC, 0x1F, 0x83, 0xF8, 0x77, 0xFE, 0x7F, 0xC0, 0x00, 0xE0, 0x7E, 0x1F, 0xE3, 0xE0,
    0x38, 0x07, 0x00, 0x60, 0x0E, 0xF8, 0xFF, 0xCF, 0x0E, 0xE0, 0xEE, 0x07, 0xE0, 0x7E, 0x07, 0xE0,
    0x7E, 0x07, 0xE0, 0x77, 0x0E, 0x79, 0xE3, 0xFC, 0x0F, 0x80, 0xFF, 0x1F, 0xFB, 0x87, 0xF0, 0x7E,
    0x0F, 0xC3, 0xFF, 0xE7, 0xFE, 0xE1, 0xFC, 0x1F, 0x83, 0xF0, 0xFF, 0xFD, 0xFE, 0x00, 0xFF, 0xFF,
    0xF8, 0x1C, 0x0E, 0x07, 0x03, 0x81, 0xC0, 0xE0, 0x70, 0x38, 0x1C, 0x0E, 0x07, 0x00, 0x1F, 0xF8,
    0x3F, 0xF0, 0x70, 0xE0, 0xE1, 0xC1, 0xC3, 0x83, 0x87, 0x07, 0x0E, 0x0E, 0x1C, 0x18, 0x38, 0x70,
    0x70, 0xE0, 0xE1, 0x81, 0xCF, 0xFF, 0xFF, 0xFF, 0xF8, 0x03, 0xF0, 0x07, 0xE0, 0x0F, 0xC0, 0x1C,
    0x0F, 0x83, 0xFC, 0x78, 0xE7, 0x0E, 0xF0, 0x7E, 0x07, 0xFF, 0xFF, 0xFF, 0xE0, 0x0E, 0x00, 0x70,
    0x07, 0x82, 0x3F, 0xE0, 0xFE, 0xF0, 0xE1, 0xCF, 0x1C, 0x78, 0xE3, 0x8E, 0x0E, 0x73, 0x80, 0xEE,
    0xE0, 0x1F, 0xFC, 0x01, 0xFF, 0x00, 0x7F, 0xF0, 0x0E, 0xEF, 0x03, 0x9C, 0xE0, 0xE3, 0x8E, 0x3C,
    0x71, 0xE7, 0x0E, 0x1D, 0xC1, 0xC1, 0xC0, 0x7F, 0x1F, 0xE4, 0x3C, 0x07, 0x01, 0xC0, 0xF3, 0xF8,
    0xFE, 0x03, 0xC0, 0x70, 0x1D, 0x0F, 0x7F, 0x9F, 0xC0, 0xE0, 0xFC, 0x3F, 0x87, 0xF1, 0xFE, 0x7F,
    0xCD, 0xFB, 0xBF, 0x67, 0xFC, 0xFF, 0x1F, 0xE3, 0xF8, 0x7E, 0x0F, 0xC1, 0xC0, 0x11, 0x06, 0x30,
    0xFE, 0x0F, 0x80, 0x00, 0x00, 0x38, 0x3F, 0x0F, 0xE1, 0xFC, 0x7F, 0x9F, 0xF3, 0x7E, 0xEF, 0xD9,
    0xFF, 0x3F, 0xC7, 0xF8, 0xFE, 0x1F, 0x83, 0xF0, 0x70, 0xE1, 0xEE, 0x1C, 0xE3, 0x8E, 0x70, 0xEF,
    0x0F, 0xE0, 0xFC, 0x0F, 0xE0, 0xEF, 0x0E, 0x78, 0xE3, 0xCE, 0x1C, 0xE1, 0xEE, 0x0E, 0x0F, 0xF8,
    0x7F, 0xC3, 0x8E, 0x1C, 0x70, 0xE3, 0x87, 0x1C, 0x38, 0xE1, 0xC7, 0x1E, 0x38, 0xE1, 0xCF, 0x0F,
    0xF0, 0x7F, 0x83, 0xF0, 0x1C, 0x70, 0x1C, 0xE0, 0x39, 0xE0, 0xF7, 0xC1, 0xFF, 0xC7, 0xFF, 0x8F,
    0xFB, 0x9B, 0xF7, 0x77, 0xE6, 0xCF, 0xCF, 0x9F, 0x8E, 0x3F, 0x1C, 0x7E, 0x00, 0xFC, 0x01, 0xC0,
    0xE0, 0xFC, 0x1F, 0x83, 0xF0, 0x7E, 0x0F, 0xC1, 0xFF, 0xFF, 0xFF, 0xE0, 0xFC, 0x1F, 0x83, 0xF0,
    0x7E, 0x0F, 0xC1, 0xC0, 0x0F, 0x81, 0xFF, 0x1E, 0x3C, 0xE0, 0xEE, 0x03, 0xF0, 0x1F, 0x80, 0xFC,
    0x07, 0xE0, 0x3F, 0x01, 0xDC, 0x1C, 0xF1, 0xE3, 0xFE, 0x07, 0xC0, 0xFF, 0xFF, 0xFF, 0x83, 0xF0,
    0x7E, 0x0F, 0xC1, 0xF8, 0x3F, 0x07, 0xE0, 0xFC, 0x1F, 0x83, 0xF0, 0x7E, 0x0F, 0xC1, 0xC0, 0xFF,
    0x0F, 0xFC, 0xE1, 0xEE, 0x0E, 0xE0, 0x7E, 0x07, 0xE0, 0x7E, 0x07, 0xE0, 0x7E, 0x07, 0xE0, 0xEF,
    0x1E, 0xFF, 0xCF, 0xF8, 0xE0, 0x0E, 0x00, 0xE0, 0x0E, 0x00, 0xE0, 0x00, 0x0F, 0xCF, 0xF7, 0x81,
    0xC0, 0xE0, 0x38, 0x0E, 0x03, 0x80, 0xE0, 0x38, 0x07, 0x01, 0xE1, 0x3F, 0xC3, 0xF0, 0xFF, 0xFF,
    0xFC, 0x38, 0x07, 0x00, 0xE0, 0x1C, 0x03, 0x80, 0x70, 0x0E, 0x01, 0xC0, 0x38, 0x07, 0x00, 0xE0,
    0x1C, 0x00, 0xF0, 0x73, 0x83, 0x9C, 0x1C, 0xE0, 0xE7, 0x8E, 0x1C, 0x70, 0xE3, 0x87, 0x98, 0x1D,
    0xC0, 0xEE, 0x03, 0xE0, 0x1F, 0x00, 0xF8, 0x03, 0x80, 0x1C, 0x00, 0xC0, 0x0E, 0x07, 0xE0, 0x3E,
    0x00, 0x00, 0x40, 0x00, 0xE0, 0x00, 0x70, 0x00, 0x38, 0x00, 0x1C, 0x00, 0x0E, 0x00, 0x07, 0x00,
    0x1F, 0xF0, 0x1F, 0xFC, 0x1C, 0xE7, 0x9C, 0x71, 0xDC, 0x38, 0x7E, 0x1C, 0x3F, 0x0E, 0x1F, 0x87,
    0x0F, 0xC3, 0x87, 0xE1, 0xC3, 0xB8, 0xE3, 0x9E, 0x73, 0xC7, 0xFF, 0xC0, 0xFF, 0x80, 0x0E, 0x00,
    0x07, 0x00, 0x03, 0x80, 0x01, 0xC0, 0x00, 0xE0, 0x00, 0x70, 0x73, 0xC7, 0x8E, 0x38, 0x3B, 0x81,
    0xFC, 0x07, 0xC0, 0x1C, 0x01, 0xF0, 0x0F, 0xC0, 0xEE, 0x0E, 0x38, 0x71, 0xE7, 0x07, 0x38, 0x3C,
    0xE0, 0xE7, 0x07, 0x38, 0x39, 0xC1, 0xCE, 0x0E, 0x70, 0x73, 0x83, 0x9C, 0x1C, 0xE0, 0xE7, 0x07,
    0x38, 0x39, 0xC1, 0xCF, 0xFF, 0xFF, 0xFC, 0x00, 0xE0, 0x07, 0x00, 0x38, 0x01, 0xC0, 0xE0, 0xFC,
    0x1F, 0x83, 0xF0, 0x7E, 0x0F, 0xC1, 0xFC, 0x3B, 0xFF, 0x3F, 0xE0, 0x1C, 0x03, 0x80, 0x70, 0x0E,
    0x01, 0xC0, 0xE1, 0xC3, 0xF0, 0xE1, 0xF8, 0x70, 0xFC, 0x38, 0x7E, 0x1C, 0x3F, 0x0E, 0x1F, 0x87,
    0x0F, 0xC3, 0x87, 0xE1, 0xC3, 0xF0, 0xE1, 0xF8, 0x70, 0xFC, 0x38, 0x7F, 0xFF, 0xFF, 0xFF, 0xFC,
    0xE1, 0xC3, 0x9C, 0x38, 0x73, 0x87, 0x0E, 0x70, 0xE1, 0xCE, 0x1C, 0x39, 0xC3, 0x87, 0x38, 0x70,
    0xE7, 0x0E, 0x1C, 0xE1, 0xC3, 0x9C, 0x38, 0x73, 0x87, 0x0E, 0x70, 0xE1, 0xCF, 0xFF, 0xFF, 0xFF,
    0xFF, 0xC0, 0x00, 0x38, 0x00, 0x07, 0x00, 0x00, 0xE0, 0x00, 0x1C, 0xFC, 0x03, 0xF0, 0x01, 0xC0,
    0x07, 0x00, 0x1C, 0x00, 0x7F, 0x81, 0xFF, 0x87, 0x0F, 0x1C, 0x1C, 0x70, 0x71, 0xC1, 0xC7, 0x0F,
    0x1F, 0xF8, 0x7F, 0x80, 0xE0, 0x07, 0xE0, 0x07, 0xE0, 0x07, 0xE0, 0x07, 0xE0, 0x07, 0xFF, 0x07,
    0xFF, 0xC7, 0xE1, 0xE7, 0xE0, 0xE7, 0xE0, 0xE7, 0xE0, 0xE7, 0xE1, 0xE7, 0xFF, 0xC7, 0xFF, 0x07,
    0xE0, 0x1C, 0x03, 0x80, 0x70, 0x0E, 0x01, 0xFE, 0x3F, 0xF7, 0x0F, 0xE0, 0xFC, 0x1F, 0x83, 0xF0,
    0xFF, 0xFD, 0xFE, 0x00, 0x7E, 0x0F, 0xF1, 0x0F, 0x00, 0xE0, 0x0E, 0x01, 0xC7, 0xF8, 0xFF, 0x00,
    0xE0, 0x1C, 0x07, 0x01, 0xE7, 0xF8, 0xFC, 0x00, 0xE0, 0x3C, 0x38, 0x3F, 0xCE, 0x1C, 0x7B, 0x87,
    0x0E, 0xE3, 0x81, 0xF8, 0xE0, 0x7F, 0xF8, 0x1F, 0xFE, 0x07, 0xE3, 0x81, 0xF8, 0xE0, 0x7E, 0x3C,
    0x3B, 0x87, 0x1E, 0xE0, 0xFF, 0x38, 0x1F, 0x00, 0x0F, 0xF3, 0xFF, 0x38, 0x77, 0x07, 0x70, 0x77,
    0x07, 0x78, 0x73, 0xFF, 0x1F, 0xF1, 0xC7, 0x38, 0x77, 0x87, 0x70, 0x7F, 0x07, 0x08, 0x01, 0xC0,
    0x0E, 0x00, 0x70, 0x03, 0x00, 0x00, 0x00, 0x00, 0xF8, 0x3F, 0xC7, 0x8E, 0x70, 0xEF, 0x07, 0xE0,
    0x7F, 0xFF, 0xFF, 0xFE, 0x00, 0xE0, 0x07, 0x00, 0x78, 0x23, 0xFE, 0x0F, 0xE0, 0x39, 0xC3, 0x9C,
    0x00, 0x00, 0x00, 0x00, 0x00, 0x00, 0x0F, 0x83, 0xFC, 0x78, 0xE7, 0x0E, 0xF0, 0x7E, 0x07, 0xFF,
    0xFF, 0xFF, 0xE0, 0x0E, 0x00, 0x70, 0x07, 0x80, 0x3F, 0xE0, 0xFE, 0x38, 0x01, 0xC0, 0x3F, 0xE1,
    0xFF, 0x03, 0x80, 0x1C, 0x00, 0xFF, 0x07, 0xFE, 0x38, 0x71, 0xC1, 0xCE, 0x0E, 0x70, 0x73, 0x83,
    0x9C, 0x1C, 0xE0, 0xE7, 0x07, 0x38, 0x39, 0xC1, 0xCE, 0x0E, 0x70, 0x70, 0x03, 0x80, 0x1C, 0x00,
    0xE0, 0x3E, 0x01, 0xE0, 0x06, 0x03, 0x83, 0x83, 0x81, 0x80, 0x00, 0x01, 0xFF, 0xFF, 0xF0, 0x38,
    0x1C, 0x0E, 0x07, 0x03, 0x81, 0xC0, 0xE0, 0x70, 0x38, 0x1C, 0x0E, 0x00, 0x0F, 0xC7, 0xF9, 0xE1,
    0x38, 0x0E, 0x01, 0xC0, 0x3F, 0xC7, 0xF8, 0xE0, 0x1C, 0x01, 0xC0, 0x3C, 0x03, 0xFC, 0x1F, 0x80,
    0x3F, 0x3F, 0xB8, 0x5C, 0x0F, 0x07, 0xC1, 0xF8, 0x7E, 0x0F, 0x83, 0xC0, 0xF0, 0x7F, 0xF7, 0xF0,
    0xFF, 0xF0, 0x3F, 0xFF, 0xFF, 0xFF, 0xFF, 0xF0, 0xE7, 0xE7, 0x00, 0x00, 0x00, 0x1C, 0x1C, 0x1C,
    0x1C, 0x1C, 0x1C, 0x1C, 0x1C, 0x1C, 0x1C, 0x1C, 0x1C, 0x1C, 0x1C, 0x1C, 0x71, 0xC7, 0x00, 0x01,
    0xC7, 0x1C, 0x71, 0xC7, 0x1C, 0x71, 0xC7, 0x1C, 0x71, 0xC7, 0x1C, 0x73, 0xFE, 0xF0, 0x0F, 0xF8,
    0x00, 0x7F, 0xC0, 0x03, 0x8E, 0x00, 0x1C, 0x70, 0x00, 0xE3, 0x80, 0x07, 0x1F, 0xE0, 0x38, 0xFF,
    0xC1, 0xC7, 0x0F, 0x1E, 0x38, 0x38, 0xE1, 0xC1, 0xCF, 0x0E, 0x0F, 0xF0, 0x70, 0xFF, 0x03, 0xFF,
    0x70, 0x1F, 0xE0, 0xE0, 0xE0, 0x1C, 0x1C, 0x03, 0x83, 0x80, 0x70, 0x70, 0x0E, 0x0E, 0x01, 0xC1,
    0xFE, 0x3F, 0xFF, 0xF7, 0xFF, 0x0F, 0xE0, 0xE0, 0xFC, 0x1C, 0x1F, 0x83, 0x83, 0xF0, 0x70, 0xFE,
    0x0F, 0xFD, 0xC1, 0xFE, 0x00, 0x38, 0x01, 0xC0, 0x3F, 0xE1, 0xFF, 0x03, 0x80, 0x1C, 0x00, 0xFF,
    0x07, 0xFE, 0x38, 0x71, 0xC1, 0xCE, 0x0E, 0x70, 0x73, 0x83, 0x9C, 0x1C, 0xE0, 0xE7, 0x07, 0x38,
    0x39, 0xC1, 0xCE, 0x0E, 0x70, 0x70, 0x03, 0x00, 0x78, 0x07, 0x00, 0xE0, 0x0C, 0x00, 0x00, 0x00,
    0x0E, 0x1E, 0xE1, 0xCE, 0x38, 0xE7, 0x0E, 0xF0, 0xFE, 0x0F, 0xC0, 0xFE, 0x0E, 0xF0, 0xE7, 0x8E,
    0x3C, 0xE1, 0xCE, 0x1E, 0xE0, 0xE0, 0x18, 0x07, 0x00, 0x70, 0x07, 0x00, 0x60, 0x00, 0x00, 0x07,
    0x07, 0xE1, 0xFC, 0x3F, 0x8F, 0xF3, 0xFE, 0x6F, 0xDD, 0xFB, 0x3F, 0xE7, 0xF8, 0xFF, 0x1F, 0xC3,
    0xF0, 0x7E, 0x0E, 0x18, 0xC0, 0xC6, 0x07, 0xF0, 0x1F, 0x00, 0x00, 0x00, 0x03, 0xC1, 0xCE, 0x0E,
    0x70, 0x73, 0x83, 0x9E, 0x38, 0x71, 0xC3, 0x8E, 0x1E, 0x60, 0x77, 0x03, 0xB8, 0x0F, 0x80, 0x7C,
    0x03, 0xE0, 0x0E, 0x00, 0x70, 0x03, 0x00, 0x38, 0x1F, 0x80, 0xF8, 0x00, 0xE0, 0xFC, 0x1F, 0x83,
    0xF0, 0x7E, 0x0F, 0xC1, 0xF8, 0x3F, 0x07, 0xE0, 0xFC, 0x1F, 0x83, 0xF0, 0x7F, 0xFF, 0xFF, 0xC3,
    0x80, 0x70, 0x0E, 0x01, 0xC0, 0x0E, 0x00, 0x07, 0x00, 0x03, 0x80, 0x1F, 0xFE, 0x0F, 0xFF, 0x00,
    0x70, 0x00, 0x38, 0x00, 0x1C, 0x00, 0x0F, 0xF8, 0x07, 0xFF, 0x03, 0x83, 0xC1, 0xC0, 0xF0, 0xE0,
    0x38, 0x70, 0x1C, 0x38, 0x0E, 0x1C, 0x07, 0x0E, 0x07, 0x87, 0x07, 0x83, 0xFF, 0x81, 0xFF, 0x00,
    0x04, 0x00, 0x70, 0x01, 0xC0, 0x07, 0x00, 0x1C, 0x00, 0x70, 0x01, 0xC0, 0x3F, 0xF8, 0xFF, 0xE0,
    0x70, 0x01, 0xC0, 0x07, 0x00, 0x1F, 0xE0, 0x7F, 0xE1, 0xC3, 0xC7, 0x07, 0x1C, 0x1C, 0x70, 0x71,
    0xC3, 0xC7, 0xFE, 0x1F, 0xE0, 0x07, 0xE0, 0x0F, 0xFE, 0x0F, 0x07, 0x87, 0x01, 0xC7, 0x00, 0x73,
    0x80, 0x3B, 0xC0, 0x1F, 0xDF, 0x07, 0xFF, 0xFF, 0xF8, 0x7F, 0xFC, 0x01, 0xFE, 0x00, 0xF7, 0x00,
    0x73, 0xC0, 0x79, 0xE0, 0x3C, 0x78, 0x7C, 0x1F, 0xFC, 0x03, 0xF8, 0x00, 0x0F, 0x81, 0xFF, 0x1E,
    0x3C, 0xE0, 0xEE, 0x07, 0xFF, 0x1F, 0xFF, 0xFC, 0x7F, 0xE0, 0x3F, 0x83, 0xDC, 0x1C, 0xF1, 0xE3,
    0xFE, 0x07, 0xC0, 0xF0, 0x03, 0xE7, 0x00, 0x7E, 0x70, 0x07, 0x07, 0x80, 0xE0, 0x38, 0x0E, 0x03,
    0x80, 0xE0, 0x3C, 0x1C, 0x01, 0xC1, 0xC0, 0x1C, 0x18, 0x01, 0xE3, 0x80, 0x0E, 0x38, 0x00, 0xF7,
    0x00, 0x07, 0x70, 0x00, 0x77, 0x00, 0x07, 0xE0, 0x00, 0x3E, 0x00, 0x03, 0xE0, 0x00, 0x1C, 0x00,
    0xF0, 0x3E, 0xE0, 0xF9, 0xC1, 0xC3, 0x83, 0x03, 0x8E, 0x07, 0x1C, 0x0E, 0x30, 0x0E, 0xE0, 0x1D,
    0xC0, 0x3B, 0x00, 0x3E, 0x00, 0x7C, 0x00, 0x70, 0x00, 0xE0, 0x00, 0x08, 0x40, 0x0E, 0x70, 0x03,
    0xF0, 0x00, 0xF0, 0x00, 0x00, 0x00, 0x00, 0x03, 0x80, 0x71, 0xC0, 0x78, 0xE0, 0x7C, 0x70, 0x3E,
    0x38, 0x3F, 0x1C, 0x3F, 0x8E, 0x1D, 0xC7, 0x1C, 0xE3, 0x9E, 0x71, 0xDE, 0x38, 0xEE, 0x1C, 0x7F,
    0x0E, 0x3F, 0x07, 0x1F, 0x03, 0x8F, 0x81, 0xC7, 0x80, 0xFF, 0x80, 0x7F, 0xC0, 0x3F, 0x00, 0x07,
    0x00, 0x03, 0x80, 0x03, 0x80, 0x03, 0xC0, 0x00, 0x40, 0x11, 0x00, 0xC6, 0x03, 0xF8, 0x07, 0xC0,
    0x00, 0x00, 0x00, 0x0E, 0x0E, 0x38, 0x78, 0xE1, 0xE3, 0x8F, 0x8E, 0x7E, 0x39, 0xB8, 0xEE, 0xE3,
    0xB3, 0x8F, 0xCE, 0x3E, 0x38, 0xF8, 0xE3, 0xC3, 0xFE, 0x0F, 0xB8, 0x3E, 0x00, 0x38, 0x01, 0xE0,
    0x07, 0x00, 0x18, 0x38, 0x00, 0x70, 0x03, 0xFC, 0x07, 0xF8, 0x03, 0x80, 0x07, 0x00, 0x0E, 0x00,
    0x1F, 0xF0, 0x3F, 0xF8, 0x70, 0x78, 0xE0, 0x79, 0xC0, 0x73, 0x80, 0xE7, 0x01, 0xCE, 0x07, 0x9C,
    0x1E, 0x3F, 0xF8, 0x7F, 0xC0, 0x38, 0x01, 0xC0, 0x3F, 0xC1, 0xFE, 0x03, 0x80, 0x1C, 0x00, 0xFF,
    0x07, 0xFE, 0x38, 0x79, 0xC1, 0xCE, 0x0E, 0x70, 0x73, 0x87, 0x9F, 0xF8, 0xFF, 0x00, 0xFF, 0x87,
    0xFF, 0x38, 0x3D, 0xC0, 0xFE, 0x03, 0xF0, 0x1F, 0x9C, 0xFC, 0xEF, 0xE3, 0xF7, 0xFF, 0xBF, 0xF1,
    0xC1, 0xCE, 0x06, 0x70, 0x33, 0x80, 0x1C, 0x00, 0xE0, 0x07, 0x00, 0x00, 0xFF, 0x0F, 0xFC, 0xE1,
    0xEE, 0x0E, 0xE0, 0x7E, 0x07, 0xE0, 0x7E, 0x07, 0xE2, 0x7E, 0x77, 0xE7, 0xFF, 0x3E, 0xFF, 0xCF,
    0xFC, 0xE0, 0xEE, 0x06, 0xE0, 0x4E, 0x00, 0xE0, 0x00, 0x00, 0xE0, 0x1C, 0x03, 0x80, 0x7F, 0xFF,
    0xFF, 0xF8, 0x07, 0x00, 0xE0, 0x1C, 0x03, 0x80, 0x70, 0x0E, 0x01, 0xC0, 0x38, 0x07, 0x00, 0xE0,
    0x1C, 0x03, 0x80, 0x70, 0x0E, 0x01, 0xC0, 0x00, 0x03, 0x81, 0xC0, 0xFF, 0xFF, 0xFF, 0x03, 0x81,
    0xC0, 0xE0, 0x70, 0x38, 0x1C, 0x0E, 0x07, 0x03, 0x81, 0xC0, 0xE0, 0x00, 0x3F, 0xF9, 0xFF, 0xCE,
    0x00, 0x70, 0x03, 0x80, 0x1C, 0x00, 0xE0, 0x07, 0x00, 0xFF, 0x87, 0xFC, 0x0E, 0x00, 0x70, 0x03,
    0x80, 0x1C, 0x00, 0xE0, 0x07, 0x00, 0x38, 0x01, 0xC0, 0x00, 0x3F, 0xE7, 0xFC, 0xE0, 0x1C, 0x03,
    0x80, 0x70, 0x0E, 0x07, 0xF8, 0xFF, 0x07, 0x00, 0xE0, 0x1C, 0x03, 0x80, 0x70, 0x00, 0xFF, 0xE7,
    0xFF, 0x38, 0x01, 0xC0, 0x0E, 0x00, 0x70, 0x03, 0x80, 0x1F, 0xF0, 0xFF, 0xE7, 0x07, 0x38, 0x1D,
    0xC0, 0xEE, 0x03, 0xF0, 0x1F, 0x80, 0xFC, 0x07, 0xE0, 0x3F, 0x01, 0xC0, 0x1C, 0x00, 0xE0, 0x0E,
    0x03, 0xE0, 0x1E, 0x00, 0xFF, 0x9F, 0xF3, 0x80, 0x70, 0x0E, 0x01, 0xC0, 0x3F, 0xC7, 0xFC, 0xE1,
    0xDC, 0x3F, 0x83, 0xF0, 0x7E, 0x0F, 0xC1, 0xC0, 0x38, 0x0F, 0x01, 0xC1, 0xF0, 0x3C, 0x00, 0x70,
    0x38, 0x1E, 0x78, 0x38, 0x3C, 0x3C, 0x38, 0x78, 0x1E, 0x38, 0x70, 0x0E, 0x38, 0xF0, 0x0F, 0x39,
    0xE0, 0x07, 0xBB, 0xC0, 0x03, 0xFF, 0x80, 0x01, 0xFF, 0x00, 0x01, 0xFF, 0x00, 0x03, 0xFF, 0x80,
    0x07, 0xBB, 0xC0, 0x0F, 0x39, 0xE0, 0x1E, 0x38, 0xF0, 0x3C, 0x38, 0x78, 0x38, 0x38, 0x38, 0x78,
    0x38, 0x1F, 0xF0, 0x38, 0x1F, 0x00, 0x00, 0x07, 0x00, 0x00, 0x07, 0x00, 0x00, 0x07, 0x00, 0x00,
    0x07, 0x00, 0x00, 0x07, 0xF0, 0xE1, 0xE7, 0x8E, 0x3C, 0x38, 0xE3, 0x81, 0xCE, 0x70, 0x1E, 0xEF,
    0x00, 0xFF, 0xE0, 0x07, 0xFC, 0x00, 0x7F, 0xC0, 0x0E, 0xEE, 0x01, 0xCE, 0x70, 0x3C, 0xE7, 0x87,
    0x8E, 0x38, 0x70, 0xE1, 0xFE, 0x0E, 0x0F, 0x00, 0x00, 0x70, 0x00, 0x07, 0x00, 0x00, 0x70, 0x00,
    0x07, 0x3F, 0x83, 0xFF, 0x18, 0x3C, 0x00, 0xE0, 0x07, 0x00, 0x38, 0x03, 0x83, 0xFC, 0x1F, 0xE0,
    0x07, 0x80, 0x1E, 0x00, 0x70, 0x03, 0x80, 0x1C, 0x00, 0xEC, 0x1E, 0xFF, 0xE3, 0xFE, 0x01, 0xC0,
    0x0F, 0x00, 0x38, 0x07, 0xC0, 0x7C, 0x00, 0x7F, 0x1F, 0xE4, 0x3C, 0x07, 0x01, 0xC0, 0xF3, 0xF8,
    0xFE, 0x01, 0xC0, 0x30, 0x0D, 0x07, 0x7F, 0x9F, 0xC0, 0xC0, 0x38, 0x07, 0x07, 0xC3, 0xE0, 0xE0,
    0x79, 0xC0, 0xE3, 0x83, 0xC7, 0x0F, 0x0E, 0x3C, 0x1C, 0xF0, 0x3B, 0xC0, 0x7F, 0x00, 0xFC, 0x01,
    0xFC, 0x03, 0xFC, 0x07, 0x7C, 0x0E, 0x3C, 0x1C, 0x38, 0x38, 0x38, 0x70, 0x78, 0xE0, 0x7F, 0xC0,
    0x7C, 0x00, 0x38, 0x00, 0x70, 0x00, 0xE0, 0x01, 0xC0, 0x03, 0x80, 0xE1, 0xEE, 0x3C, 0xE3, 0x8E,
    0x70, 0xEF, 0x0F, 0xE0, 0xFC, 0x0F, 0xC0, 0xFE, 0x0E, 0xF0, 0xE7, 0x8E, 0x38, 0xE1, 0xFE, 0x0F,
    0x00, 0x70, 0x07, 0x00, 0x70, 0x07, 0xE0, 0x0F, 0xE0, 0x1E, 0xE0, 0x1C, 0xE0, 0x3C, 0xE6, 0x78,
    0xE6, 0x70, 0xE6, 0xE0, 0xE7, 0xE0, 0xFF, 0xC0, 0xFF, 0xC0, 0xE7, 0xE0, 0xE6, 0xF0, 0xE6, 0x78,
    0xE6, 0x3C, 0xE0, 0x1C, 0xE0, 0x1E, 0xE0, 0x0F, 0xE0, 0x0F, 0xE0, 0x3B, 0x81, 0xCE, 0x0F, 0x3B,
    0x38, 0xED, 0xC3, 0xBE, 0x0F, 0xF0, 0x3F, 0xE0, 0xEF, 0xC3, 0xB7, 0x8E, 0xCF, 0x38, 0x1C, 0xE0,
    0x3B, 0x80, 0xF0, 0x38, 0x1E, 0xFE, 0x3C, 0xFE, 0x38, 0x38, 0x70, 0x38, 0xE0, 0x39, 0xC0, 0x3B,
    0x80, 0x3F, 0x00, 0x3F, 0x00, 0x3F, 0x80, 0x3B, 0xC0, 0x39, 0xE0, 0x38, 0xF0, 0x38, 0x78, 0x38,
    0x38, 0x38, 0x3C, 0x38, 0x1E, 0x38, 0x0E, 0x38, 0x3F, 0xF9, 0xEF, 0xEF, 0x0E, 0x38, 0x39, 0xC0,
    0xEE, 0x03, 0xF8, 0x0F, 0xE0, 0x3F, 0xC0, 0xE7, 0x83, 0x8F, 0x0E, 0x1C, 0x38, 0x38, 0xE0, 0xF0,
    0xFF, 0x03, 0xDF, 0xE0, 0xF0, 0x1C, 0x3C, 0x03, 0x8F, 0x00, 0x73, 0xC0, 0x0E, 0xF0, 0x01, 0xFC,
    0x00, 0x3F, 0x00, 0x07, 0xF0, 0x00, 0xFF, 0x00, 0x1D, 0xF0, 0x03, 0x9E, 0x00, 0x71, 0xE0, 0x0E,
    0x1E, 0x01, 0xC1, 0xE0, 0x38, 0x1C, 0x07, 0x03, 0xC0, 0xE0, 0x3C, 0xFC, 0x3D, 0xF8, 0x70, 0x71,
    0xC0, 0xE7, 0x01, 0xDC, 0x03, 0xF0, 0x07, 0xE0, 0x0F, 0xE0, 0x1D, 0xE0, 0x39, 0xE0, 0x71, 0xE0,
    0xE1, 0xC1, 0xC3, 0xC3, 0x83, 0xC0, 0xE0, 0x1C, 0x70, 0x0E, 0x38, 0x07, 0x1C, 0x03, 0x8E, 0x01,
    0xC7, 0x00, 0xE3, 0x80, 0x71, 0xC0, 0x38, 0xFF, 0xFC, 0x7F, 0xFE, 0x38, 0x07, 0x1C, 0x03, 0x8E,
    0x01, 0xC7, 0x00, 0xE3, 0x80, 0x71, 0xC0, 0x38, 0xE0, 0x1F, 0xF0, 0x0F, 0xC0, 0x00, 0xE0, 0x00,
    0x70, 0x00, 0x38, 0x00, 0x1C, 0x00, 0x0E, 0xE0, 0xE7, 0x07, 0x38, 0x39, 0xC1, 0xCE, 0x0E, 0x70,
    0x73, 0xFF, 0x9F, 0xFC, 0xE0, 0xE7, 0x07, 0x38, 0x39, 0xC1, 0xCE, 0x0F, 0xF0, 0x7C, 0x00, 0xE0,
    0x07, 0x00, 0x38, 0x01, 0xC0, 0xE0, 0x1F, 0xFC, 0x03, 0xFF, 0x80, 0x70, 0x70, 0x0E, 0x0E, 0x01,
    0xC1, 0xC0, 0x38, 0x38, 0x07, 0x07, 0x00, 0xE0, 0xFF, 0xFC, 0x1F, 0xFF, 0x83, 0x80, 0x70, 0x70,
    0x0E, 0x0E, 0x01, 0xC1, 0xC0, 0x38, 0x38, 0x07, 0x07, 0x00, 0xE0, 0xE0, 0x1C, 0x1C, 0x03, 0x80,
    0xE0, 0xFF, 0x83, 0xFE, 0x0E, 0x38, 0x38, 0xE0, 0xE3, 0x83, 0x8F, 0xFE, 0x3F, 0xF8, 0xE0, 0xE3,
    0x83, 0x8E, 0x0E, 0x38, 0x38, 0xE0, 0xE3, 0x83, 0x80, 0xFF, 0xF8, 0x01, 0xFF, 0xF0, 0x03, 0x80,
    0xE0, 0x07, 0x01, 0xC0, 0x0E, 0x03, 0x80, 0x1C, 0x07, 0x00, 0x38, 0x0E, 0x00, 0x70, 0x1F, 0xF0,
    0xE0, 0x3F, 0xF9, 0xC0, 0x70, 0x73, 0x80, 0xE0, 0x77, 0x01, 0xC0, 0xEE, 0x03, 0x80, 0xFC, 0x07,
    0x01, 0xF8, 0x0E, 0x03, 0xF0, 0x1C, 0x07, 0xE0, 0x38, 0x0F, 0xC0, 0x70, 0x1C, 0x00, 0x00, 0x70,
    0x00, 0x00, 0xE0, 0x00, 0x03, 0x80, 0x00, 0x3E, 0x00, 0x00, 0x78, 0x00, 0xFF, 0xE0, 0x1F, 0xFC,
    0x03, 0x83, 0x80, 0x70, 0x70, 0x0E, 0x0E, 0x01, 0xC1, 0xC0, 0x38, 0x3F, 0xC7, 0x07, 0xFC, 0xE0,
    0xE1, 0xDC, 0x1C, 0x3F, 0x83, 0x83, 0xF0, 0x70, 0x7E, 0x0E, 0x0F, 0xC1, 0xC1, 0xC0, 0x00, 0x38,
    0x00, 0x0F, 0x00, 0x01, 0xC0, 0x01, 0xF0, 0x00, 0x3C, 0x00, 0x03, 0xF8, 0x07, 0xFC, 0x0F, 0x00,
    0x07, 0x00, 0x07, 0x03, 0xC3, 0x83, 0xFB, 0x83, 0x9D, 0xC3, 0x87, 0xE1, 0xC3, 0xF0, 0xE1, 0xF8,
    0x70, 0xFC, 0x38, 0x7F, 0x1C, 0x7B, 0xCE, 0x39, 0xFF, 0x3C, 0x7F, 0xFC, 0x1F, 0xFC, 0x03, 0xF8,
    0x00, 0x1C, 0x00, 0x0F, 0x80, 0x03, 0xF0, 0x00, 0x78, 0x00, 0x04, 0x0F, 0xC0, 0xFE, 0x07, 0x80,
    0x1C, 0x00, 0xE1, 0xF3, 0x8F, 0xEE, 0x79, 0xF9, 0xC7, 0xE7, 0x1F, 0x9C, 0x77, 0x73, 0xDF, 0xDE,
    0x3F, 0xF0, 0x7F, 0x00, 0x1C, 0x00, 0x7F, 0x00, 0x78, 0x00, 0x20, 0x07, 0xF0, 0x7F, 0xE3, 0xC1,
    0x8E, 0x00, 0x70, 0x01, 0xC0, 0x0E, 0x00, 0x38, 0x00, 0xE0, 0x03, 0x80, 0x0E, 0x00, 0x38, 0x00,
    0xF0, 0x01, 0xC0, 0x07, 0x80, 0x0F, 0x02, 0x1F, 0xFC, 0x3F, 0xE0, 0x30, 0x00, 0xF0, 0x01, 0xC0,
    0x1F, 0x00, 0x78, 0x00, 0x0F, 0xCF, 0xF7, 0x81, 0xC0, 0xE0, 0x38, 0x0E, 0x03, 0x80, 0xE0, 0x38,
    0x07, 0x01, 0xE1, 0x3F, 0xC7, 0xF0, 0xC0, 0x3C, 0x07, 0x07, 0xC1, 0xE0, 0xFF, 0xFF, 0xFF, 0xF0,
    0x70, 0x01, 0xC0, 0x07, 0x00, 0x1C, 0x00, 0x70, 0x01, 0xC0, 0x07, 0x00, 0x1C, 0x00, 0x70, 0x01,
    0xC0, 0x07, 0x00, 0x1C, 0x00, 0x70, 0x01, 0xC0, 0x07, 0xE0, 0x1F, 0x80, 0x0E, 0x00, 0x38, 0x00,
    0xE0, 0x03, 0x80, 0x0E, 0x00, 0xFF, 0xFF, 0xFC, 0x38, 0x07, 0x00, 0xE0, 0x1C, 0x03, 0x80, 0x70,
    0x0E, 0x01, 0xC0, 0x38, 0x07, 0x00, 0xF8, 0x1F, 0x00, 0xE0, 0x1C, 0x03, 0x80, 0x70, 0xF0, 0x1E,
    0xE0, 0x39, 0xE0, 0xF1, 0xC1, 0xC3, 0xC7, 0x83, 0x8E, 0x07, 0xBC, 0x07, 0x70, 0x0F, 0xC0, 0x0F,
    0x80, 0x0E, 0x00, 0x1C, 0x00, 0x38, 0x00, 0x70, 0x00, 0xE0, 0x01, 0xC0, 0x03, 0x80, 0x07, 0x00,
    0xF0, 0x7B, 0x83, 0x9C, 0x1C, 0xE0, 0xE3, 0x8E, 0x1C, 0x70, 0xE3, 0x83, 0xB8, 0x1D, 0xC0, 0xEE,
    0x03, 0xE0, 0x1F, 0x00, 0x70, 0x03, 0x80, 0x1C, 0x00, 0xE0, 0x07, 0x00, 0x38, 0x01, 0xC0, 0xF0,
    0x0E, 0x70, 0x1E, 0x78, 0x1C, 0x38, 0x3C, 0x3C, 0x38, 0x1C, 0x78, 0x1E, 0x70, 0x0F, 0xE0, 0x0F,
    0xE0, 0x07, 0xC0, 0x07, 0xC0, 0x1F, 0xF8, 0x1F, 0xF8, 0x03, 0x80, 0x03, 0x80, 0x03, 0x80, 0x03,
    0x80, 0x03, 0x80, 0x70, 0x73, 0x83, 0x9C, 0x1C, 0xE0, 0xE3, 0x8E, 0x1C, 0x70, 0xE3, 0x83, 0xB8,
    0x1D, 0xC0, 0xEE, 0x03, 0xE0, 0x1F, 0x03, 0xFE, 0x1F, 0xF0, 0x1C, 0x00, 0xE0, 0x07, 0x00, 0x38,
    0x01, 0xC0, 0xF0, 0x1E, 0x78, 0x3C, 0x78, 0x38, 0x3C, 0x78, 0x1C, 0x70, 0x1E, 0xF0, 0x0F, 0xE0,
    0x07, 0xC0, 0x07, 0xC0, 0x07, 0xC0, 0x0F, 0xC0, 0x0F, 0xE0, 0x1E, 0xF0, 0x3C, 0x70, 0x38, 0x78,
    0x78, 0x38, 0xF0, 0x1F, 0xF0, 0x1F, 0x00, 0x07, 0x00, 0x07, 0x00, 0x07, 0x00, 0x07, 0x00, 0x07,
    0x70, 0x78, 0xE1, 0xC3, 0xCE, 0x07, 0x78, 0x1F, 0xC0, 0x3E, 0x00, 0x78, 0x01, 0xE0, 0x0F, 0x80,
    0x77, 0x01, 0xCE, 0x0E, 0x38, 0x70, 0x7D, 0xC1, 0xF0, 0x01, 0xC0, 0x07, 0x00, 0x1C, 0x00, 0x70,
    0xFF, 0xF9, 0xC7, 0xFF, 0xCE, 0x01, 0xC0, 0x70, 0x0E, 0x03, 0x80, 0x70, 0x1C, 0x03, 0x80, 0xE0,
    0x1C, 0x07, 0x00, 0xE0, 0x38, 0x07, 0x01, 0xC0, 0x38, 0x0E, 0x01, 0xC0, 0x70, 0x0E, 0x03, 0x80,
    0x70, 0x1C, 0x03, 0x80, 0xE0, 0x1C, 0x07, 0x00, 0xE0, 0x38, 0x07, 0xFF, 0xF8, 0x3F, 0xFF, 0xC0,
    0x00, 0x0E, 0x00, 0x00, 0x70, 0x00, 0x03, 0x80, 0x00, 0x1C, 0x00, 0x00, 0xE0, 0xFF, 0x9C, 0xFF,
    0x9C, 0x1C, 0x1C, 0x1C, 0x1C, 0x1C, 0x1C, 0x1C, 0x1C, 0x1C, 0x1C, 0x1C, 0x1C, 0x1C, 0x1C, 0x1C,
    0x1C, 0x1C, 0x1C, 0x1C, 0x1C, 0x1F, 0xFF, 0x1F, 0xFF, 0x00, 0x07, 0x00, 0x07, 0x00, 0x07, 0x00,
    0x07, 0xE0, 0x39, 0xC0, 0x73, 0x80, 0xE7, 0x01, 0xCE, 0x03, 0x9C, 0x07, 0x38, 0x0E, 0x70, 0x1C,
    0xF0, 0x38, 0xF0, 0x70, 0xFF, 0xE0, 0xFF, 0xC0, 0x03, 0x80, 0x07, 0x00, 0x0E, 0x00, 0x1C, 0x00,
    0x3E, 0x00, 0x7C, 0x00, 0x38, 0x00, 0x70, 0x00, 0xE0, 0x01, 0xC0, 0x03, 0x80, 0xE0, 0xE7, 0x07,
    0x38, 0x39, 0xC1, 0xCE, 0x0E, 0x70, 0x73, 0xC3, 0x8F, 0xFC, 0x3F, 0xE0, 0x07, 0x00, 0x38, 0x01,
    0xC0, 0x0F, 0x80, 0x7C, 0x00, 0xE0, 0x07, 0x00, 0x38, 0x01, 0xC0, 0xE0, 0x3F, 0x01, 0xF8, 0x0F,
    0xC0, 0x7E, 0x03, 0xF0, 0x1F, 0x8C, 0xFC, 0x67, 0xF3, 0x3B, 0xFF, 0xCF, 0xFE, 0x1F, 0xF0, 0x33,
    0x81, 0x9C, 0x0C, 0xE0, 0x07, 0x00, 0x38, 0x01, 0xC0, 0xE0, 0xFC, 0x1F, 0x83, 0xF0, 0x7E, 0x0F,
    0xCD, 0xF9, 0xBB, 0xFF, 0x7F, 0xE3, 0xFC, 0x1B, 0x83, 0x70, 0x0E, 0x01, 0xC0, 0xE0, 0x07, 0x00,
    0x38, 0x01, 0xC0, 0x0E, 0x00, 0x70, 0x03, 0xFF, 0x1F, 0xFC, 0xE0, 0xF7, 0x03, 0xF8, 0x0F, 0xC0,
    0x7E, 0x03, 0xF0, 0x1F, 0x80, 0xFC, 0x07, 0xE0, 0x3F, 0x01, 0xC0, 0xE0, 0x1C, 0x03, 0x80, 0x70,
    0x0E, 0x01, 0xC0, 0x3F, 0xC7, 0xFE, 0xE1, 0xDC, 0x1F, 0x83, 0xF0, 0x7E, 0x0F, 0xC1, 0xF8, 0x3F,
    0x07, 0xE0, 0xFC, 0x1F, 0x83, 0xF0, 0x70, 0x00, 0x3F, 0x00, 0x0F, 0xFC, 0x01, 0xE1, 0xC0, 0x3C,
    0x0E, 0xE3, 0x80, 0x6E, 0x78, 0x07, 0xF7, 0x00, 0x77, 0xFF, 0xFF, 0x1F, 0xFF, 0xF0, 0x70, 0x00,
    0x07, 0x00, 0x00, 0x78, 0x00, 0x03, 0x80, 0x00, 0x38, 0x00, 0x03, 0xC0, 0x00, 0x1E, 0x06, 0x00,
    0xFF, 0xE0, 0x03, 0xFC, 0x00, 0xF8, 0x01, 0xFC, 0xE3, 0x8E, 0xE7, 0x0F, 0xE7, 0x07, 0xF7, 0x07,
    0x7F, 0xFF, 0x1F, 0xFF, 0x0E, 0x00, 0x07, 0x00, 0x07, 0x00, 0x03, 0x82, 0x03, 0xFE, 0x00, 0xFE,
    0x00, 0x3F, 0x00, 0x0F, 0xF8, 0x01, 0xE1, 0xC0, 0x3C, 0x0E, 0xE3, 0x80, 0xEE, 0x78, 0x07, 0xE7,
    0x00, 0x7F, 0x70, 0x07, 0x7F, 0xFF, 0xF1, 0xFF, 0xFF, 0x07, 0x00, 0x00, 0x70, 0x00, 0x07, 0x80,
    0x00, 0x38, 0x00, 0x03, 0xC0, 0x00, 0x1E, 0x06, 0x00, 0xFF, 0xE0, 0x03, 0xFC, 0x00, 0x1C, 0x00,
    0x01, 0xC0, 0x00, 0x1C, 0x00, 0x01, 0xC0, 0x00, 0x1C, 0x00, 0x00, 0xF8, 0x01, 0xFC, 0xE3, 0x8E,
    0xE7, 0x0F, 0xE7, 0x07, 0xFE, 0x07, 0x7F, 0xFF, 0x1F, 0xFF, 0x0E, 0x00, 0x07, 0x00, 0x07, 0x00,
    0x07, 0x82, 0x03, 0xFE, 0x00, 0xFE, 0x00, 0x70, 0x00, 0x70, 0x00, 0x70, 0x00, 0x70, 0xFF, 0xFF,
    0xFF, 0xFF, 0xFF, 0xFF, 0xFC, 0x00, 0xC6, 0x00, 0x01, 0x8C, 0x00, 0x03, 0xF8, 0x00, 0x03, 0xE0,
    0x00, 0x00, 0x00, 0x00, 0x00, 0x00, 0x1C, 0x0E, 0x0F, 0x3C, 0x1C, 0x1C, 0x3C, 0x38, 0x78, 0x3C,
    0x71, 0xE0, 0x3C, 0xE7, 0x80, 0x39, 0xCE, 0x00, 0x7B, 0xB8, 0x00, 0x7F, 0xF0, 0x00, 0x7F, 0xC0,
    0x01, 0xFF, 0xC0, 0x07, 0xBB, 0xC0, 0x1E, 0x73, 0xC0, 0x38, 0xE3, 0x80, 0xF1, 0xC7, 0x83, 0xC3,
    0x87, 0x87, 0x07, 0x07, 0x1E, 0x0E, 0x0F, 0x78, 0x1C, 0x0F, 0x03, 0x18, 0x00, 0x63, 0x00, 0x0F,
    0xE0, 0x00, 0xF8, 0x00, 0x00, 0x00, 0x00, 0x00, 0x3C, 0x38, 0x73, 0xC7, 0x1E, 0x38, 0xE3, 0x83,
    0x9C, 0xE0, 0x3B, 0xB8, 0x07, 0xFF, 0x00, 0x7F, 0xC0, 0x1F, 0xFC, 0x03, 0xBB, 0xC0, 0xE7, 0x38,
    0x38, 0xE3, 0x8F, 0x1C, 0x79, 0xC3, 0x87, 0x70, 0x70, 0x70, 0xE0, 0x7F, 0x07, 0xB8, 0x39, 0xC3,
    0x8E, 0x38, 0x73, 0xC3, 0xBC, 0x1D, 0xC0, 0xFF, 0x87, 0xFF, 0x38, 0xFD, 0xC1, 0xEE, 0x07, 0xF0,
    0x1F, 0x80, 0xFC, 0x07, 0xE0, 0x3F, 0x01, 0xC0, 0x1E, 0x00, 0xE0, 0x0E, 0x03, 0xF0, 0x1E, 0x00,
    0xE1, 0xFC, 0x7B, 0x8E, 0x73, 0x8E, 0xE1, 0xF8, 0x3F, 0xC7, 0xFC, 0xE3, 0xDC, 0x3F, 0x83, 0xF0,
    0x7E, 0x0F, 0xC1, 0xC0, 0x38, 0x0F, 0x01, 0xC1, 0xF0, 0x3C, 0x00, 0x07, 0xFF, 0x00, 0xFF, 0xE0,
    0x1C, 0x1C, 0x03, 0x83, 0x80, 0x70, 0x70, 0x0E, 0x0E, 0x01, 0xC1, 0xC0, 0x38, 0x38, 0x07, 0x07,
    0x01, 0xE0, 0xE0, 0x3C, 0x1C, 0x07, 0x03, 0x80, 0xE0, 0x70, 0x3C, 0x0E, 0x0F, 0x01, 0xC7, 0xC0,
    0x3F, 0xF0, 0x07, 0xDC, 0x00, 0xF8, 0x00, 0x07, 0x00, 0x00, 0xC0, 0x00, 0x38, 0x00, 0x06, 0x00,
    0x00, 0x40, 0x0F, 0xF8, 0x0F, 0xF8, 0x0E, 0x38, 0x0E, 0x38, 0x0E, 0x38, 0x0E, 0x38, 0x0E, 0x38,
    0x0E, 0x38, 0x1E, 0x38, 0x1C, 0x38, 0x3C, 0x38, 0xF8, 0x3E, 0xF8, 0x3E, 0xE0, 0x3E, 0x00, 0x0E,
    0x00, 0x0E, 0x00, 0x1C, 0x00, 0x18, 0xE0, 0x1F, 0x80, 0x7E, 0x01, 0xF8, 0x07, 0xE0, 0x1F, 0x80,
    0x7E, 0x01, 0xF8, 0x07, 0xFF, 0xFF, 0xFF, 0xFE, 0x01, 0xF8, 0x07, 0xE0, 0x1F, 0x80, 0x7E, 0x01,
    0xF8, 0x07, 0xE0, 0x1F, 0x80, 0x70, 0x01, 0xC0, 0x07, 0x00, 0x1C, 0x03, 0xE0, 0x0F, 0x00, 0xE0,
    0xFC, 0x1F, 0x83, 0xF0, 0x7E, 0x0F, 0xC1, 0xFF, 0xFF, 0xFF, 0xE0, 0xFC, 0x1F, 0x83, 0xF0, 0x7E,
    0x0F, 0xC1, 0xC0, 0x38, 0x07, 0x00, 0xE0, 0xF8, 0x1E, 0x00, 0xE0, 0x1C, 0x70, 0x0E, 0x38, 0x07,
    0x1C, 0x03, 0x8E, 0x01, 0xC7, 0x00, 0xE3, 0x80, 0x71, 0xC0, 0x38, 0xFF, 0xFC, 0x7F, 0xFE, 0x38,
    0x07, 0x1C, 0x03, 0x8E, 0x01, 0xC7, 0x00, 0xE3, 0x80, 0x71, 0xC0, 0x3F, 0xE0, 0x1F, 0x70, 0x0F,
    0x80, 0x01, 0xC0, 0x00, 0xE0, 0x00, 0xE0, 0x00, 0xF0, 0x00, 0x10, 0xE0, 0xE7, 0x07, 0x38, 0x39,
    0xC1, 0xCE, 0x0E, 0x70, 0x73, 0xFF, 0x9F, 0xFC, 0xE0, 0xE7, 0x07, 0x38, 0x39, 0xC1, 0xFE, 0x0F,
    0xF0, 0x7C, 0x00, 0xC0, 0x0E, 0x00, 0x70, 0x03, 0x00, 0xE0, 0x3F, 0x01, 0xF8, 0x0F, 0xC0, 0x7E,
    0x03, 0xF0, 0x1F, 0x80, 0xFC, 0x07, 0xF0, 0x3B, 0xC1, 0xCF, 0xFE, 0x3F, 0xF0, 0x03, 0x80, 0x1C,
    0x00, 0xE0, 0x07, 0x01, 0xF8, 0x0F, 0xC0, 0x70, 0x03, 0x80, 0x1C, 0x00, 0xE0, 0x07, 0x00, 0xE0,
    0xFC, 0x1F, 0x83, 0xF0, 0x7E, 0x0F, 0xC1, 0xFC, 0x3B, 0xFF, 0x1F, 0xE0, 0x1C, 0x03, 0x80, 0x70,
    0x7E, 0x0F, 0xC1, 0xC0, 0x38, 0x07, 0x00, 0xE0, 0x70, 0x03, 0x83, 0xC0, 0x3C, 0x1E, 0x01, 0xE0,
    0xF8, 0x1F, 0x07, 0xC0, 0xF8, 0x77, 0x06, 0xC3, 0xB8, 0x77, 0x1C, 0xC3, 0xB8, 0xE7, 0x39, 0xC7,
    0x39, 0xCE, 0x38, 0xFC, 0x71, 0xC7, 0xE3, 0x8E, 0x1E, 0x1C, 0x70, 0xF0, 0xE3, 0x87, 0x87, 0x1C,
    0x18, 0x3F, 0xE0, 0x01, 0xFF, 0x00, 0x0F, 0xC0, 0x00, 0x1C, 0x00, 0x00, 0xE0, 0x00, 0x0E, 0x00,
    0x00, 0xF0, 0x00, 0x01, 0x00, 0x70, 0x1C, 0x1C, 0x07, 0x07, 0x83, 0xC3, 0xE0, 0xF8, 0xFC, 0x7E,
    0x3F, 0x1F, 0x8E, 0xE6, 0xE3, 0xBB, 0xB8, 0xE6, 0xCE, 0x39, 0xF3, 0x8E, 0x38, 0xE3, 0x8E, 0x3F,
    0xE0, 0x0F, 0xB8, 0x03, 0xE0, 0x00, 0x38, 0x00, 0x0E, 0x00, 0x07, 0x00, 0x01, 0x80, 0xFF, 0xFF,
    0xFF, 0xFF, 0xFF, 0xFF, 0xFC, 0x06, 0x30, 0x03, 0x18, 0x01, 0xFC, 0x00, 0x7C, 0x00, 0x00, 0x00,
    0x00, 0x00, 0x07, 0x00, 0x07, 0xC0, 0x03, 0xE0, 0x03, 0xB8, 0x01, 0xDC, 0x00, 0xEE, 0x00, 0xE3,
    0x80, 0x71, 0xC0, 0x38, 0xF0, 0x38, 0x38, 0x1C, 0x1C, 0x1F, 0xFF, 0x0F, 0xFF, 0x87, 0x01, 0xC7,
    0x00, 0x73, 0x80, 0x39, 0xC0, 0x1D, 0xE0, 0x0F, 0x10, 0x87, 0x38, 0xFF, 0x07, 0x80, 0x00, 0x00,
    0x1F, 0xC3, 0xFE, 0x01, 0xC0, 0x1C, 0x03, 0x8F, 0xF7, 0xFF, 0xE1, 0xF8, 0x3F, 0x07, 0xE0, 0xFE,
    0x1D, 0xFF, 0x9F, 0xF0, 0x0E, 0x70, 0x0E, 0x70, 0x00, 0x00, 0x00, 0x00, 0x03, 0xC0, 0x03, 0xC0,
    0x07, 0xE0, 0x07, 0xE0, 0x07, 0xE0, 0x0E, 0x70, 0x0E, 0x70, 0x0C, 0x38, 0x1C, 0x38, 0x1C, 0x38,
    0x38, 0x1C, 0x3F, 0xFC, 0x3F, 0xFC, 0x70, 0x0E, 0x70, 0x0E, 0x70, 0x0E, 0xF0, 0x0F, 0xE0, 0x07,
    0x39, 0xC7, 0x38, 0x00, 0x00, 0x03, 0xF8, 0x7F, 0x80, 0x70, 0x07, 0x00, 0xE3, 0xFD, 0xFF, 0xF8,
    0x7E, 0x0F, 0xC1, 0xF8, 0x3F, 0x87, 0x7F, 0xE7, 0xFC, 0x00, 0x3F, 0xFE, 0x00, 0x7F, 0xFC, 0x01,
    0xF8, 0x00, 0x07, 0x70, 0x00, 0x0E, 0xE0, 0x00, 0x39, 0xC0, 0x00, 0x73, 0x80, 0x01, 0xC7, 0x00,
    0x07, 0x0F, 0xFC, 0x0E, 0x1F, 0xF8, 0x38, 0x38, 0x00, 0x7F, 0xF0, 0x01, 0xFF, 0xE0, 0x03, 0x81,
    0xC0, 0x0E, 0x03, 0x80, 0x3C, 0x07, 0x00, 0x70, 0x0F, 0xFF, 0xE0, 0x1F, 0xFC, 0x7F, 0x1F, 0x0F,
    0xFF, 0xF0, 0x07, 0xC7, 0x00, 0xF0, 0x70, 0x0E, 0x0E, 0x01, 0xC1, 0xCF, 0xFF, 0xFB, 0xFF, 0xFF,
    0xF0, 0xE0, 0x1C, 0x1C, 0x03, 0x83, 0x80, 0x78, 0x78, 0x27, 0xFF, 0xFC, 0x7E, 0x3F, 0x80, 0x31,
    0x83, 0x1C, 0x3F, 0x81, 0xF0, 0x00, 0x00, 0x00, 0xFF, 0xEF, 0xFE, 0xE0, 0x0E, 0x00, 0xE0, 0x0E,
    0x00, 0xE0, 0x0E, 0x00, 0xFF, 0xEF, 0xFE, 0xE0, 0x0E, 0x00, 0xE0, 0x0E, 0x00, 0xE0, 0x0E, 0x00,
    0xFF, 0xFF, 0xFF, 0x10, 0x83, 0x8C, 0x1F, 0xC0, 0xF0, 0x00, 0x00, 0x00, 0x0F, 0x83, 0xFC, 0x78,
    0xE7, 0x0E, 0xF0, 0x7E, 0x07, 0xFF, 0xFF, 0xFF, 0xE0, 0x0E, 0x00, 0x70, 0x07, 0x82, 0x3F, 0xE0,
    0xFE, 0x3F, 0xC0, 0x7F, 0xF0, 0x20, 0x78, 0x00, 0x3C, 0x00, 0x1E, 0x00, 0x0E, 0x00, 0x0E, 0x00,
    0x0E, 0xFF, 0xFE, 0xFF, 0xFE, 0xE0, 0x0E, 0xE0, 0x0E, 0xE0, 0x1E, 0x70, 0x1E, 0x70, 0x3C, 0x38,
    0x78, 0x1F, 0xF0, 0x07, 0xE0, 0x7F, 0x07, 0xFC, 0x41, 0xE0, 0x0E, 0x00, 0xF0, 0x07, 0xFF, 0xFF,
    0xFF, 0xE0, 0x7E, 0x0F, 0xF0, 0xE7, 0x1E, 0x3F, 0xC1, 0xF0, 0x1C, 0xE0, 0x1C, 0xE0, 0x00, 0x00,
    0x00, 0x00, 0x00, 0x00, 0x00, 0x00, 0x1F, 0xC0, 0x7F, 0xF0, 0x20, 0x78, 0x00, 0x3C, 0x00, 0x1E,
    0x00, 0x1E, 0x00, 0x1E, 0x00, 0x1E, 0xFF, 0xFE, 0xFF, 0xFE, 0xE0, 0x1E, 0xE0, 0x1E, 0xE0, 0x1E,
    0x70, 0x3E, 0x70, 0x3C, 0x38, 0x78, 0x1F, 0xF0, 0x07, 0xE0, 0x39, 0xC3, 0x9C, 0x00, 0x00, 0x00,
    0x00, 0x00, 0x00, 0x7F, 0x07, 0xFC, 0x01, 0xE0, 0x0E, 0x00, 0x70, 0x07, 0xFF, 0xFF, 0xFF, 0xE0,
    0x7E, 0x0F, 0xF0, 0xE7, 0x1E, 0x3F, 0xC1, 0xF0, 0x01, 0xCE, 0x00, 0x07, 0x38, 0x00, 0x00, 0x00,
    0x00, 0x00, 0x00, 0xF0, 0x38, 0x3D, 0xE0, 0xE1, 0xE3, 0xC3, 0x87, 0x07, 0x8E, 0x38, 0x0E, 0x39,
    0xC0, 0x3C, 0xEF, 0x00, 0x7B, 0xB8, 0x00, 0xFF, 0xC0, 0x01, 0xFE, 0x00, 0x0F, 0xFC, 0x00, 0x7B,
    0xB8, 0x03, 0xCE, 0xF0, 0x1E, 0x39, 0xE0, 0x78, 0xE3, 0x83, 0xC3, 0x87, 0x1E, 0x0E, 0x1E, 0x70,
    0x38, 0x3B, 0xC0, 0xE0, 0xF0, 0x03, 0x9C, 0x00, 0x39, 0xC0, 0x00, 0x00, 0x00, 0x00, 0x00, 0x00,
    0x00, 0x07, 0x87, 0x1E, 0x3C, 0x71, 0xC1, 0xC7, 0x38, 0x0E, 0x77, 0x00, 0xF7, 0x70, 0x07, 0xFE,
    0x00, 0x3F, 0xC0, 0x07, 0xFE, 0x00, 0xF7, 0x70, 0x0E, 0x73, 0x81, 0xC7, 0x38, 0x3C, 0x71, 0xC7,
    0x87, 0x1E, 0x70, 0x70, 0xE0, 0x39, 0xC1, 0xCE, 0x00, 0x00, 0x00, 0x00, 0x00, 0x1F, 0xC1, 0xFF,
    0x8C, 0x1E, 0x00, 0x70, 0x03, 0x80, 0x1C, 0x01, 0xC1, 0xFE, 0x0F, 0xF0, 0x03, 0xC0, 0x0F, 0x00,
    0x38, 0x01, 0xC0, 0x0E, 0x00, 0x76, 0x0F, 0x7F, 0xF1, 0xFF, 0x00, 0x73, 0x9C, 0xE0, 0x00, 0x00,
    0x00, 0x00, 0x07, 0xF1, 0xFE, 0x43, 0xC0, 0x70, 0x1C, 0x0E, 0x3F, 0x0F, 0xE0, 0x3C, 0x07, 0x01,
    0xD0, 0xFF, 0xF9, 0xFC, 0x7F, 0xFB, 0xFF, 0xC0, 0x3C, 0x01, 0xC0, 0x1E, 0x01, 0xE0, 0x1E, 0x01,
    0xF0, 0x0F, 0xE0, 0x7F, 0x80, 0x1E, 0x00, 0x70, 0x03, 0x80, 0x1C, 0x00, 0xEC, 0x1E, 0xFF, 0xE1,
    0xFC, 0x00, 0x7F, 0xE7, 0xFE, 0x01, 0xC0, 0x1C, 0x03, 0x80, 0x78, 0x07, 0x00, 0xE0, 0x0F, 0xC0,
    0xFE, 0x01, 0xE0, 0x0F, 0x00, 0x70, 0x07, 0x00, 0x70, 0x0F, 0x41, 0xE7, 0xFC, 0x7F, 0x00, 0x1F,
    0xE0, 0x7F, 0x80, 0x00, 0x00, 0x00, 0x00, 0x03, 0x80, 0x7E, 0x03, 0xF8, 0x1F, 0xE0, 0x7F, 0x83,
    0xFE, 0x1F, 0xF8, 0x77, 0xE3, 0x9F, 0x9E, 0x7E, 0xF1, 0xFB, 0x87, 0xFE, 0x1F, 0xF0, 0x7F, 0x81,
    0xFE, 0x07, 0xF0, 0x1F, 0x80, 0x7E, 0x01, 0xC0, 0x3F, 0xC7, 0xF8, 0x00, 0x00, 0x00, 0x01, 0xC1,
    0xF8, 0x3F, 0x0F, 0xE3, 0xFC, 0x7F, 0x9B, 0xF7, 0x7E, 0xCF, 0xF9, 0xFE, 0x3F, 0xC7, 0xF0, 0xFC,
    0x1F, 0x83, 0x80, 0x1C, 0xE0, 0x73, 0x80, 0x00, 0x00, 0x00, 0xE0, 0x1F, 0x80, 0xFE, 0x07, 0xF8,
    0x3F, 0xE0, 0xFF, 0x87, 0xFE, 0x3D, 0xF8, 0xE7, 0xE7, 0x9F, 0xBC, 0x7E, 0xE1, 0xFF, 0x87, 0xFC,
    0x1F, 0xE0, 0x7F, 0x81, 0xFC, 0x07, 0xE0, 0x1F, 0x80, 0x70, 0x39, 0xC7, 0x38, 0x00, 0x00, 0x00,
    0x01, 0xC1, 0xF8, 0x7F, 0x0F, 0xE3, 0xFC, 0xFF, 0x9B, 0xF7, 0x7E, 0xCF, 0xF9, 0xFE, 0x3F, 0xC7,
    0xF0, 0xFE, 0x1F, 0x83, 0x80, 0x0E, 0x70, 0x07, 0x38, 0x00, 0x00, 0x00, 0x00, 0x00, 0x00, 0x00,
    0x00, 0x00, 0x1F, 0x80, 0x3F, 0xF8, 0x3C, 0x1E, 0x1C, 0x07, 0x1C, 0x01, 0xCE, 0x00, 0xEE, 0x00,
    0x3F, 0x00, 0x1F, 0x80, 0x0F, 0xC0, 0x07, 0xE0, 0x03, 0xF0, 0x01, 0xDC, 0x01, 0xCE, 0x00, 0xE7,
    0x80, 0xF1, 0xE0, 0xF0, 0x7F, 0xF0, 0x0F, 0xE0, 0x39, 0xC1, 0xCE, 0x00, 0x00, 0x00, 0x00, 0x00,
    0x00, 0x00, 0x3E, 0x07, 0xFC, 0x78, 0xF3, 0x83, 0xB8, 0x0F, 0xC0, 0x7E, 0x03, 0xF0, 0x1F, 0x80,
    0xFC, 0x07, 0x70, 0x73, 0xC7, 0x8F, 0xF8, 0x1F, 0x00, 0x07, 0xE0, 0x0F, 0xFE, 0x0F, 0x07, 0x87,
    0x01, 0xC7, 0x00, 0x73, 0x80, 0x3B, 0x80, 0x1F, 0xFF, 0xFF, 0xFF, 0xFF, 0xF0, 0x01, 0xFC, 0x01,
    0xFE, 0x00, 0xF7, 0x00, 0x73, 0xC0, 0x79, 0xE0, 0x3C, 0x78, 0x7C, 0x1F, 0xFC, 0x03, 0xF8, 0x00,
    0x0F, 0x81, 0xFF, 0x1E, 0x3C, 0xE0, 0xEF, 0x07, 0xF0, 0x1F, 0xFF, 0xFF, 0xFF, 0xE0, 0x3F, 0x83,
    0xDC, 0x1C, 0xF1, 0xE3, 0xFE, 0x07, 0xC0, 0x0E, 0x70, 0x07, 0x38, 0x00, 0x00, 0x00, 0x00, 0x00,
    0x00, 0x00, 0x00, 0x00, 0x1F, 0x80, 0x3F, 0xF8, 0x3C, 0x3E, 0x1C, 0x07, 0x1C, 0x03, 0xCE, 0x00,
    0xEE, 0x00, 0x7F, 0xFF, 0xFF, 0xFF, 0xFF, 0xC0, 0x0F, 0xE0, 0x07, 0xF8, 0x03, 0xDC, 0x03, 0xCE,
    0x01, 0xE7, 0x81, 0xF1, 0xE1, 0xF0, 0x7F, 0xF0, 0x0F, 0xE0, 0x39, 0xC1, 0xCE, 0x00, 0x00, 0x00,
    0x00, 0x00, 0x00, 0x00, 0x3E, 0x07, 0xFC, 0x79, 0xF3, 0x87, 0xB8, 0x1F, 0xC0, 0xFF, 0xFF, 0xFF,
    0xFF, 0x81, 0xFC, 0x0F, 0x70, 0xF3, 0xCF, 0x8F, 0xF8, 0x1F, 0x00, 0x39, 0xC0, 0xE7, 0x00, 0x00,
    0x00, 0x00, 0x00, 0x00, 0x00, 0x03, 0xF8, 0x1F, 0xF8, 0x40, 0xF0, 0x01, 0xE0, 0x03, 0x80, 0x0F,
    0x00, 0x3C, 0x7F, 0xF1, 0xFF, 0xC0, 0x0F, 0x00, 0x3C, 0x00, 0xF0, 0x03, 0xC0, 0x1E, 0x00, 0x79,
    0x87, 0xC7, 0xFE, 0x1F, 0xE0, 0x73, 0x8E, 0x70, 0x00, 0x00, 0x07, 0xE0, 0xFF, 0x10, 0xF0, 0x0E,
    0x00, 0xE0, 0x1C, 0x7F, 0x8F, 0xF0, 0x0E, 0x01, 0xC0, 0x72, 0x1E, 0x7F, 0x8F, 0xC0, 0x0F, 0xF0,
    0x1F, 0xE0, 0x00, 0x00, 0x00, 0x00, 0x00, 0x1E, 0x01, 0xDC, 0x03, 0xBC, 0x0F, 0x38, 0x1C, 0x78,
    0x38, 0x70, 0xE0, 0xF1, 0xC0, 0xE3, 0x81, 0xEE, 0x01, 0xDC, 0x03, 0xF0, 0x03, 0xE0, 0x07, 0xC0,
    0x07, 0x00, 0x1C, 0x00, 0x78, 0x0F, 0xE0, 0x1F, 0x00, 0x00, 0x1F, 0xE0, 0xFF, 0x00, 0x00, 0x00,
    0x0F, 0x03, 0xB8, 0x1D, 0xC1, 0xCF, 0x0E, 0x38, 0x71, 0xC3, 0x8E, 0x38, 0x39, 0xC1, 0xCE, 0x0F,
    0xE0, 0x3F, 0x01, 0xF8, 0x07, 0x80, 0x3C, 0x00, 0xC0, 0x0E, 0x00, 0xE0, 0x7E, 0x03, 0xE0, 0x00,
    0x1C, 0xE0, 0x73, 0x80, 0x00, 0x00, 0x00, 0x00, 0x00, 0x00, 0x0E, 0x03, 0xFC, 0x0E, 0x70, 0x39,
    0xE0, 0xE7, 0x87, 0x0E, 0x1C, 0x3C, 0x70, 0x71, 0x81, 0xEE, 0x03, 0xB8, 0x0F, 0xC0, 0x1F, 0x00,
    0x78, 0x00, 0xE0, 0x07, 0x00, 0x3C, 0x07, 0xE0, 0x3F, 0x00, 0x39, 0xC3, 0x9C, 0x00, 0x00, 0x00,
    0x00, 0x0E, 0x07, 0xE0, 0xE7, 0x0E, 0x70, 0xE7, 0x0E, 0x70, 0xC3, 0x9C, 0x39, 0xC3, 0x98, 0x1D,
    0x81, 0xF8, 0x1F, 0x00, 0xF0, 0x0F, 0x00, 0x60, 0x0E, 0x01, 0xC0, 0xFC, 0x0F, 0x00, 0x00, 0x00,
    0x08, 0xC0, 0x77, 0x03, 0x98, 0x1C, 0xE0, 0x21, 0x00, 0x00, 0x38, 0x07, 0xF0, 0x3D, 0xC0, 0xE7,
    0x03, 0x9E, 0x0E, 0x38, 0x70, 0xF1, 0xC1, 0xC7, 0x07, 0xB8, 0x0E, 0xE0, 0x3F, 0x00, 0x7C, 0x01,
    0xF0, 0x03, 0x80, 0x0E, 0x00, 0x70, 0x3F, 0x80, 0xF8, 0x00, 0x04, 0x20, 0x33, 0x83, 0x98, 0x39,
    0xC1, 0x9C, 0x00, 0x00, 0x00, 0x1E, 0x0E, 0x70, 0x73, 0x83, 0x9C, 0x1C, 0xF1, 0xC3, 0x8E, 0x1C,
    0x70, 0xF3, 0x03, 0xB8, 0x1D, 0xC0, 0x7C, 0x03, 0xE0, 0x1F, 0x00, 0x70, 0x03, 0x80, 0x18, 0x01,
    0xC0, 0xFC, 0x07, 0xC0, 0x00, 0x1C, 0xE0, 0xE7, 0x00, 0x00, 0x00, 0x0E, 0x03, 0xF0, 0x1F, 0x80,
    0xFC, 0x07, 0xE0, 0x3F, 0x01, 0xF8, 0x0F, 0xC0, 0x7F, 0x03, 0xBC, 0x1C, 0xFF, 0xE3, 0xFF, 0x00,
    0x38, 0x01, 0xC0, 0x0E, 0x00, 0x70, 0x03, 0x80, 0x1C, 0x73, 0x8E, 0x70, 0x00, 0x00, 0x00, 0x01,
    0xC1, 0xF8, 0x3F, 0x07, 0xE0, 0xFC, 0x1F, 0x83, 0xF8, 0x77, 0xFE, 0x7F, 0xC0, 0x38, 0x07, 0x00,
    0xE0, 0x1C, 0x03, 0x80, 0xFF, 0xFF, 0xFF, 0x80, 0x70, 0x0E, 0x01, 0xC0, 0x38, 0x07, 0x00, 0xE0,
    0x1C, 0x03, 0x80, 0x70, 0x0E, 0x01, 0xC0, 0x38, 0x07, 0x00, 0xFC, 0x1F, 0x80, 0x70, 0x0E, 0x01,
    0xC0, 0x38, 0x07, 0x00, 0xFF, 0xFF, 0xF8, 0x1C, 0x0E, 0x07, 0x03, 0x81, 0xC0, 0xE0, 0x70, 0x38,
    0x1C, 0x0F, 0x87, 0xC0, 0xE0, 0x70, 0x38, 0x1C, 0x00, 0x07, 0x38, 0x01, 0xCE, 0x00, 0x00, 0x00,
    0x00, 0x00, 0xE0, 0x01, 0xF8, 0x00, 0x7E, 0x00, 0x1F, 0x80, 0x07, 0xE0, 0x01, 0xF8, 0x00, 0x7E,
    0x00, 0x1F, 0xFC, 0x07, 0xFF, 0xC1, 0xF8, 0x78, 0x7E, 0x0F, 0x1F, 0x81, 0xC7, 0xE0, 0x71, 0xF8,
    0x1C, 0x7E, 0x0F, 0x1F, 0x87, 0x87, 0xFF, 0xC1, 0xFF, 0xC0, 0x70, 0x07, 0x38, 0x07, 0x38, 0x00,
    0x00, 0x00, 0x00, 0xE0, 0x07, 0xE0, 0x07, 0xE0, 0x07, 0xE0, 0x07, 0xE0, 0x07, 0xFF, 0x07, 0xFF,
    0xC7, 0xE1, 0xE7, 0xE0, 0xE7, 0xE0, 0xE7, 0xE0, 0xE7, 0xE1, 0xE7, 0xFF, 0xC7, 0xFF, 0x07, 0x70,
    0x1D, 0xE0, 0x73, 0xC1, 0xC7, 0x0E, 0x0E, 0x38, 0x7C, 0xE3, 0xF7, 0x1C, 0xF8, 0x71, 0xC1, 0xC7,
    0x0E, 0x0E, 0x38, 0x3C, 0xE0, 0x73, 0x80, 0xEE, 0x03, 0xC0, 0x7F, 0x03, 0xFE, 0x00, 0x70, 0x01,
    0xC0, 0x0E, 0x00, 0x70, 0x03, 0x80, 0x1C, 0x00, 0xE0, 0x07, 0x00, 0x38, 0x01, 0xC0, 0x0E, 0x7F,
    0xFF, 0xFF, 0xE0, 0x3C, 0x1F, 0x01, 0xC0, 0xE0, 0x70, 0x38, 0x1C, 0x0E, 0x07, 0x03, 0x81, 0xC1,
    0xE1, 0xF7, 0xDF, 0x8E, 0xFF, 0xFF, 0xFF, 0x00, 0x00, 0x1C, 0x01, 0xC0, 0x1C, 0x01, 0xC0, 0x1C,
    0x01, 0xC0, 0x1C, 0x01, 0xC0, 0x1C, 0x01, 0xC0, 0x1C, 0x01, 0xC0, 0xFF, 0xCF, 0xFE, 0x00, 0xF0,
    0x07, 0x00, 0x70, 0x07, 0x00, 0x7E, 0x07, 0xE0, 0x7E, 0x07, 0xE0, 0x7E, 0x07, 0xE0, 0x7E, 0x07,
    0xE0, 0x70, 0xFF, 0xCE, 0x73, 0x9C, 0xE7, 0x39, 0xCE, 0x73, 0x9C, 0xE0, 0xFF, 0xFC, 0x71, 0xC7,
    0x0E, 0x1C, 0x38, 0x70, 0xE1, 0xC3, 0xC7, 0x87, 0x0E, 0x00, 0xFF, 0xC7, 0xFF, 0x9C, 0x1E, 0xE0,
    0x77, 0x03, 0xB8, 0x1D, 0xC0, 0xEE, 0x07, 0x70, 0x3B, 0x81, 0xDC, 0x0E, 0xE0, 0x77, 0x03, 0xB8,
    0x1D, 0xC0, 0xE0, 0xE3, 0xE7, 0x1F, 0xB8, 0x1D, 0xC0, 0x7E, 0x03, 0xF0, 0x1F, 0x80, 0xFC, 0x07,
    0xE0, 0x3F, 0x01, 0xF8, 0x1E, 0xE0, 0xE7, 0x8F, 0x1F, 0xF0, 0x3E, 0x00, 0xFF, 0xCE, 0x73, 0x9C,
    0xE7, 0xFF, 0x1F, 0xF8, 0x07, 0x00, 0x70, 0x0E, 0x01, 0xC0, 0x38, 0x07, 0x00, 0xE0, 0x1C, 0x03,
    0x80, 0x70, 0x0E, 0x01, 0xC0, 0x38, 0x07, 0x00, 0xE0, 0x1C, 0x03, 0x80, 0x70, 0x7E, 0x0F, 0xF0,
    0x0F, 0x00, 0xE0, 0x0E, 0x01, 0xC0, 0x38, 0x07, 0x00, 0xE0, 0x1C, 0x03, 0x80, 0xE0, 0x3D, 0xFF,
    0x3F, 0x80, 0xE0, 0x1C, 0x03, 0x80, 0x70, 0x0F, 0xFF, 0xFF, 0xC0, 0x38, 0x0F, 0x01, 0xC0, 0x38,
    0x0F, 0x01, 0xC0, 0x38, 0x0F, 0x01, 0xC0, 0x38, 0x07, 0x01, 0xC0, 0x38, 0x00, 0xFF, 0xE3, 0xFF,
    0xE7, 0x03, 0xDC, 0x07, 0x70, 0x1D, 0xC0, 0x77, 0x01, 0xDC, 0x07, 0x70, 0x1D, 0xC0, 0x77, 0x01,
    0xDC, 0x07, 0x70, 0x1D, 0xFF, 0xF7, 0xFF, 0xC0, 0x71, 0xF0, 0xE7, 0xF1, 0xD8, 0xF1, 0xE0, 0xE3,
    0xC0, 0xE7, 0x01, 0xCE, 0x03, 0x9C, 0x07, 0x38, 0x0E, 0x70, 0x1C, 0xE0, 0x3B, 0x80, 0xE7, 0x03,
    0xCE, 0x3F, 0x1C, 0xF8, 0x00, 0xFF, 0xCE, 0x73, 0x9C, 0xE7, 0x39, 0xCE, 0x73, 0x9C, 0xE7, 0x39,
    0xCE, 0x70, 0x78, 0xF8, 0x38, 0x70, 0xE1, 0xC3, 0x87, 0x0E, 0x1C, 0x38, 0x70, 0xFF, 0xFF, 0x80,
    0x7F, 0xE3, 0xFF, 0xC1, 0x83, 0x8E, 0x0F, 0x70, 0x1D, 0xC0, 0x77, 0x01, 0xDC, 0x07, 0x70, 0x1D,
    0xC0, 0x77, 0x03, 0xCE, 0x0E, 0x3C, 0x78, 0x7F, 0xC0, 0xFC, 0x00, 0x70, 0x3B, 0x81, 0xCE, 0x0E,
    0x70, 0x73, 0x83, 0x9C, 0x1C, 0x60, 0xE3, 0x87, 0x1C, 0x38, 0xE3, 0x87, 0x1C, 0x1B, 0xC1, 0xFC,
    0x7F, 0xC3, 0xF0, 0x10, 0x00, 0x1F, 0x83, 0xFF, 0x1C, 0x3D, 0xC0, 0xEE, 0x03, 0xF0, 0x1F, 0xC0,
    0xEF, 0x07, 0x78, 0x38, 0xC1, 0xC0, 0x0E, 0x00, 0x70, 0x03, 0x80, 0x1C, 0x00, 0xE0, 0x07, 0x00,
    0x38, 0x01, 0xC0, 0x0E, 0x00, 0x70, 0x1F, 0x83, 0xFF, 0x1C, 0x3D, 0xC0, 0xEE, 0x03, 0xF0, 0x1F,
    0x80, 0xFF, 0x07, 0x78, 0x39, 0xC1, 0xC0, 0x1E, 0x00, 0xE0, 0x0E, 0x7F, 0xE3, 0xFC, 0x00, 0xE0,
    0xEF, 0x0E, 0x70, 0xE7, 0x0E, 0x78, 0xE3, 0x8E, 0x39, 0xC1, 0xFC, 0x1F, 0x81, 0xE0, 0x0E, 0x00,
    0xE0, 0x0E, 0x00, 0xE0, 0x07, 0x00, 0x70, 0x07, 0x00, 0x70, 0x03, 0x80, 0x38, 0xF0, 0x77, 0x07,
    0x78, 0x73, 0x8F, 0x1C, 0xE1, 0xCE, 0x0F, 0xE0, 0xFC, 0x07, 0x80, 0x78, 0x03, 0x80, 0x1C, 0x01,
    0xEF, 0xFE, 0xFF, 0xE0, 0x7F, 0xFF, 0xFF, 0xF0, 0x03, 0x80, 0x0E, 0x00, 0x38, 0x01, 0xE7, 0x07,
    0x1C, 0x1C, 0x70, 0x71, 0xC3, 0x87, 0x0E, 0x1C, 0x38, 0x71, 0xE1, 0xC7, 0x07, 0x1C, 0x1C, 0x00,
    0x70, 0x01, 0xC0, 0x07, 0x00, 0x1C, 0x00, 0xFF, 0x3F, 0xE0, 0x3C, 0x07, 0x01, 0xC0, 0x70, 0x1C,
    0x07, 0x01, 0xC0, 0x70, 0x1C, 0x07, 0x01, 0xC0, 0x70, 0x1C, 0xE3, 0x8F, 0xC7, 0x1F, 0x8E, 0x3F,
    0x1C, 0x7E, 0x38, 0xFC, 0xE1, 0xFB, 0xC3, 0xFF, 0x07, 0xF8, 0x0F, 0xC0, 0x1D, 0xC0, 0x73, 0x80,
    0xE3, 0x83, 0x83, 0xFE, 0x03, 0xF8, 0x00, 0x7F, 0xF0, 0xFF, 0xF8, 0x70, 0x78, 0xE0, 0x71, 0xC0,
    0xE3, 0x81, 0xC7, 0x03, 0x8E, 0x07, 0x1C, 0x0E, 0x38, 0x1C, 0x70, 0x38, 0xE0, 0x71, 0xC0, 0xEF,
    0x01, 0xFC, 0x03, 0x80, 0x66, 0xEE, 0xFE, 0x39, 0xDE, 0xE7, 0x3B, 0xC0, 0x00, 0x00, 0x4F, 0x79,
    0xC0, 0x1F, 0x8F, 0xFD, 0xFF, 0xF8, 0x2F, 0x01, 0xE0, 0x1E, 0x01, 0xE0, 0x1E, 0x01, 0xE0, 0x1C,
    0x03, 0x80, 0x00, 0x00, 0x01, 0x80, 0x78, 0x0F, 0x00, 0xE0, 0x0F, 0x0F, 0xC3, 0xF1, 0xC0, 0x70,
    0x0C, 0x03, 0x98, 0x7F, 0xFF, 0xDF, 0x87, 0x00, 0xFF, 0xFF, 0xFF, 0x23, 0xBE, 0xE2, 0x00, 0x67,
    0x1C, 0xE7, 0x39, 0xCF, 0x39, 0xCE, 0x73, 0x9C, 0xE7, 0x38, 0x60, 0x7E, 0x1D, 0xC3, 0xBF, 0xF7,
    0xFC, 0xFF, 0x1C, 0x01, 0xC0, 0x38, 0x07, 0x00, 0xE0, 0x1C, 0x03, 0x80, 0x70, 0x0E, 0x01, 0xC0,
    0x18, 0x00, 0xE0, 0x13, 0x9D, 0xDC, 0xCE, 0xE7, 0x77, 0xFF, 0xBF, 0xF8, 0xF1, 0x07, 0x00, 0x38,
    0x01, 0xC0, 0x0E, 0x00, 0x70, 0x03, 0x80, 0x1C, 0x00, 0x60, 0x03, 0x00, 0x18, 0x00, 0x0C, 0x0F,
    0x07, 0xE3, 0xC0, 0xE0, 0x38, 0x0E, 0x03, 0xF0, 0x7C, 0x1F, 0x07, 0x03, 0x80, 0xE0, 0x38, 0x0F,
    0xFB, 0xFF, 0x3F, 0x80, 0x1E, 0x1F, 0xC7, 0xFB, 0x8E, 0xE1, 0xF8, 0x7C, 0x1F, 0x07, 0xE1, 0xF8,
    0xFF, 0xF9, 0xFE, 0x3E, 0x00, 0x73, 0xDF, 0xFB, 0xFF, 0x00, 0xE0, 0x1C, 0x03, 0x80, 0x70, 0x0E,
    0x01, 0xC0, 0x38, 0x07, 0x00, 0x60, 0x0E, 0x01, 0xC0, 0x38, 0x07, 0x00, 0xE0, 0x60, 0x37, 0x81,
    0xDC, 0x1E, 0xE0, 0xE3, 0x87, 0x1C, 0x70, 0xE3, 0x83, 0x9C, 0x1C, 0xC0, 0xEE, 0x07, 0x70, 0x1F,
    0x00, 0xF8, 0x07, 0xC0, 0x1E, 0x00, 0xE0, 0x07, 0x00, 0x07, 0x00, 0x3C, 0x01, 0xE0, 0x0F, 0x00,
    0xF8, 0x07, 0xE0, 0x37, 0x03, 0xB8, 0x1C, 0xE0, 0xE7, 0x0E, 0x38, 0x71, 0xC3, 0x87, 0x38, 0x39,
    0xC1, 0xDE, 0x07, 0x60, 0x38, 0x1E, 0x07, 0xE1, 0xFE, 0x39, 0xCE, 0x1D, 0xC3, 0x9C, 0x73, 0xFE,
    0x3F, 0xC3, 0xF8, 0x07, 0x00, 0xE0, 0x1C, 0x01, 0x80, 0x38, 0x07, 0x00, 0xE0, 0x00, 0x08, 0x00,
    0x78, 0x00, 0x70, 0x00, 0xE7, 0x01, 0xFC, 0x01, 0xF8, 0x03, 0xF0, 0x07, 0xE0, 0x0F, 0xC0, 0x3B,
    0x80, 0x77, 0xC3, 0xE7, 0xFF, 0x87, 0xFE, 0x01, 0xE0, 0x00, 0xFF, 0xF0, 0x23, 0xBE, 0xE2, 0x00,
    0x67, 0x1C, 0xE7, 0x39, 0xCF, 0x39, 0xCE, 0x73, 0x9C, 0xE7, 0x38, 0x60, 0x7E, 0x1D, 0xC3, 0xBF,
    0xF7, 0xFC, 0xFF, 0x1C, 0x01, 0xC0, 0x38, 0x07, 0x00, 0xE0, 0x1C, 0x03, 0x80, 0x70, 0x0E, 0x01,
    0xC0, 0x18, 0x00, 0xE0, 0x13, 0x9D, 0xDC, 0xCE, 0xE7, 0x77, 0xFF, 0xBF, 0xF8, 0xF1, 0x07, 0x00,
    0x38, 0x01, 0xC0, 0x0E, 0x00, 0x70, 0x03, 0x80, 0x1C, 0x00, 0x60, 0x03, 0x00, 0x18, 0x00, 0x63,
    0xDC, 0xF9, 0xDD, 0x3B, 0x87, 0x72, 0xFF, 0xDF, 0xFB, 0x98, 0x38, 0x07, 0x00, 0xE0, 0x1C, 0x03,
    0x80, 0x70, 0x0E, 0x01, 0xC0, 0x38, 0x00, 0x04, 0x03, 0xC0, 0x38, 0x07, 0x81, 0xF8, 0x7F, 0x0E,
    0x73, 0x8E, 0x70, 0xEC, 0x1F, 0x83, 0xF0, 0x3E, 0x67, 0xCD, 0xFF, 0xFB, 0xFF, 0x3B, 0xC0, 0x1F,
    0x0F, 0xC7, 0xF1, 0xC0, 0x70, 0x1C, 0x07, 0x08, 0xFE, 0x3F, 0xC3, 0xC1, 0xE0, 0xF0, 0x38, 0x1E,
    0x0F, 0x03, 0x80, 0xE0, 0x00, 0x60, 0x37, 0x81, 0xDC, 0x1E, 0xE0, 0xE3, 0x87, 0x1C, 0x70, 0xE3,
    0x83, 0x9C, 0x1C, 0xC0, 0xEE, 0x07, 0x70, 0x1F, 0x00, 0xF8, 0x07, 0xC0, 0x1E, 0x00, 0xE0, 0x07,
    0x00, 0x07, 0x00, 0x3C, 0x01, 0xE0, 0x0F, 0x00, 0xF8, 0x07, 0xE0, 0x37, 0x03, 0xB8, 0x1C, 0xE0,
    0xE7, 0x0E, 0x38, 0x71, 0xC3, 0x87, 0x38, 0x39, 0xC1, 0xDE, 0x07, 0x60, 0x38, 0x1E, 0x07, 0xE1,
    0xFE, 0x39, 0xCE, 0x1D, 0xC3, 0x9C, 0x73, 0xFE, 0x3F, 0xC3, 0xF8, 0x07, 0x00, 0xE0, 0x1C, 0x01,
    0x80, 0x38, 0x07, 0x00, 0xE0, 0x01, 0xC0, 0x01, 0xF0, 0x00, 0xF8, 0x00, 0xEE, 0x00, 0x77, 0x00,
    0x39, 0xC0, 0x38, 0xE0, 0x1C, 0x70, 0x1C, 0x1C, 0x0E, 0x0E, 0x07, 0xFF, 0x87, 0xFF, 0xC3, 0xFF,
    0xE3, 0xC0, 0x79, 0xC0, 0x1C, 0xE0, 0x0F, 0xF0, 0x07, 0x80, 0x00, 0x00, 0x30, 0x00, 0x3C, 0x00,
    0x1E, 0x00, 0x06, 0x00, 0x7F, 0x87, 0xF8, 0x07, 0x00, 0xF0, 0x0E, 0x7F, 0xDF, 0xFF, 0x87, 0xE0,
    0xFC, 0x1F, 0xC3, 0xBF, 0xF3, 0xFE, 0x00, 0x01, 0x80, 0x78, 0x0F, 0x00, 0xC0, 0x03, 0xC0, 0x00,
    0xF0, 0x00, 0x18, 0x00, 0x18, 0x00, 0x08, 0x00, 0x00, 0x00, 0x07, 0x00, 0x07, 0xC0, 0x03, 0xE0,
    0x03, 0xB8, 0x01, 0xDC, 0x00, 0xE7, 0x00, 0xE3, 0x80, 0x71, 0xC0, 0x70, 0x70, 0x38, 0x38, 0x1F,
    0xFE, 0x1F, 0xFF, 0x0F, 0xFF, 0x8F, 0x01, 0xE7, 0x00, 0x73, 0x80, 0x3F, 0xC0, 0x1E, 0x0E, 0x01,
    0xE0, 0x0C, 0x03, 0x80, 0x40, 0x00, 0x1F, 0xE1, 0xFE, 0x01, 0xC0, 0x3C, 0x03, 0x9F, 0xF7, 0xFF,
    0xE1, 0xF8, 0x3F, 0x07, 0xF0, 0xEF, 0xFC, 0xFF, 0x80, 0x00, 0x00, 0x00, 0x03, 0x00, 0x03, 0x80,
    0x03, 0x80, 0x0F, 0x80, 0x0F, 0x80, 0x0F, 0xC0, 0x0E, 0x60, 0x00, 0x00, 0x00, 0x00, 0x00, 0x70,
    0x00, 0x7C, 0x00, 0x3E, 0x00, 0x3B, 0x80, 0x1D, 0xC0, 0x0E, 0x70, 0x0E, 0x38, 0x07, 0x1C, 0x07,
    0x07, 0x03, 0x83, 0x81, 0xFF, 0xE1, 0xFF, 0xF0, 0xFF, 0xF8, 0xF0, 0x1E, 0x70, 0x07, 0x38, 0x03,
    0xFC, 0x01, 0xE0, 0x00, 0x10, 0x01, 0xC0, 0x1C, 0x01, 0xC0, 0x6C, 0x07, 0x80, 0x7E, 0x03, 0x30,
    0x00, 0x00, 0x00, 0x1F, 0xE0, 0x7F, 0x80, 0x1C, 0x00, 0xF0, 0x03, 0x87, 0xFC, 0x7F, 0xE7, 0x87,
    0x38, 0x39, 0xC1, 0xCF, 0x0E, 0x3F, 0xF0, 0xFF, 0x80, 0x00, 0x00, 0x00, 0x18, 0x00, 0x0E, 0x00,
    0x03, 0x80, 0x0C, 0xE0, 0x0F, 0x20, 0x0F, 0xC0, 0x0E, 0x60, 0x00, 0x00, 0x00, 0x00, 0x00, 0x70,
    0x00, 0x7C, 0x00, 0x3E, 0x00, 0x3B, 0x80, 0x1D, 0xC0, 0x0E, 0x70, 0x0E, 0x38, 0x07, 0x1C, 0x07,
    0x07, 0x03, 0x83, 0x81, 0xFF, 0xE1, 0xFF, 0xF0, 0xFF, 0xF8, 0xF0, 0x1E, 0x70, 0x07, 0x38, 0x03,
    0xFC, 0x01, 0xE0, 0x00, 0x80, 0x38, 0x01, 0xC0, 0x0E, 0x06, 0x70, 0xF2, 0x1F, 0x81, 0x98, 0x00,
    0x00, 0x00, 0x7F, 0x83, 0xFC, 0x01, 0xC0, 0x1E, 0x00, 0xE3, 0xFE, 0x7F, 0xEF, 0x0E, 0xE0, 0xEE,
    0x0E, 0xF0, 0xE7, 0xFE, 0x3F, 0xE0, 0x00, 0x3C, 0x00, 0x07, 0x00, 0x07, 0x00, 0x1B, 0x00, 0x1E,
    0x00, 0x1F, 0x80, 0x1C, 0xC0, 0x00, 0x00, 0x00, 0x00, 0x00, 0xE0, 0x00, 0xF8, 0x00, 0x7C, 0x00,
    0x77, 0x00, 0x3B, 0x80, 0x1C, 0xE0, 0x1C, 0x70, 0x0E, 0x38, 0x0E, 0x0E, 0x07, 0x07, 0x03, 0xFF,
    0xC3, 0xFF, 0xE1, 0xFF, 0xF1, 0xE0, 0x3C, 0xE0, 0x0E, 0x70, 0x07, 0xF8, 0x03, 0xC0, 0x01, 0xF0,
    0x03, 0x00, 0x70, 0x64, 0x0F, 0x01, 0xF8, 0x19, 0x80, 0x00, 0x00, 0x07, 0xF8, 0x3F, 0xC0, 0x1C,
    0x01, 0xE0, 0x0E, 0x3F, 0xE7, 0xFE, 0xF0, 0xEE, 0x0E, 0xE0, 0xEF, 0x0E, 0x7F, 0xE3, 0xFE, 0x03,
    0x98, 0x03, 0xFC, 0x03, 0xBC, 0x00, 0x00, 0x00, 0x0C, 0x00, 0x0F, 0x00, 0x0F, 0xC0, 0x0E, 0x60,
    0x00, 0x00, 0x00, 0x00, 0x00, 0x70, 0x00, 0x7C, 0x00, 0x3E, 0x00, 0x3B, 0x80, 0x1D, 0xC0, 0x0E,
    0x70, 0x0E, 0x38, 0x07, 0x1C, 0x07, 0x07, 0x03, 0x83, 0x81, 0xFF, 0xE1, 0xFF, 0xF0, 0xFF, 0xF8,
    0xF0, 0x1E, 0x70, 0x07, 0x38, 0x03, 0xFC, 0x01, 0xE0, 0x1C, 0xC7, 0xF8, 0xDE, 0x00, 0x00, 0x60,
    0x1E, 0x07, 0xE0, 0xCC, 0x00, 0x00, 0x01, 0xFE, 0x1F, 0xE0, 0x1C, 0x03, 0xC0, 0x39, 0xFF, 0x7F,
    0xFE, 0x1F, 0x83, 0xF0, 0x7F, 0x0E, 0xFF, 0xCF, 0xF8, 0x00, 0xC0, 0x00, 0xF0, 0x00, 0xFC, 0x00,
    0xE6, 0x00, 0x00, 0x00, 0x00, 0x00, 0x07, 0x00, 0x07, 0xC0, 0x03, 0xE0, 0x03, 0xB8, 0x01, 0xDC,
    0x00, 0xE7, 0x00, 0xE3, 0x80, 0x71, 0xC0, 0x70, 0x70, 0x38, 0x38, 0x1F, 0xFE, 0x1F, 0xFF, 0x0F,
    0xFF, 0x8F, 0x01, 0xE7, 0x00, 0x73, 0x80, 0x3F, 0xC0, 0x1E, 0x00, 0x00, 0x00, 0xC0, 0x00, 0xF0,
    0x00, 0x78, 0x00, 0x18, 0x00, 0x06, 0x01, 0xE0, 0x7E, 0x0C, 0xC0, 0x00, 0x00, 0x1F, 0xE1, 0xFE,
    0x01, 0xC0, 0x3C, 0x03, 0x9F, 0xF7, 0xFF, 0xE1, 0xF8, 0x3F, 0x07, 0xF0, 0xEF, 0xFC, 0xFF, 0x80,
    0x00, 0x60, 0x1E, 0x03, 0xC0, 0x30, 0x00, 0x20, 0x00, 0x38, 0x00, 0x3C, 0x00, 0x1C, 0x00, 0x1C,
    0x00, 0x34, 0xC0, 0x1C, 0xC0, 0x07, 0xE0, 0x01, 0xE0, 0x00, 0x00, 0x00, 0x00, 0x00, 0x38, 0x00,
    0x3E, 0x00, 0x1F, 0x00, 0x1D, 0xC0, 0x0E, 0xE0, 0x07, 0x38, 0x07, 0x1C, 0x03, 0x8E, 0x03, 0x83,
    0x81, 0xC1, 0xC0, 0xFF, 0xF0, 0xFF, 0xF8, 0x7F, 0xFC, 0x78, 0x0F, 0x38, 0x03, 0x9C, 0x01, 0xFE,
    0x00, 0xF0, 0x01, 0x00, 0x70, 0x1C, 0x07, 0x00, 0xC0, 0x61, 0x86, 0x70, 0xFC, 0x0F, 0x00, 0x00,
    0x00, 0x3F, 0xC3, 0xFC, 0x03, 0x80, 0x78, 0x07, 0x3F, 0xEF, 0xFF, 0xC3, 0xF0, 0x7E, 0x0F, 0xE1,
    0xDF, 0xF9, 0xFF, 0x01, 0x00, 0x01, 0xC0, 0x00, 0xF0, 0x00, 0x38, 0x00, 0x0E, 0x00, 0x32, 0xC0,
    0x1C, 0xC0, 0x07, 0xE0, 0x01, 0xE0, 0x00, 0x00, 0x00, 0x00, 0x00, 0x38, 0x00, 0x3E, 0x00, 0x1F,
    0x00, 0x1D, 0xC0, 0x0E, 0xE0, 0x07, 0x38, 0x07, 0x1C, 0x03, 0x8E, 0x03, 0x83, 0x81, 0xC1, 0xC0,
    0xFF, 0xF0, 0xFF, 0xF8, 0x7F, 0xFC, 0x78, 0x0F, 0x38, 0x03, 0x9C, 0x01, 0xFE, 0x00, 0xF0, 0x08,
    0x03, 0x80, 0x38, 0x03, 0x80, 0x30, 0x61, 0x86, 0x70, 0xFC, 0x0F, 0x00, 0x00, 0x00, 0x3F, 0xC3,
    0xFC, 0x03, 0x80, 0x78, 0x07, 0x3F, 0xEF, 0xFF, 0xC3, 0xF0, 0x7E, 0x0F, 0xE1, 0xDF, 0xF9, 0xFF,
    0x03, 0xC0, 0x00, 0xF0, 0x00, 0x18, 0x00, 0x18, 0x00, 0x69, 0x80, 0x39, 0x80, 0x0F, 0xC0, 0x03,
    0xC0, 0x00, 0x00, 0x00, 0x00, 0x00, 0x70, 0x00, 0x7C, 0x00, 0x3E, 0x00, 0x3B, 0x80, 0x1D, 0xC0,
    0x0E, 0x70, 0x0E, 0x38, 0x07, 0x1C, 0x07, 0x07, 0x03, 0x83, 0x81, 0xFF, 0xE1, 0xFF, 0xF0, 0xFF,
    0xF8, 0xF0, 0x1E, 0x70, 0x07, 0x38, 0x03, 0xFC, 0x01, 0xE0, 0x0F, 0x00, 0x60, 0x0C, 0x03, 0x03,
    0x4C, 0x33, 0x87, 0xE0, 0x78, 0x00, 0x00, 0x01, 0xFE, 0x1F, 0xE0, 0x1C, 0x03, 0xC0, 0x39, 0xFF,
    0x7F, 0xFE, 0x1F, 0x83, 0xF0, 0x7F, 0x0E, 0xFF, 0xCF, 0xF8, 0x00, 0x00, 0x03, 0xFC, 0x01, 0xFE,
    0x00, 0x8C, 0x00, 0x61, 0x80, 0x39, 0x80, 0x0F, 0xC0, 0x03, 0xC0, 0x00, 0x00, 0x00, 0x00, 0x00,
    0x70, 0x00, 0x7C, 0x00, 0x3E, 0x00, 0x3B, 0x80, 0x1D, 0xC0, 0x0E, 0x70, 0x0E, 0x38, 0x07, 0x1C,
    0x07, 0x07, 0x03, 0x83, 0x81, 0xFF, 0xE1, 0xFF, 0xF0, 0xFF, 0xF8, 0xF0, 0x1E, 0x70, 0x07, 0x38,
    0x03, 0xFC, 0x01, 0xE0, 0x08, 0x07, 0xF8, 0xFF, 0x00, 0x83, 0x0C, 0x33, 0x87, 0xE0, 0x78, 0x00,
    0x00, 0x01, 0xFE, 0x1F, 0xE0, 0x1C, 0x03, 0xC0, 0x39, 0xFF, 0x7F, 0xFE, 0x1F, 0x83, 0xF0, 0x7F,
    0x0E, 0xFF, 0xCF, 0xF8, 0x06, 0x18, 0x03, 0x98, 0x00, 0xFC, 0x00, 0x3C, 0x00, 0x00, 0x00, 0x00,
    0x00, 0x07, 0x00, 0x07, 0xC0, 0x03, 0xE0, 0x03, 0xB8, 0x01, 0xDC, 0x00, 0xE7, 0x00, 0xE3, 0x80,
    0x71, 0xC0, 0x70, 0x70, 0x38, 0x38, 0x1F, 0xFE, 0x1F, 0xFF, 0x0F, 0xFF, 0x8F, 0x01, 0xE7, 0x00,
    0x73, 0x80, 0x3F, 0xC0, 0x1E, 0x00, 0x00, 0x00, 0xC0, 0x00, 0xF0, 0x00, 0x78, 0x00, 0x18, 0x00,
    0x30, 0xC3, 0x38, 0x7E, 0x07, 0x80, 0x00, 0x00, 0x1F, 0xE1, 0xFE, 0x01, 0xC0, 0x3C, 0x03, 0x9F,
    0xF7, 0xFF, 0xE1, 0xF8, 0x3F, 0x07, 0xF0, 0xEF, 0xFC, 0xFF, 0x80, 0x00, 0x60, 0x1E, 0x03, 0xC0,
    0x30, 0xFF, 0xEF, 0xFE, 0xE0, 0x0E, 0x00, 0xE0, 0x0E, 0x00, 0xE0, 0x0F, 0xFC, 0xFF, 0xCE, 0x00,
    0xE0, 0x0E, 0x00, 0xE0, 0x0E, 0x00, 0xFF, 0xFF, 0xFF, 0xFF, 0xF0, 0x00, 0x06, 0x00, 0xE0, 0x0F,
    0x00, 0x60, 0x1F, 0xC3, 0xFE, 0x78, 0xE7, 0x07, 0xF0, 0x7F, 0xFF, 0xFF, 0xFE, 0x00, 0xF0, 0x07,
    0x00, 0x7C, 0x63, 0xFE, 0x1F, 0xE0, 0x00, 0x02, 0x00, 0x70, 0x07, 0x00, 0x70, 0x0F, 0x00, 0x30,
    0x03, 0x00, 0x60, 0x06, 0x00, 0x00, 0xFF, 0xEF, 0xFE, 0xE0, 0x0E, 0x00, 0xE0, 0x0E, 0x00, 0xE0,
    0x0F, 0xFC, 0xFF, 0xCE, 0x00, 0xE0, 0x0E, 0x00, 0xE0, 0x0E, 0x00, 0xFF, 0xFF, 0xFF, 0xFF, 0xF0,
    0x0E, 0x00, 0xF0, 0x03, 0x00, 0x70, 0x06, 0x00, 0x00, 0x1F, 0xC3, 0xFE, 0x78, 0xE7, 0x07, 0xF0,
    0x7F, 0xFF, 0xFF, 0xFE, 0x00, 0xF0, 0x07, 0x00, 0x7C, 0x63, 0xFE, 0x1F, 0xE0, 0x1C, 0x43, 0xFC,
    0x37, 0xC0, 0x00, 0x00, 0x00, 0x00, 0xFF, 0xEF, 0xFE, 0xE0, 0x0E, 0x00, 0xE0, 0x0E, 0x00, 0xE0,
    0x0F, 0xFC, 0xFF, 0xCE, 0x00, 0xE0, 0x0E, 0x00, 0xE0, 0x0E, 0x00, 0xFF, 0xFF, 0xFF, 0xFF, 0xF0,
    0x00, 0x41, 0xFE, 0x3F, 0xC1, 0x18, 0x00, 0x00, 0x00, 0x1F, 0xC3, 0xFE, 0x78, 0xE7, 0x07, 0xF0,
    0x7F, 0xFF, 0xFF, 0xFE, 0x00, 0xF0, 0x07, 0x00, 0x7C, 0x63, 0xFE, 0x1F, 0xE0, 0x00, 0x00, 0x01,
    0x80, 0x1C, 0x01, 0xC0, 0x7C, 0x07, 0xC0, 0x7E, 0x07, 0x30, 0x10, 0x00, 0x00, 0x3F, 0xF9, 0xFF,
    0xCE, 0x00, 0x70, 0x03, 0x80, 0x1C, 0x00, 0xE0, 0x07, 0xFE, 0x3F, 0xF1, 0xC0, 0x0E, 0x00, 0x70,
    0x03, 0x80, 0x1C, 0x00, 0xFF, 0xF7, 0xFF, 0xBF, 0xFC, 0x00, 0x10, 0x00, 0xE0, 0x07, 0x80, 0x1C,
    0x02, 0xE0, 0x1F, 0x00, 0xDC, 0x06, 0x30, 0x00, 0x00, 0x00, 0x01, 0xFC, 0x0F, 0xF8, 0x78, 0xE1,
    0xC1, 0xCF, 0x07, 0x3F, 0xFC, 0xFF, 0xF3, 0x80, 0x0F, 0x00, 0x1C, 0x00, 0x7C, 0x60, 0xFF, 0x81,
    0xFE, 0x00, 0x00, 0x00, 0x18, 0x01, 0xC0, 0x0E, 0x06, 0x70, 0xF2, 0x1F, 0x83, 0x98, 0x10, 0x00,
    0x00, 0xFF, 0xEF, 0xFE, 0xE0, 0x0E, 0x00, 0xE0, 0x0E, 0x00, 0xE0, 0x0F, 0xFC, 0xFF, 0xCE, 0x00,
    0xE0, 0x0E, 0x00, 0xE0, 0x0E, 0x00, 0xFF, 0xFF, 0xFF, 0xFF, 0xF0, 0x00, 0x80, 0x1C, 0x01, 0xE0,
    0x07, 0x02, 0x30, 0x78, 0x0D, 0xC1, 0x8C, 0x00, 0x00, 0x00, 0x1F, 0xC3, 0xFE, 0x78, 0xE7, 0x07,
    0xF0, 0x7F, 0xFF, 0xFF, 0xFE, 0x00, 0xF0, 0x07, 0x00, 0x7C, 0x63, 0xFE, 0x1F, 0xE0, 0x01, 0xE0,
    0x17, 0x00, 0x70, 0x6E, 0x0F, 0xC1, 0xF8, 0x39, 0x81, 0x00, 0x00, 0x0F, 0xFE, 0xFF, 0xEE, 0x00,
    0xE0, 0x0E, 0x00, 0xE0, 0x0E, 0x00, 0xFF, 0xCF, 0xFC, 0xE0, 0x0E, 0x00, 0xE0, 0x0E, 0x00, 0xE0,
    0x0F, 0xFF, 0xFF, 0xFF, 0xFF, 0x00, 0xF0, 0x01, 0xC0, 0x1C, 0x04, 0xC0, 0x78, 0x06, 0xE0, 0x63,
    0x00, 0x00, 0x00, 0x00, 0xFE, 0x0F, 0xF8, 0xF1, 0xC7, 0x07, 0x78, 0x3B, 0xFF, 0xDF, 0xFE, 0xE0,
    0x07, 0x80, 0x1C, 0x00, 0xF8, 0xC3, 0xFE, 0x0F, 0xF0, 0x1C, 0xC3, 0xFC, 0x37, 0x80, 0x00, 0x06,
    0x00, 0xF0, 0x1F, 0x83, 0x98, 0x10, 0x00, 0x00, 0xFF, 0xEF, 0xFE, 0xE0, 0x0E, 0x00, 0xE0, 0x0E,
    0x00, 0xE0, 0x0F, 0xFC, 0xFF, 0xCE, 0x00, 0xE0, 0x0E, 0x00, 0xE0, 0x0E, 0x00, 0xFF, 0xFF, 0xFF,
    0xFF, 0xF0, 0x1E, 0x63, 0xFC, 0x11, 0x80, 0x00, 0x02, 0x00, 0x78, 0x0D, 0xC1, 0x8C, 0x00, 0x00,
    0x00, 0x1F, 0xC3, 0xFE, 0x78, 0xE7, 0x07, 0xF0, 0x7F, 0xFF, 0xFF, 0xFE, 0x00, 0xF0, 0x07, 0x00,
    0x7C, 0x63, 0xFE, 0x1F, 0xE0, 0x06, 0x00, 0xF0, 0x1F, 0x83, 0x98, 0x10, 0x00, 0x00, 0xFF, 0xEF,
    0xFE, 0xE0, 0x0E, 0x00, 0xE0, 0x0E, 0x00, 0xE0, 0x0F, 0xFC, 0xFF, 0xCE, 0x00, 0xE0, 0x0E, 0x00,
    0xE0, 0x0E, 0x00, 0xFF, 0xFF, 0xFF, 0xFF, 0xF0, 0x00, 0x06, 0x00, 0xE0, 0x0F, 0x00, 0x60, 0x02,
    0x00, 0x78, 0x0D, 0xC1, 0x8C, 0x00, 0x00, 0x00, 0x1F, 0xC3, 0xFE, 0x78, 0xE7, 0x07, 0xF0, 0x7F,
    0xFF, 0xFF, 0xFE, 0x00, 0xF0, 0x07, 0x00, 0x7C, 0x63, 0xFE, 0x1F, 0xE0, 0x00, 0x02, 0x00, 0x70,
    0x07, 0x00, 0x70, 0xF5, 0xCE, 0xE6, 0x01, 0xCE, 0x73, 0x9C, 0xE7, 0x39, 0xCE, 0x73, 0x9C, 0xE7,
    0x39, 0xC0, 0xE7, 0xCE, 0xE6, 0x01, 0xCE, 0x73, 0x9C, 0xE7, 0x39, 0xCE, 0x73, 0x9C, 0xEE, 0xEE,
    0xEE, 0xEE, 0xEE, 0xEE, 0xEE, 0xEE, 0xE0, 0x6E, 0xFE, 0xCE, 0xEE, 0x00, 0xEE, 0xEE, 0xEE, 0xEE,
    0xEE, 0xEE, 0xE0, 0x6F, 0xF6, 0x01, 0xE0, 0x07, 0xFC, 0x07, 0xFF, 0x87, 0xC3, 0xE3, 0x80, 0xF3,
    0xC0, 0x3D, 0xC0, 0x1E, 0xE0, 0x07, 0xF0, 0x03, 0xF8, 0x01, 0xFC, 0x00, 0xEE, 0x00, 0x77, 0x00,
    0x7B, 0xC0, 0x38, 0xF0, 0x3C, 0x7E, 0xFC, 0x1F, 0xFC, 0x03, 0xFC, 0x00, 0x00, 0x00, 0x18, 0x00,
    0x1E, 0x00, 0x0F, 0x00, 0x03, 0x00, 0x1F, 0xC1, 0xFF, 0x1E, 0x3C, 0xE0, 0xEF, 0x07, 0xF0, 0x1F,
    0x80, 0xFC, 0x07, 0xF0, 0x7B, 0x83, 0x9F, 0x3C, 0x7F, 0xC1, 0xFC, 0x00, 0x00, 0x0C, 0x00, 0xF0,
    0x07, 0x80, 0x18, 0x00, 0x01, 0xE0, 0x00, 0xF0, 0x00, 0x18, 0x00, 0x18, 0x00, 0x0C, 0x00, 0x0F,
    0x00, 0x3F, 0xE0, 0x3F, 0xFC, 0x3E, 0x1F, 0x1C, 0x07, 0x9E, 0x01, 0xEE, 0x00, 0xF7, 0x00, 0x3F,
    0x80, 0x1F, 0xC0, 0x0F, 0xE0, 0x07, 0x70, 0x03, 0xB8, 0x03, 0xDE, 0x01, 0xC7, 0x81, 0xE3, 0xF7,
    0xE0, 0xFF, 0xE0, 0x1F, 0xE0, 0x07, 0x00, 0x7C, 0x00, 0x60, 0x06, 0x00, 0x20, 0x00, 0x00, 0x7F,
    0x07, 0xFC, 0x78, 0xF3, 0x83, 0xBC, 0x1F, 0xC0, 0x7E, 0x03, 0xF0, 0x1F, 0xC1, 0xEE, 0x0E, 0x7C,
    0xF1, 0xFF, 0x07, 0xF0, 0x00, 0x00, 0x00, 0x03, 0x00, 0x03, 0x80, 0x03, 0x80, 0x0F, 0x80, 0x0F,
    0x80, 0x0F, 0xC0, 0x06, 0x60, 0x00, 0x10, 0x00, 0xF0, 0x03, 0xFE, 0x03, 0xFF, 0xC3, 0xE1, 0xF1,
    0xC0, 0x79, 0xE0, 0x1E, 0xE0, 0x0F, 0x70, 0x03, 0xF8, 0x01, 0xFC, 0x00, 0xFE, 0x00, 0x77, 0x00,
    0x3B, 0x80, 0x3D, 0xE0, 0x1C, 0x78, 0x1E, 0x3F, 0x7E, 0x0F, 0xFE, 0x01, 0xFE, 0x00, 0x00, 0x10,
    0x00, 0xE0, 0x03, 0x80, 0x1C, 0x03, 0xE0, 0x1F, 0x00, 0xFC, 0x06, 0x30, 0x00, 0x00, 0x00, 0x01,
    0xFC, 0x0F, 0xF8, 0x78, 0xF1, 0xC1, 0xCF, 0x07, 0xB8, 0x0E, 0xE0, 0x3B, 0x80, 0xEF, 0x07, 0x9C,
    0x1C, 0x7C, 0xF0, 0xFF, 0x81, 0xFC, 0x00, 0x00, 0x30, 0x00, 0x38, 0x00, 0x0E, 0x00, 0x03, 0x80,
    0x0C, 0xC0, 0x0F, 0x00, 0x0F, 0xC0, 0x06, 0x60, 0x00, 0x10, 0x00, 0xF0, 0x03, 0xFE, 0x03, 0xFF,
    0xC3, 0xE1, 0xF1, 0xC0, 0x79, 0xE0, 0x1E, 0xE0, 0x0F, 0x70, 0x03, 0xF8, 0x01, 0xFC, 0x00, 0xFE,
    0x00, 0x77, 0x00, 0x3B, 0x80, 0x3D, 0xE0, 0x1C, 0x78, 0x1E, 0x3F, 0x7E, 0x0F, 0xFE, 0x01, 0xFE,
    0x00, 0x00, 0x80, 0x0E, 0x00, 0x38, 0x00, 0xE0, 0x33, 0x03, 0xC0, 0x3F, 0x03, 0x18, 0x00, 0x00,
    0x00, 0x07, 0xF0, 0x7F, 0xC7, 0x8F, 0x38, 0x3B, 0xC1, 0xFC, 0x07, 0xE0, 0x3F, 0x01, 0xFC, 0x1E,
    0xE0, 0xE7, 0xCF, 0x1F, 0xF0, 0x7F, 0x00, 0x00, 0x3C, 0x00, 0x07, 0x00, 0x03, 0x80, 0x1B, 0x00,
    0x1E, 0x00, 0x1F, 0x80, 0x0C, 0xC0, 0x00, 0x20, 0x01, 0xE0, 0x07, 0xFC, 0x07, 0xFF, 0x87, 0xC3,
    0xE3, 0x80, 0xF3, 0xC0, 0x3D, 0xC0, 0x1E, 0xE0, 0x07, 0xF0, 0x03, 0xF8, 0x01, 0xFC, 0x00, 0xEE,
    0x00, 0x77, 0x00, 0x7B, 0xC0, 0x38, 0xF0, 0x3C, 0x7E, 0xFC, 0x1F, 0xFC, 0x03, 0xFC, 0x00, 0x00,
    0xF0, 0x07, 0xC0, 0x0E, 0x06, 0xE0, 0x7E, 0x07, 0xE0, 0x63, 0x00, 0x00, 0x00, 0x00, 0xFE, 0x0F,
    0xF8, 0xF1, 0xE7, 0x07, 0x78, 0x3F, 0x80, 0xFC, 0x07, 0xE0, 0x3F, 0x83, 0xDC, 0x1C, 0xF9, 0xE3,
    0xFE, 0x0F, 0xE0, 0x01, 0x00, 0x03, 0xFC, 0x01, 0xFE, 0x00, 0x04, 0x00, 0x0C, 0x00, 0x0F, 0x00,
    0x0F, 0xC0, 0x06, 0x60, 0x00, 0x10, 0x00, 0xF0, 0x03, 0xFE, 0x03, 0xFF, 0xC3, 0xE1, 0xF1, 0xC0,
    0x79, 0xE0, 0x1E, 0xE0, 0x0F, 0x70, 0x03, 0xF8, 0x01, 0xFC, 0x00, 0xFE, 0x00, 0x77, 0x00, 0x3B,
    0x80, 0x3D, 0xE0, 0x1C, 0x78, 0x1E, 0x3F, 0x7E, 0x0F, 0xFE, 0x01, 0xFE, 0x00, 0x0C, 0x40, 0xFF,
    0x0F, 0xF0, 0x00, 0x00, 0x30, 0x03, 0xC0, 0x3F, 0x03, 0x18, 0x00, 0x00, 0x00, 0x07, 0xF0, 0x7F,
    0xC7, 0x8F, 0x38, 0x3B, 0xC1, 0xFC, 0x07, 0xE0, 0x3F, 0x01, 0xFC, 0x1E, 0xE0, 0xE7, 0xCF, 0x1F,
    0xF0, 0x7F, 0x00, 0x00, 0x00, 0x00, 0x60, 0x00, 0x78, 0x00, 0x76, 0x00, 0x21, 0x00, 0x00, 0x00,
    0x07, 0x80, 0x1F, 0xF0, 0x1F, 0xFE, 0x1F, 0x0F, 0x8E, 0x03, 0xCF, 0x00, 0xF7, 0x00, 0x7B, 0x80,
    0x1F, 0xC0, 0x0F, 0xE0, 0x07, 0xF0, 0x03, 0xB8, 0x01, 0xDC, 0x01, 0xEF, 0x00, 0xE3, 0xC0, 0xF1,
    0xFB, 0xF0, 0x7F, 0xF0, 0x0F, 0xF0, 0x00, 0x00, 0x00, 0x60, 0x00, 0x78, 0x00, 0x3C, 0x00, 0x0C,
    0x00, 0x03, 0x00, 0x3C, 0x03, 0xF0, 0x31, 0x80, 0x00, 0x00, 0x00, 0x7F, 0x07, 0xFC, 0x78, 0xF3,
    0x83, 0xBC, 0x1F, 0xC0, 0x7E, 0x03, 0xF0, 0x1F, 0xC1, 0xEE, 0x0E, 0x7C, 0xF1, 0xFF, 0x07, 0xF0,
    0x00, 0x00, 0x30, 0x03, 0xC0, 0x1E, 0x00, 0x60, 0x00, 0x60, 0x00, 0x38, 0x00, 0x38, 0x00, 0x38,
    0x00, 0x18, 0x38, 0x00, 0x1C, 0x07, 0x0E, 0x1F, 0xF7, 0x1F, 0xFF, 0x1F, 0x0F, 0x8E, 0x03, 0xCF,
    0x00, 0xF7, 0x00, 0x7B, 0x80, 0x1F, 0xC0, 0x0F, 0xE0, 0x07, 0xF0, 0x03, 0xB8, 0x01, 0xDC, 0x01,
    0xEF, 0x00, 0xE3, 0xC0, 0xF1, 0xFB, 0xF0, 0x7F, 0xF0, 0x0F, 0xF0, 0x01, 0x00, 0x0F, 0x00, 0x78,
    0x01, 0xC0, 0x0E, 0x1C, 0x10, 0x70, 0x01, 0xC7, 0xF6, 0x3F, 0xF9, 0xE3, 0xC7, 0x07, 0x3C, 0x1E,
    0xE0, 0x3B, 0x80, 0xEE, 0x03, 0xBC, 0x1E, 0x70, 0x71, 0xF3, 0xC3, 0xFE, 0x07, 0xF0, 0x00, 0x80,
    0x01, 0xE0, 0x00, 0x70, 0x00, 0x1C, 0x00, 0x07, 0x38, 0x00, 0x1C, 0x07, 0x0E, 0x1F, 0xF7, 0x1F,
    0xFF, 0x1F, 0x0F, 0x8E, 0x03, 0xCF, 0x00, 0xF7, 0x00, 0x7B, 0x80, 0x1F, 0xC0, 0x0F, 0xE0, 0x07,
    0xF0, 0x03, 0xB8, 0x01, 0xDC, 0x01, 0xEF, 0x00, 0xE3, 0xC0, 0xF1, 0xFB, 0xF0, 0x7F, 0xF0, 0x0F,
    0xF0, 0x04, 0x00, 0x38, 0x00, 0x70, 0x00, 0xE0, 0x01, 0x9C, 0x00, 0x70, 0x01, 0xC7, 0xF6, 0x3F,
    0xF9, 0xE3, 0xC7, 0x07, 0x3C, 0x1E, 0xE0, 0x3B, 0x80, 0xEE, 0x03, 0xBC, 0x1E, 0x70, 0x71, 0xF3,
    0xC3, 0xFE, 0x07, 0xF0, 0x01, 0xE0, 0x00, 0xF0, 0x00, 0x18, 0x00, 0x18, 0x70, 0x0C, 0x38, 0x0E,
    0x1C, 0x3F, 0xEE, 0x3F, 0xFE, 0x3E, 0x1F, 0x1C, 0x07, 0x9E, 0x01, 0xEE, 0x00, 0xF7, 0x00, 0x3F,
    0x80, 0x1F, 0xC0, 0x0F, 0xE0, 0x07, 0x70, 0x03, 0xB8, 0x03, 0xDE, 0x01, 0xC7, 0x81, 0xE3, 0xF7,
    0xE0, 0xFF, 0xE0, 0x1F, 0xE0, 0x07, 0x00, 0x3E, 0x00, 0x18, 0x00, 0xC7, 0x02, 0x1C, 0x00, 0x71,
    0xFD, 0x8F, 0xFE, 0x78, 0xF1, 0xC1, 0xCF, 0x07, 0xB8, 0x0E, 0xE0, 0x3B, 0x80, 0xEF, 0x07, 0x9C,
    0x1C, 0x7C, 0xF0, 0xFF, 0x81, 0xFC, 0x00, 0x00, 0x00, 0x01, 0xEC, 0x01, 0xFE, 0x00, 0x86, 0x70,
    0x00, 0x38, 0x0E, 0x1C, 0x3F, 0xEE, 0x3F, 0xFE, 0x3E, 0x1F, 0x1C, 0x07, 0x9E, 0x01, 0xEE, 0x00,
    0xF7, 0x00, 0x3F, 0x80, 0x1F, 0xC0, 0x0F, 0xE0, 0x07, 0x70, 0x03, 0xB8, 0x03, 0xDE, 0x01, 0xC7,
    0x81, 0xE3, 0xF7, 0xE0, 0xFF, 0xE0, 0x1F, 0xE0, 0x00, 0x40, 0x7F, 0x81, 0xFC, 0x04, 0x67, 0x00,
    0x1C, 0x00, 0x71, 0xFD, 0x8F, 0xFE, 0x78, 0xF1, 0xC1, 0xCF, 0x07, 0xB8, 0x0E, 0xE0, 0x3B, 0x80,
    0xEF, 0x07, 0x9C, 0x1C, 0x7C, 0xF0, 0xFF, 0x81, 0xFC, 0x00, 0x00, 0x03, 0x80, 0x01, 0xC0, 0x70,
    0xE1, 0xFF, 0x71, 0xFF, 0xF1, 0xF0, 0xF8, 0xE0, 0x3C, 0xF0, 0x0F, 0x70, 0x07, 0xB8, 0x01, 0xFC,
    0x00, 0xFE, 0x00, 0x7F, 0x00, 0x3B, 0x80, 0x1D, 0xC0, 0x1E, 0xF0, 0x0E, 0x3C, 0x0F, 0x1F, 0xBF,
    0x07, 0xFF, 0x00, 0xFF, 0x00, 0x00, 0x00, 0x06, 0x00, 0x07, 0x80, 0x03, 0xC0, 0x00, 0xC0, 0x00,
    0x00, 0x1C, 0x00, 0x70, 0x01, 0xC7, 0xF6, 0x3F, 0xF9, 0xE3, 0xC7, 0x07, 0x3C, 0x1E, 0xE0, 0x3B,
    0x80, 0xEE, 0x03, 0xBC, 0x1E, 0x70, 0x71, 0xF3, 0xC3, 0xFE, 0x07, 0xF0, 0x00, 0x00, 0x0C, 0x00,
    0x78, 0x01, 0xE0, 0x03, 0x00, 0xE0, 0x1F, 0x80, 0x7E, 0x01, 0xF8, 0x07, 0xE0, 0x1F, 0x80, 0x7E,
    0x01, 0xF8, 0x07, 0xE0, 0x1F, 0x80, 0x7E, 0x01, 0xF8, 0x0F, 0xF0, 0x39, 0xC0, 0xE7, 0xDF, 0x8F,
    0xFC, 0x1F, 0xE0, 0x00, 0x00, 0x30, 0x01, 0xE0, 0x07, 0x80, 0x0C, 0x00, 0xE0, 0xFC, 0x1F, 0x83,
    0xF0, 0x7E, 0x0F, 0xC1, 0xF8, 0x3F, 0x07, 0xE0, 0xFC, 0x1F, 0xE3, 0xBF, 0xF3, 0xFE, 0x00, 0x01,
    0x80, 0x70, 0x0E, 0x01, 0xC0, 0x07, 0x80, 0x1E, 0x00, 0x18, 0x00, 0xC0, 0x03, 0x00, 0x00, 0x0E,
    0x01, 0xF8, 0x07, 0xE0, 0x1F, 0x80, 0x7E, 0x01, 0xF8, 0x07, 0xE0, 0x1F, 0x80, 0x7E, 0x01, 0xF8,
    0x07, 0xE0, 0x1F, 0x80, 0xFF, 0x03, 0x9C, 0x0E, 0x7D, 0xF8, 0xFF, 0xC1, 0xFE, 0x00, 0x1C, 0x03,
    0xE0, 0x0C, 0x07, 0x00, 0xC0, 0x00, 0x38, 0x3F, 0x07, 0xE0, 0xFC, 0x1F, 0x83, 0xF0, 0x7E, 0x0F,
    0xC1, 0xF8, 0x3F, 0x07, 0xF8, 0xEF, 0xFC, 0xFF, 0x80, 0x01, 0x80, 0x00, 0xE0, 0x00, 0xE0, 0x00,
    0xE0, 0x00, 0x60, 0x38, 0x00, 0x1C, 0x00, 0x1F, 0xC0, 0x3E, 0xE0, 0x1E, 0x70, 0x0E, 0x38, 0x07,
    0x1C, 0x03, 0x8E, 0x01, 0xC7, 0x00, 0xE3, 0x80, 0x71, 0xC0, 0x38, 0xE0, 0x1C, 0x70, 0x0E, 0x38,
    0x0F, 0x1E, 0x07, 0x07, 0x03, 0x83, 0xEF, 0xC0, 0xFF, 0xC0, 0x3F, 0xC0, 0x02, 0x00, 0x1C, 0x00,
    0xE0, 0x07, 0x00, 0x18, 0x1C, 0x00, 0x70, 0x01, 0xF8, 0x3E, 0xE0, 0xF3, 0x83, 0x8E, 0x0E, 0x38,
    0x38, 0xE0, 0xE3, 0x83, 0x8E, 0x0E, 0x38, 0x38, 0xE0, 0xE3, 0xE3, 0x87, 0xFE, 0x0F, 0xF8, 0x06,
    0x00, 0x07, 0x00, 0x01, 0xC0, 0x00, 0x70, 0x00, 0x1C, 0x38, 0x00, 0x1C, 0x00, 0x1F, 0xC0, 0x3E,
    0xE0, 0x1E, 0x70, 0x0E, 0x38, 0x07, 0x1C, 0x03, 0x8E, 0x01, 0xC7, 0x00, 0xE3, 0x80, 0x71, 0xC0,
    0x38, 0xE0, 0x1C, 0x70, 0x0E, 0x38, 0x0F, 0x1E, 0x07, 0x07, 0x03, 0x83, 0xEF, 0xC0, 0xFF, 0xC0,
    0x3F, 0xC0, 0x08, 0x00, 0x70, 0x00, 0xE0, 0x01, 0xC0, 0x03, 0x1C, 0x00, 0x70, 0x01, 0xF8, 0x3E,
    0xE0, 0xF3, 0x83, 0x8E, 0x0E, 0x38, 0x38, 0xE0, 0xE3, 0x83, 0x8E, 0x0E, 0x38, 0x38, 0xE0, 0xE3,
    0xE3, 0x87, 0xFE, 0x0F, 0xF8, 0x07, 0x00, 0x03, 0xC0, 0x00, 0x60, 0x00, 0x60, 0x70, 0x20, 0x38,
    0x00, 0x3F, 0x80, 0x7D, 0xC0, 0x3C, 0xE0, 0x1C, 0x70, 0x0E, 0x38, 0x07, 0x1C, 0x03, 0x8E, 0x01,
    0xC7, 0x00, 0xE3, 0x80, 0x71, 0xC0, 0x38, 0xE0, 0x1C, 0x70, 0x1E, 0x3C, 0x0E, 0x0E, 0x07, 0x07,
    0xDF, 0x81, 0xFF, 0x80, 0x7F, 0x80, 0x1C, 0x00, 0x7C, 0x00, 0x70, 0x03, 0x87, 0x0C, 0x1C, 0x00,
    0x7E, 0x0F, 0xB8, 0x3C, 0xE0, 0xE3, 0x83, 0x8E, 0x0E, 0x38, 0x38, 0xE0, 0xE3, 0x83, 0x8E, 0x0E,
    0x38, 0x38, 0xF8, 0xE1, 0xFF, 0x83, 0xFE, 0x00, 0x00, 0x00, 0x07, 0xB0, 0x07, 0xF8, 0x02, 0x38,
    0x70, 0x00, 0x38, 0x00, 0x3F, 0x80, 0x7D, 0xC0, 0x3C, 0xE0, 0x1C, 0x70, 0x0E, 0x38, 0x07, 0x1C,
    0x03, 0x8E, 0x01, 0xC7, 0x00, 0xE3, 0x80, 0x71, 0xC0, 0x38, 0xE0, 0x1C, 0x70, 0x1E, 0x3C, 0x0E,
    0x0E, 0x07, 0x07, 0xDF, 0x81, 0xFF, 0x80, 0x7F, 0x80, 0x00, 0x80, 0xFF, 0x07, 0xF8, 0x08, 0xC7,
    0x00, 0x1C, 0x00, 0x7E, 0x0F, 0xB8, 0x3C, 0xE0, 0xE3, 0x83, 0x8E, 0x0E, 0x38, 0x38, 0xE0, 0xE3,
    0x83, 0x8E, 0x0E, 0x38, 0x38, 0xF8, 0xE1, 0xFF, 0x83, 0xFE, 0x00, 0x00, 0x03, 0x80, 0x01, 0xC0,
    0x01, 0xFC, 0x03, 0xEE, 0x01, 0xE7, 0x00, 0xE3, 0x80, 0x71, 0xC0, 0x38, 0xE0, 0x1C, 0x70, 0x0E,
    0x38, 0x07, 0x1C, 0x03, 0x8E, 0x01, 0xC7, 0x00, 0xE3, 0x80, 0xF1, 0xE0, 0x70, 0x70, 0x38, 0x3E,
    0xFC, 0x0F, 0xFC, 0x03, 0xFC, 0x00, 0x00, 0x00, 0x18, 0x00, 0x1E, 0x00, 0x0F, 0x00, 0x03, 0x00,
    0x00, 0x00, 0x1C, 0x00, 0x70, 0x01, 0xF8, 0x3E, 0xE0, 0xF3, 0x83, 0x8E, 0x0E, 0x38, 0x38, 0xE0,
    0xE3, 0x83, 0x8E, 0x0E, 0x38, 0x38, 0xE0, 0xE3, 0xE3, 0x87, 0xFE, 0x0F, 0xF8, 0x00, 0x00, 0x18,
    0x00, 0xE0, 0x03, 0x80, 0x0E, 0x00, 0x04, 0x00, 0x1C, 0x00, 0x1C, 0x00, 0x1C, 0x00, 0x18, 0x00,
    0x00, 0x00, 0x00, 0x78, 0x0F, 0x70, 0x1C, 0xF0, 0x78, 0xE0, 0xE1, 0xE3, 0xC1, 0xC7, 0x03, 0xDE,
    0x03, 0xB8, 0x07, 0xE0, 0x07, 0xC0, 0x07, 0x00, 0x0E, 0x00, 0x1C, 0x00, 0x38, 0x00, 0x70, 0x00,
    0xE0, 0x01, 0xC0, 0x03, 0x80, 0x0C, 0x00, 0xE0, 0x03, 0x80, 0x0E, 0x00, 0x30, 0x00, 0x00, 0x00,
    0x1E, 0x0E, 0x70, 0x73, 0x83, 0x9C, 0x1C, 0xF1, 0xC3, 0x8E, 0x1C, 0x70, 0xF3, 0x03, 0xB8, 0x1D,
    0xC0, 0x7C, 0x03, 0xE0, 0x1F, 0x00, 0x70, 0x03, 0x80, 0x18, 0x01, 0xC0, 0xFC, 0x07, 0xC0, 0x00,
    0x70, 0x0E, 0x78, 0x1E, 0x38, 0x1C, 0x3C, 0x3C, 0x1C, 0x38, 0x1E, 0x70, 0x0E, 0xF0, 0x07, 0xE0,
    0x07, 0xE0, 0x03, 0xC0, 0x03, 0x80, 0x03, 0x80, 0x03, 0x80, 0x03, 0x80, 0x03, 0x80, 0x03, 0x80,
    0x03, 0x80, 0x00, 0x00, 0x01, 0x80, 0x03, 0xC0, 0x03, 0xC0, 0x01, 0x80, 0xF0, 0x7B, 0x83, 0x9C,
    0x1C, 0xF0, 0xE3, 0x8E, 0x1C, 0x70, 0x73, 0x83, 0xB8, 0x1D, 0xC0, 0x7E, 0x03, 0xE0, 0x0F, 0x00,
    0x70, 0x03, 0x80, 0x38, 0xDF, 0xCF, 0xFC, 0x7B, 0x81, 0x80, 0x03, 0xC0, 0x03, 0xC0, 0x00, 0xC0,
    0x01, 0x80, 0x01, 0x80, 0x00, 0x00, 0x70, 0x0E, 0x78, 0x1E, 0x38, 0x1C, 0x3C, 0x3C, 0x1C, 0x38,
    0x1E, 0x70, 0x0E, 0xF0, 0x07, 0xE0, 0x07, 0xE0, 0x03, 0xC0, 0x03, 0x80, 0x03, 0x80, 0x03, 0x80,
    0x03, 0x80, 0x03, 0x80, 0x03, 0x80, 0x03, 0x80, 0x07, 0x00, 0x7C, 0x00, 0x60, 0x06, 0x00, 0x20,
    0x00, 0x03, 0xC1, 0xEE, 0x0E, 0x70, 0x73, 0xC3, 0x8E, 0x38, 0x71, 0xC1, 0xCE, 0x0E, 0xE0, 0x77,
    0x01, 0xF8, 0x0F, 0x80, 0x3C, 0x01, 0xC0, 0x0E, 0x00, 0xE0, 0x7F, 0x03, 0xF0, 0x0E, 0x00, 0x07,
    0x10, 0x0F, 0xF0, 0x0D, 0xE0, 0x00, 0x00, 0x00, 0x00, 0x00, 0x00, 0x70, 0x0E, 0x78, 0x1E, 0x38,
    0x1C, 0x3C, 0x3C, 0x1C, 0x38, 0x1E, 0x70, 0x0E, 0xF0, 0x07, 0xE0, 0x07, 0xE0, 0x03, 0xC0, 0x03,
    0x80, 0x03, 0x80, 0x03, 0x80, 0x03, 0x80, 0x03, 0x80, 0x03, 0x80, 0x03, 0x80, 0x00, 0x40, 0xFF,
    0x07, 0xF0, 0x23, 0x00, 0x00, 0x00, 0x03, 0xC1, 0xEE, 0x0E, 0x70, 0x73, 0xC3, 0x8E, 0x38, 0x71,
    0xC1, 0xCE, 0x0E, 0xE0, 0x77, 0x01, 0xF8, 0x0F, 0x80, 0x3C, 0x01, 0xC0, 0x0E, 0x00, 0xE0, 0x7F,
    0x03, 0xF0, 0x0E, 0x00, 0x00, 0x00, 0xFF, 0xFF, 0xC0, 0x8A, 0x88, 0xEA, 0x90, 0x84, 0x21, 0x08,
    0x42, 0x10, 0x84, 0x21, 0x00, 0x10, 0x2F, 0xE2, 0x92, 0x08, 0x20, 0x82, 0x08, 0x20, 0x82, 0x08,
    0x20, 0x82, 0x08, 0x00, 0x21, 0x0F, 0xD1, 0x24, 0x10, 0x41, 0x04, 0x10, 0x41, 0x04, 0x10, 0x41,
    0x04, 0x10, 0x40, 0xFF, 0xF0, 0xFF, 0xFF, 0xC0, 0xFF, 0xFF, 0xFF, 0xC0, 0xFF, 0xFF, 0xFF, 0xFF,
    0xFF, 0xFF, 0xC0, 0xFF, 0xFF, 0xFF, 0xFF, 0xFF, 0xFF, 0xC0, 0x27, 0x6E, 0xEE, 0xE0, 0x77, 0x77,
    0x6E, 0x40, 0x77, 0x77, 0x6E, 0x40, 0x21, 0x39, 0xD8, 0xDC, 0xEE, 0x77, 0x3B, 0x9C, 0x73, 0xB9,
    0xDC, 0xEE, 0x76, 0x37, 0x39, 0x08, 0x73, 0xB9, 0xDC, 0xEE, 0x76, 0x37, 0x39, 0x08, 0x0E, 0x03,
    0x80, 0xE0, 0x38, 0x0E, 0x03, 0x8F, 0xFF, 0xFF, 0x0E, 0x03, 0x80, 0xE0, 0x38, 0x0E, 0x03, 0x80,
    0xE0, 0x38, 0x0E, 0x03, 0x80, 0xE0, 0x38, 0x0E, 0x03, 0x80, 0x0E, 0x03, 0x80, 0xE0, 0x38, 0x0E,
    0x03, 0x8F, 0xFF, 0xFF, 0x0E, 0x03, 0x80, 0xE0, 0x38, 0x0E, 0x3F, 0xFF, 0xFC, 0x38, 0x0E, 0x03,
    0x80, 0xE0, 0x38, 0x0E, 0x03, 0x80, 0x38, 0xFB, 0xFF, 0xFF, 0xEF, 0x8E, 0x00, 0x60, 0xC1, 0xBC,
    0x78, 0xFF, 0x1E, 0x3D, 0x83, 0x06, 0x00, 0x3E, 0x07, 0x00, 0x01, 0xFC, 0x38, 0x00, 0x0F, 0x78,
    0xE0, 0x00, 0x38, 0xE7, 0x00, 0x00, 0xE3, 0x9C, 0x00, 0x03, 0x8E, 0xE0, 0x00, 0x0F, 0x7B, 0x80,
    0x00, 0x1F, 0xDC, 0x00, 0x00, 0x3E, 0x77, 0xC1, 0xF0, 0x03, 0xBF, 0x8F, 0xE0, 0x0F, 0xEF, 0x7B,
    0xC0, 0x77, 0x1D, 0xC7, 0x01, 0xDC, 0x77, 0x1C, 0x0E, 0x71, 0xDC, 0x70, 0x31, 0xC7, 0x71, 0xC1,
    0xC7, 0xBD, 0xEF, 0x06, 0x0F, 0xE3, 0xF8, 0x38, 0x1F, 0x07, 0xC0, 0x18, 0xE3, 0x9C, 0xF3, 0x8F,
    0x1C, 0x38, 0xE1, 0xC0, 0xE3, 0x87, 0x1E, 0x38, 0x73, 0xCE, 0x73, 0xCE, 0x00, 0x00, 0x70, 0x0E,
    0x00, 0xE0, 0x1C, 0x01, 0xC0, 0x38, 0x03, 0x80, 0x70, 0x07, 0x00, 0xE0, 0x0E, 0x01, 0xC0, 0x18,
    0x03, 0x80, 0x30, 0x07, 0x00, 0x60, 0x0E, 0x00, 0x77, 0xBC, 0xE0, 0x00, 0x00, 0xF3, 0x9C, 0xE7,
    0x1C, 0xE0, 0x3C, 0x7E, 0xE7, 0xC3, 0xC3, 0xC3, 0xC3, 0xE7, 0x7E, 0x3C, 0x0E, 0x0E, 0x1E, 0x36,
    0x66, 0xE6, 0xFF, 0xFF, 0x06, 0x06, 0x7E, 0xFD, 0x83, 0xE7, 0xE1, 0xC1, 0x83, 0xFD, 0xF0, 0x1C,
    0x79, 0x87, 0xEF, 0xF8, 0xF1, 0xE3, 0x7C, 0x70, 0xFF, 0xFC, 0x30, 0xE1, 0x83, 0x0C, 0x18, 0x30,
    0xE0, 0x7D, 0xFF, 0x1E, 0x37, 0xCF, 0xB1, 0xE3, 0xFE, 0xF8, 0x79, 0xFB, 0x1E, 0x3F, 0xEF, 0xC3,
    0x8E, 0x78, 0xE0, 0x3C, 0x7E, 0xE7, 0xC3, 0xC3, 0xC3, 0xC3, 0xE7, 0x7E, 0x3C, 0x1B, 0xFF, 0xB1,
    0x8C, 0x63, 0x18, 0xC0, 0x79, 0xFA, 0x30, 0x61, 0xC7, 0x1C, 0x70, 0xFF, 0xFC, 0x7C, 0x7E, 0x46,
    0x06, 0x3C, 0x3E, 0x03, 0x03, 0x7F, 0x7C, 0x0E, 0x0E, 0x1E, 0x36, 0x66, 0xE6, 0xFF, 0xFF, 0x06,
    0x06, 0x7E, 0xFD, 0x83, 0xE7, 0xE1, 0xC1, 0x83, 0xFD, 0xF0, 0x1C, 0x79, 0x87, 0xEF, 0xF8, 0xF1,
    0xE3, 0x7C, 0x70, 0xFF, 0xFC, 0x30, 0xE1, 0x83, 0x0C, 0x18, 0x30, 0xE0, 0x7D, 0xFF, 0x1E, 0x37,
    0xCF, 0xB1, 0xE3, 0xFE, 0xF8, 0x38, 0xFB, 0x3E, 0x3C, 0x7F, 0xDF, 0x86, 0x78, 0xE0, 0xFF, 0x87,
    0xFF, 0xC7, 0xE0, 0xE7, 0xE0, 0x67, 0xE6, 0x67, 0xE6, 0x67, 0xE6, 0x67, 0xE6, 0x67, 0xE6, 0x67,
    0xE6, 0x67, 0xE6, 0x67, 0xE6, 0x07, 0xE6, 0x0E, 0xE7, 0xFE, 0xE7, 0xF8, 0x03, 0xF8, 0x7F, 0x87,
    0x80, 0x38, 0x03, 0x80, 0x7F, 0xF3, 0xFF, 0x87, 0x00, 0x38, 0x01, 0xC0, 0x3F, 0xF1, 0xFF, 0x83,
    0x80, 0x0E, 0x00, 0x70, 0x01, 0xC1, 0x0F, 0xF8, 0x1F, 0xC0, 0xFF, 0xFF, 0xFF, 0xC1, 0xC0, 0x0E,
    0x00, 0x72, 0x03, 0xF0, 0x1F, 0x81, 0xF0, 0x3F, 0x01, 0xF9, 0x01, 0xF8, 0x0F, 0xC0, 0xF8, 0x1F,
    0x80, 0xFC, 0x04, 0xE0, 0x07, 0x00, 0x38, 0x00, 0x3F, 0x01, 0xFE, 0x08, 0x78, 0x01, 0xC0, 0x0E,
    0x7F, 0xFF, 0xFF, 0xE0, 0xF0, 0x0F, 0x00, 0xF0, 0x3F, 0xFF, 0xFF, 0xF7, 0x00, 0x38, 0x01, 0xC0,
    0x0F, 0x0C, 0x3F, 0xF0, 0x7F, 0x00, 0xFF, 0xF7, 0xFF, 0x80, 0xE0, 0x03, 0x8F, 0xFF, 0x7F, 0xF0,
    0x0F, 0x00, 0xF0, 0xFF, 0x07, 0xF0, 0x3C, 0x00, 0xF0, 0x03, 0xC0, 0x0F, 0x00, 0x38, 0x01, 0xE0,
    0x07, 0x80, 0x3F, 0x81, 0xFE, 0x00, 0x78, 0x00, 0xE0, 0x07, 0x00, 0x1C, 0x00, 0xE1, 0xF7, 0x3F,
    0xFB, 0xC3, 0xDC, 0x0F, 0xC0, 0x7E, 0x03, 0xF0, 0x1B, 0x81, 0xDC, 0x0E, 0x70, 0xE1, 0xFE, 0x07,
    0xC0, 0x01, 0xC0, 0x03, 0xC0, 0x03, 0xE0, 0x07, 0xE0, 0x07, 0xF0, 0x0F, 0x70, 0x0E, 0x78, 0x0E,
    0x38, 0x1C, 0x38, 0x1C, 0x3C, 0x3C, 0x1C, 0x38, 0x1E, 0x38, 0x1E, 0x78, 0x0E, 0x70, 0x0F, 0x7F,
    0xFF, 0xFF, 0xFF, 0xFF, 0xFF, 0xFF, 0xFE, 0x01, 0xF8, 0x07, 0xE0, 0x1F, 0x80, 0x7E, 0x01, 0xF8,
    0x07, 0xE0, 0x1F, 0x80, 0x7E, 0x01, 0xF8, 0x07, 0xE0, 0x1F, 0x80, 0x7E, 0x01, 0xF8, 0x07, 0xE0,
    0x1F, 0x80, 0x7E, 0x01, 0xC0, 0xFF, 0xFF, 0xFF, 0x70, 0x07, 0x80, 0x3C, 0x01, 0xC0, 0x1E, 0x00,
    0xF0, 0x07, 0x00, 0x78, 0x0F, 0x00, 0xE0, 0x1C, 0x03, 0xC0, 0x38, 0x07, 0x00, 0x70, 0x0F, 0xFF,
    0xFF, 0xF0, 0xFF, 0xFF, 0xFF, 0x00, 0x70, 0x0E, 0x00, 0xC0, 0x1C, 0x01, 0x80, 0x38, 0x07, 0x00,
    0x70, 0x0E, 0x00, 0xE0, 0x1C, 0x01, 0xC0, 0x38, 0x03, 0x80, 0x70, 0x06, 0x00, 0xE0, 0x00, 0x6F,
    0xF6, 0x00, 0x0E, 0x00, 0x1C, 0x00, 0x30, 0x00, 0xE0, 0x01, 0xC0, 0x03, 0x00, 0x0E, 0x00, 0x1C,
    0x00, 0x38, 0x00, 0xE0, 0x61, 0xC7, 0xE3, 0x87, 0xC6, 0x03, 0x9C, 0x03, 0xB8, 0x07, 0x60, 0x07,
    0xC0, 0x0F, 0x80, 0x0F, 0x00, 0x1C, 0x00, 0x38, 0xE3, 0xEF, 0xB1, 0xC7, 0x84, 0x3C, 0x71, 0xBE,
    0xF8, 0xE3, 0x80, 0x03, 0x87, 0xC3, 0x83, 0x81, 0xC0, 0xE0, 0x70, 0x38, 0x1C, 0x0E, 0x07, 0x03,
    0x81, 0xC0, 0xE0, 0x70, 0x38, 0x1C, 0x0E, 0x07, 0x03, 0x83, 0x87, 0xC3, 0x80, 0x38, 0x37, 0xE3,
    0xEF, 0xFC, 0x3C, 0x00, 0x01, 0x00, 0x7C, 0x3F, 0xE3, 0xEF, 0xEC, 0x3C, 0x00, 0xC0, 0x0C, 0x01,
    0xCF, 0xFF, 0xFF, 0xF0, 0x70, 0x06, 0x00, 0x60, 0x0E, 0x0F, 0xFF, 0xFF, 0xF3, 0x80, 0x30, 0x03,
    0x00, 0x00, 0x00, 0x0F, 0x03, 0xF1, 0xFC, 0x7F, 0x0F, 0x80, 0xF0, 0x0F, 0xE0, 0x1F, 0x80, 0x7F,
    0x01, 0xF0, 0x02, 0x00, 0x0F, 0xFF, 0xFF, 0xF0, 0x00, 0x0F, 0x00, 0xFC, 0x03, 0xF8, 0x0F, 0xE0,
    0x1F, 0x00, 0xF0, 0x7F, 0x1F, 0x8F, 0xE0, 0xF8, 0x04, 0x00, 0x00, 0x0F, 0xFF, 0xFF, 0xF0, 0x1F,
    0x07, 0xEF, 0xE3, 0xF9, 0xC0, 0x70, 0x70, 0x1C, 0x0E, 0x03, 0x81, 0xC0, 0x70, 0x3F, 0xCF, 0xF7,
    0xF9, 0xFE, 0xE0, 0x38, 0x1C, 0x07, 0x03, 0x80, 0xE0, 0x70, 0x1C, 0x0E, 0x03, 0x81, 0xC0, 0x70,
    0x38, 0x0E, 0x07, 0x01, 0xC0, 0xE0, 0x38, 0x1C, 0x07, 0x03, 0x80, 0xE0, 0x70, 0x1C, 0x00, 0x1F,
    0x3B, 0xF9, 0xDC, 0x0F, 0xC0, 0x7E, 0x00, 0x70, 0x03, 0xFC, 0xFF, 0xE7, 0xE0, 0x3F, 0x01, 0xF8,
    0x0F, 0xC0, 0x7E, 0x03, 0xF0, 0x1F, 0x80, 0xFC, 0x07, 0xE0, 0x3F, 0x01, 0xF8, 0x0F, 0xC0, 0x70,
    0x1F, 0x38, 0xFE, 0x71, 0xC0, 0xE7, 0x01, 0xCE, 0x03, 0x9C, 0x07, 0x3F, 0xCE, 0x7F, 0x9C, 0xE0,
    0x39, 0xC0, 0x73, 0x80, 0xE7, 0x01, 0xCE, 0x03, 0x9C, 0x07, 0x38, 0x0E, 0x70, 0x1C, 0xE0, 0x39,
    0xC0, 0x7F, 0x80, 0x7F, 0x00, 0x70, 0x1F, 0x07, 0xCE, 0xFE, 0x3F, 0x9D, 0xC0, 0x70, 0x3F, 0x01,
    0xC0, 0x7E, 0x03, 0x80, 0x1C, 0x07, 0x00, 0x3F, 0xCF, 0xF3, 0xFF, 0x9F, 0xE7, 0xE0, 0x38, 0x0F,
    0xC0, 0x70, 0x1F, 0x80, 0xE0, 0x3F, 0x01, 0xC0, 0x7E, 0x03, 0x80, 0xFC, 0x07, 0x01, 0xF8, 0x0E,
    0x03, 0xF0, 0x1C, 0x07, 0xE0, 0x38, 0x0F, 0xC0, 0x70, 0x1F, 0x80, 0xE0, 0x3F, 0x01, 0xC0, 0x70,
    0x1F, 0x07, 0xCE, 0x3F, 0x8F, 0xE7, 0x1C, 0x07, 0x03, 0x9C, 0x07, 0x01, 0xCE, 0x03, 0x80, 0xE7,
    0x01, 0xC0, 0x73, 0xFC, 0xFF, 0x39, 0xFE, 0x7F, 0x9C, 0xE0, 0x38, 0x0E, 0x70, 0x1C, 0x07, 0x38,
    0x0E, 0x03, 0x9C, 0x07, 0x01, 0xCE, 0x03, 0x80, 0xE7, 0x01, 0xC0, 0x73, 0x80, 0xE0, 0x39, 0xC0,
    0x70, 0x1C, 0xE0, 0x38, 0x0E, 0x70, 0x1C, 0x07, 0xF8, 0x0E, 0x01, 0xFC, 0x07, 0x00, 0x70, 0x00,
    0x00, 0x08, 0x00, 0x00, 0xEE, 0x00, 0x03, 0xB8, 0x00, 0x0E, 0xE0, 0x00, 0x1F, 0x80, 0x00, 0x7E,
    0x00, 0x01, 0xFC, 0x00, 0x0E, 0xFF, 0x03, 0xF9, 0xFF, 0xFF, 0xC1, 0xFF, 0xFC, 0x00, 0x20, 0x00,
    0x00, 0x00, 0x00, 0x00, 0x00, 0x00, 0x0C, 0x80, 0x00, 0x77, 0x00, 0x00, 0xDC, 0x00, 0x00, 0x80,
    0x00, 0x07, 0x00, 0x00, 0x1C, 0x00, 0xE0, 0x00, 0x00, 0x1C, 0x00, 0x00, 0x03, 0x80, 0x00, 0x30,
    0x70, 0x00, 0x0F, 0x0E, 0x00, 0x03, 0xE1, 0xE0, 0x01, 0xFC, 0x3F, 0xC3, 0xFF, 0xF3, 0xFF, 0xFF,
    0x3F, 0x1F, 0xFF, 0x03, 0xE0, 0x10, 0x00, 0x00, 0x00, 0x00, 0x00, 0x00, 0x00, 0x00, 0x00, 0x08,
    0x80, 0x00, 0x03, 0xB8, 0x00, 0x00, 0x37, 0x00, 0x00, 0x01, 0x00, 0x00, 0x00, 0x70, 0x00, 0x00,
    0x0E, 0x00, 0x00, 0x1C, 0x38, 0x70, 0xE0, 0xE1, 0xC3, 0x87, 0xFD, 0xFB, 0xC0, 0x00, 0x08, 0xBB,
    0xF6, 0x10, 0x70, 0xC0, 0x0E, 0x01, 0xC0, 0x30, 0x0E, 0x01, 0xE1, 0xFF, 0xBF, 0xFF, 0x9F, 0x00,
    0x00, 0x00, 0x88, 0x3B, 0x87, 0x60, 0x10, 0x07, 0x00, 0xE0, 0x00, 0x40, 0x00, 0x01, 0x20, 0x00,
    0x07, 0xC0, 0x00, 0x19, 0x00, 0x00, 0xFC, 0x00, 0x03, 0xE0, 0x00, 0x00, 0x00, 0x80, 0x00, 0x0E,
    0xE0, 0x00, 0x3B, 0x80, 0x00, 0xEE, 0x00, 0x01, 0xF8, 0x00, 0x07, 0xE0, 0x00, 0x1F, 0xC0, 0x00,
    0xEF, 0xF0, 0x3F, 0x9F, 0xFF, 0xFC, 0x1F, 0xFF, 0xC0, 0x02, 0x00, 0x00, 0x00, 0x40, 0x00, 0x00,
    0x0D, 0x00, 0x00, 0x01, 0xF0, 0x00, 0x00, 0x33, 0x00, 0x00, 0x0F, 0xC0, 0x00, 0x01, 0xF0, 0x00,
    0x00, 0x00, 0x00, 0x00, 0x00, 0x00, 0x00, 0xE0, 0x00, 0x00, 0x1C, 0x00, 0x00, 0x03, 0x80, 0x00,
    0x30, 0x70, 0x00, 0x0F, 0x0E, 0x00, 0x03, 0xE1, 0xE0, 0x01, 0xFC, 0x3F, 0xC3, 0xFF, 0xF3, 0xFF,
    0xFF, 0x3F, 0x1F, 0xFF, 0x03, 0xE0, 0x10, 0x00, 0x00, 0x40, 0xD1, 0xF3, 0x3F, 0xDF, 0x00, 0x00,
    0x00, 0x70, 0xE1, 0xC1, 0xC3, 0x87, 0x0E, 0x1D, 0xF3, 0xE7, 0x00, 0x18, 0x03, 0x60, 0x7C, 0x0C,
    0xC3, 0xF0, 0x7C, 0x00, 0x00, 0x00, 0x00, 0x01, 0xC0, 0x38, 0x06, 0x01, 0xC0, 0x3C, 0x3F, 0xF7,
    0xFF, 0xF3, 0xE0, 0x3C, 0x00, 0x7F, 0x80, 0x7F, 0xF8, 0x41, 0xFE, 0x00, 0x3E, 0x01, 0xFE, 0x07,
    0xE0, 0x0F, 0x80, 0x1E, 0x00, 0x3C, 0x00, 0x78, 0x00, 0x73, 0xB0, 0x71, 0x30, 0xE0, 0xC0, 0xE0,
    0xC0, 0xE0, 0x00, 0x70, 0x00, 0x78, 0x00, 0x3E, 0x06, 0x3F, 0xFE, 0x0F, 0xFF, 0x01, 0xF0, 0x3C,
    0x00, 0x0F, 0xF0, 0x01, 0xFF, 0xE0, 0x20, 0xFF, 0x00, 0x03, 0xE0, 0x03, 0xFC, 0x01, 0xFF, 0x00,
    0x7C, 0xE0, 0x1E, 0x0E, 0x07, 0x81, 0xFD, 0xE0, 0x1F, 0xB9, 0xD9, 0xF7, 0x13, 0x01, 0xC1, 0x80,
    0x38, 0x30, 0x07, 0x00, 0x00, 0x70, 0x00, 0x0F, 0x00, 0x00, 0xF8, 0x18, 0x1F, 0xFF, 0x00, 0xFF,
    0xF0, 0x03, 0xE0, 0x00, 0x7E, 0x00, 0xFE, 0x03, 0xFE, 0x00, 0x3F, 0x00, 0x7C, 0x03, 0xF0, 0x7E,
    0x3F, 0xE0, 0xFE, 0x03, 0xE0, 0x00, 0x00, 0x00, 0x00, 0x04, 0x80, 0x37, 0x00, 0xCC, 0x00, 0x80,
    0x07, 0x00, 0x0C, 0x00, 0x7E, 0x00, 0x1F, 0xC0, 0x0F, 0xF8, 0x00, 0x1F, 0x80, 0x07, 0xC0, 0x07,
    0xE0, 0x1F, 0xC1, 0xFF, 0x7E, 0xFE, 0x1F, 0xFC, 0x07, 0xC0, 0x00, 0x00, 0x00, 0x00, 0x88, 0x00,
    0xEE, 0x00, 0x37, 0x00, 0x04, 0x00, 0x07, 0x00, 0x03, 0x80, 0x00, 0x30, 0x0D, 0x03, 0xE0, 0xCC,
    0x7E, 0x1F, 0x00, 0x00, 0x00, 0x02, 0x01, 0x80, 0xF0, 0x1C, 0x07, 0x80, 0xE0, 0x38, 0x07, 0x01,
    0xE0, 0x7F, 0xFF, 0xFE, 0x7F, 0x00, 0x30, 0x00, 0xD8, 0x03, 0xE0, 0x0C, 0xC0, 0x7E, 0x01, 0xF0,
    0x00, 0x00, 0x00, 0x00, 0x02, 0x00, 0x18, 0x00, 0xF0, 0x01, 0xC0, 0x07, 0x80, 0x0E, 0x00, 0x38,
    0x00, 0x70, 0x01, 0xC2, 0x07, 0x8F, 0xFF, 0xBF, 0xFF, 0x7E, 0x3C, 0x06, 0x07, 0x01, 0x82, 0x23,
    0xB8, 0xDC, 0x00, 0x00, 0x00, 0x03, 0x03, 0xC0, 0xE0, 0x70, 0x1C, 0x0E, 0x07, 0x03, 0x03, 0x83,
    0xC3, 0xC3, 0xC7, 0xC1, 0xC0, 0x80, 0x0C, 0x00, 0x70, 0x03, 0x80, 0x22, 0x03, 0xB8, 0x1D, 0x80,
    0x00, 0x00, 0x00, 0x00, 0x00, 0x10, 0x03, 0xC0, 0x0E, 0x00, 0x70, 0x01, 0xC0, 0x0E, 0x00, 0x7E,
    0x03, 0xF8, 0x3B, 0x83, 0xC0, 0x3C, 0x03, 0xC0, 0x7C, 0x01, 0xC0, 0x08, 0x00, 0x18, 0x05, 0x83,
    0xE1, 0x93, 0xF9, 0xF8, 0x00, 0x00, 0x00, 0x03, 0x03, 0xC0, 0xE0, 0x70, 0x1C, 0x0E, 0x07, 0x03,
    0x03, 0x83, 0xC3, 0xC3, 0xC7, 0xC1, 0xC0, 0x80, 0x18, 0x00, 0xD8, 0x07, 0xE0, 0x33, 0x03, 0xF0,
    0x1F, 0x00, 0x00, 0x00, 0x00, 0x00, 0x00, 0x10, 0x03, 0xC0, 0x0E, 0x00, 0x70, 0x01, 0xC0, 0x0E,
    0x00, 0x7E, 0x03, 0xF8, 0x3B, 0x83, 0xC0, 0x3C, 0x03, 0xC0, 0x7C, 0x01, 0xC0, 0x08, 0x00, 0x00,
    0x00, 0x10, 0x00, 0x03, 0x80, 0x00, 0x7E, 0x00, 0x0F, 0xC0, 0x00, 0xF8, 0x00, 0x0F, 0x00, 0x00,
    0x70, 0x00, 0x03, 0xC0, 0x00, 0x0F, 0x07, 0x00, 0x3C, 0x38, 0x00, 0xF1, 0xC0, 0x03, 0x8E, 0x00,
    0x0E, 0x70, 0x00, 0x73, 0xC0, 0x03, 0x9F, 0xE0, 0xFC, 0x7F, 0xFF, 0xC0, 0xFF, 0xF8, 0x00, 0x28,
    0x00, 0x00, 0x00, 0x10, 0x00, 0x00, 0x70, 0x00, 0x01, 0xF8, 0x00, 0x07, 0xE0, 0x00, 0x0F, 0x80,
    0x00, 0x1E, 0x00, 0x00, 0x1C, 0x00, 0x00, 0x1E, 0x00, 0x00, 0x0F, 0x00, 0xE0, 0x07, 0x80, 0xE0,
    0x03, 0x80, 0xE0, 0x01, 0xC0, 0xE0, 0x01, 0xE0, 0xE0, 0x00, 0xE0, 0xF0, 0x00, 0xF0, 0xFF, 0x07,
    0xFE, 0x7F, 0xFF, 0xFF, 0x1F, 0xFF, 0x1E, 0x00, 0xC0, 0x00, 0x00, 0x40, 0x38, 0x1F, 0x8F, 0xC3,
    0xE0, 0xF0, 0x1C, 0x03, 0xC0, 0x3C, 0x03, 0xC0, 0x3C, 0x03, 0x80, 0x78, 0x07, 0x00, 0xE7, 0xFC,
    0xFF, 0x1F, 0x80, 0x00, 0x40, 0x07, 0x00, 0x7E, 0x07, 0xE0, 0x3E, 0x01, 0xE0, 0x07, 0x00, 0x1E,
    0x00, 0x3C, 0x00, 0x70, 0x00, 0xE0, 0x03, 0xC0, 0x07, 0x80, 0x0E, 0x00, 0x3C, 0x3F, 0xFE, 0xFF,
    0xFF, 0xF1, 0xE0, 0x00, 0x00, 0xC0, 0x00, 0x0F, 0x00, 0x01, 0xE0, 0x00, 0x3E, 0x20, 0x03, 0xC7,
    0x00, 0x08, 0xFC, 0x00, 0x1F, 0x80, 0x01, 0xF0, 0x00, 0x1E, 0x00, 0x00, 0xE0, 0x00, 0x07, 0x80,
    0x00, 0x1E, 0x0E, 0x00, 0x78, 0x70, 0x01, 0xE3, 0x80, 0x07, 0x1C, 0x00, 0x1C, 0xE0, 0x00, 0xE7,
    0x80, 0x07, 0x3F, 0xC1, 0xF8, 0xFF, 0xFF, 0x81, 0xFF, 0xF0, 0x00, 0x50, 0x00, 0x00, 0x00, 0xC0,
    0x00, 0x01, 0xE0, 0x00, 0x07, 0x80, 0x00, 0x1E, 0x10, 0x00, 0x3C, 0x70, 0x00, 0x11, 0xF8, 0x00,
    0x07, 0xE0, 0x00, 0x0F, 0x80, 0x00, 0x1E, 0x00, 0x00, 0x1C, 0x00, 0x00, 0x1E, 0x00, 0x00, 0x0F,
    0x00, 0xE0, 0x07, 0x80, 0xE0, 0x03, 0x80, 0xE0, 0x01, 0xC0, 0xE0, 0x01, 0xE0, 0xE0, 0x00, 0xE0,
    0xF0, 0x00, 0xF0, 0xFF, 0x07, 0xFE, 0x7F, 0xFF, 0xFF, 0x1F, 0xFF, 0x1E, 0x00, 0xC0, 0x00, 0x03,
    0x01, 0xF0, 0x78, 0x3C, 0x2F, 0x1C, 0x8F, 0xC7, 0xE1, 0xF0, 0x78, 0x0E, 0x01, 0xE0, 0x1E, 0x01,
    0xE0, 0x1E, 0x01, 0xC0, 0x3C, 0x03, 0x80, 0x73, 0xFE, 0x7F, 0x8F, 0xC0, 0x03, 0x00, 0x3E, 0x01,
    0xE0, 0x1E, 0x10, 0xF1, 0xC1, 0x1F, 0x81, 0xF8, 0x0F, 0x80, 0x78, 0x01, 0xC0, 0x07, 0x80, 0x0F,
    0x00, 0x1C, 0x00, 0x38, 0x00, 0xF0, 0x01, 0xE0, 0x03, 0x80, 0x0F, 0x0F, 0xFF, 0xBF, 0xFF, 0xFC,
    0x78, 0x00, 0x08, 0x00, 0x78, 0x00, 0x70, 0x00, 0xE7, 0x01, 0xFC, 0x01, 0xF8, 0x03, 0xF0, 0x07,
    0xE0, 0x0F, 0xC0, 0x3B, 0x80, 0x77, 0xC3, 0xE7, 0xFF, 0x87, 0xFE, 0x01, 0xE0, 0x00, 0x00, 0x0C,
    0x00, 0x03, 0x80, 0x00, 0x70, 0x38, 0x0F, 0x0E, 0x00, 0xE1, 0xC0, 0x1F, 0xB8, 0x03, 0xFF, 0x00,
    0x7F, 0xE0, 0x0E, 0x1C, 0x03, 0x83, 0xE0, 0xF0, 0x3F, 0xFC, 0x03, 0xFF, 0x00, 0x0F, 0x80, 0x00,
    0x10, 0x1C, 0x0F, 0x07, 0xC7, 0xF3, 0xBB, 0x8F, 0xC7, 0xC3, 0xF1, 0xFF, 0xEF, 0xE3, 0xE0, 0x1F,
    0x80, 0x7F, 0x01, 0xFF, 0x03, 0x8E, 0x0E, 0x0E, 0x1C, 0x1C, 0x1C, 0x3F, 0x38, 0x3F, 0x40, 0x3C,
    0x38, 0xE3, 0x87, 0x1C, 0x71, 0xC7, 0xFB, 0xEE, 0x00, 0x30, 0x83, 0x84, 0x18, 0x01, 0xC0, 0x3E,
    0x0F, 0xF1, 0xFD, 0x9F, 0x8C, 0xE0, 0x76, 0x03, 0xB0, 0x0F, 0x80, 0x7C, 0x01, 0xC0, 0x04, 0x00,
    0x01, 0x80, 0x01, 0xE0, 0x00, 0x78, 0x00, 0x7F, 0x00, 0x7F, 0xC0, 0x31, 0xF0, 0x18, 0xFC, 0x0C,
    0x6E, 0x07, 0x73, 0x83, 0xF9, 0xDF, 0xFD, 0xEF, 0xFF, 0xEF, 0xF7, 0xE0, 0x00, 0xF8, 0x00, 0x7E,
    0x00, 0x3F, 0xC0, 0x0E, 0x70, 0x03, 0x1C, 0x01, 0xC7, 0x00, 0x73, 0x80, 0x1D, 0xE0, 0x7F, 0xFF,
    0x9F, 0xFF, 0xFF, 0xF1, 0xFC, 0x1C, 0x38, 0x07, 0x0E, 0x00, 0xF3, 0x80, 0x3F, 0xE0, 0x07, 0xF0,
    0x0C, 0x00, 0x78, 0x00, 0xF0, 0x07, 0xF0, 0x3F, 0xE0, 0xC7, 0xC3, 0x1F, 0x8C, 0x6E, 0x3B, 0x9C,
    0xFE, 0x7F, 0xFB, 0xFF, 0xFE, 0xF3, 0xF0, 0x07, 0xC0, 0x1F, 0x80, 0x3F, 0x80, 0xE7, 0x01, 0xCE,
    0x07, 0x1C, 0x0E, 0x30, 0x1D, 0xE0, 0xFF, 0xFD, 0xFF, 0xFF, 0xE3, 0xF9, 0xC3, 0x83, 0xC7, 0x03,
    0xCE, 0x07, 0xFC, 0x03, 0xF0, 0x07, 0x80, 0x00, 0x7E, 0x00, 0x03, 0xF0, 0x00, 0x39, 0xC0, 0x03,
    0x8E, 0x00, 0x3C, 0x20, 0x03, 0xC0, 0x00, 0x1C, 0x00, 0x00, 0xE0, 0x00, 0x07, 0xF0, 0x0F, 0xDF,
    0xFF, 0xFE, 0x7F, 0xFF, 0xF0, 0x03, 0x80, 0x00, 0x00, 0x3C, 0x1F, 0xFC, 0xFF, 0xFB, 0xF8, 0x0F,
    0x00, 0x1C, 0x00, 0x3C, 0x00, 0x7F, 0xFF, 0x7F, 0xFC, 0x3F, 0xF8, 0x10, 0x00, 0x01, 0xC0, 0x00,
    0x18, 0x00, 0x00, 0xC0, 0x00, 0x03, 0xC0, 0x00, 0x3C, 0x00, 0x01, 0x00, 0x00, 0x00, 0xF0, 0x00,
    0x0F, 0xC0, 0x00, 0x7E, 0x00, 0x07, 0x38, 0x00, 0x71, 0xC0, 0x07, 0x84, 0x00, 0x78, 0x00, 0x03,
    0x80, 0x00, 0x1C, 0x00, 0x00, 0xFE, 0x01, 0xFB, 0xFF, 0xFF, 0xCF, 0xFF, 0xFE, 0x00, 0x70, 0x00,
    0x08, 0x00, 0x78, 0x00, 0xC0, 0x01, 0x80, 0x01, 0xE0, 0x07, 0x80, 0x08, 0x00, 0x00, 0x1E, 0x0F,
    0xFE, 0x7F, 0xFD, 0xFC, 0x07, 0x80, 0x0E, 0x00, 0x1E, 0x00, 0x3F, 0xFF, 0xBF, 0xFE, 0x1F, 0xFC,
    0x00, 0x0F, 0xC0, 0x0F, 0xF0, 0x07, 0xD8, 0x01, 0xC0, 0x00, 0xE0, 0x00, 0x38, 0x07, 0x0F, 0x03,
    0x81, 0xF0, 0xE0, 0x3F, 0x38, 0x03, 0xEE, 0x00, 0x3B, 0x80, 0x0E, 0xF0, 0x07, 0x3E, 0x07, 0xC7,
    0xFF, 0xE0, 0xFF, 0xE0, 0x07, 0xC0, 0x00, 0x70, 0x10, 0x1C, 0x03, 0x83, 0x80, 0x7F, 0x70, 0x1F,
    0xFE, 0x00, 0x7F, 0xC0, 0x07, 0x3C, 0x01, 0xE7, 0xC0, 0xF8, 0x7F, 0xFE, 0x07, 0xFF, 0x80, 0x1F,
    0x00, 0x00, 0x1C, 0x38, 0x70, 0xE0, 0xE1, 0xC3, 0x87, 0xFD, 0xFB, 0xC0, 0x00, 0x08, 0xBB, 0xF7,
    0x0E, 0x01, 0xC0, 0x30, 0x0E, 0x01, 0xE1, 0xFF, 0xBF, 0xFF, 0x9F, 0x00, 0x00, 0x00, 0x88, 0x3B,
    0x87, 0x70, 0x0F, 0x0F, 0xC3, 0xF1, 0xC0, 0x70, 0x0C, 0x03, 0x98, 0x7F, 0xFF, 0xDF, 0x87, 0x00,
    0x71, 0xFF, 0x8E, 0x00, 0x00, 0x1C, 0x1C, 0x1C, 0x1C, 0x1C, 0x1C, 0x1C, 0x1C, 0x1C, 0x1C, 0x1C,
    0x1C, 0x1C, 0x1C, 0x1C, 0x1C, 0x71, 0x3F, 0xC8, 0xE0, 0x00, 0x00, 0x07, 0x01, 0xC0, 0x70, 0x1C,
    0x07, 0x01, 0xC0, 0x70, 0x1C, 0x07, 0x01, 0xC0, 0x70, 0x1C, 0x07, 0x01, 0xC0, 0x70, 0x1F, 0x83,
    0xF0, 0x7C, 0x23, 0xB1, 0x87, 0xFA, 0x00, 0x39, 0xCE, 0x73, 0x9C, 0xE7, 0x39, 0xCE, 0x73, 0x9C,
    0xE7, 0x10, 0x38, 0x30, 0x08, 0x07, 0x87, 0xC2, 0x00, 0x00, 0x38, 0x1C, 0x0E, 0x07, 0x03, 0x81,
    0xC0, 0xE0, 0x70, 0x38, 0x1C, 0x0E, 0x07, 0x03, 0x81, 0xC0, 0xE0, 0x7E, 0x1F, 0x87, 0xC0, 0x08,
    0x0E, 0x0C, 0x06, 0x01, 0xE1, 0xE0, 0x80, 0x00, 0x3E, 0x1F, 0x9F, 0xEC, 0x7E, 0x3F, 0x0F, 0xFE,
    0xFF, 0x3F, 0x81, 0xC3, 0xC7, 0xEF, 0xE7, 0xC3, 0x00, 0x08, 0x00, 0xE0, 0x0C, 0x00, 0x60, 0x01,
    0xE0, 0x1E, 0x00, 0x80, 0x00, 0x00, 0x00, 0x01, 0xF0, 0x0F, 0xC0, 0xFF, 0x07, 0x38, 0x71, 0xC3,
    0x86, 0x1F, 0xFE, 0x7F, 0xF9, 0xFF, 0x80, 0xE0, 0x1E, 0x03, 0xF0, 0x7F, 0x03, 0xE0, 0x18, 0x00,
    0x73, 0x9C, 0xE7, 0x39, 0xCE, 0x73, 0x9C, 0xE7, 0x39, 0xCE, 0x73, 0x80, 0x27, 0x21, 0x0F, 0xFC,
    0x00, 0xE1, 0xC3, 0x87, 0x0E, 0x1C, 0x38, 0x70, 0xE1, 0xC3, 0x87, 0x0E, 0x1C, 0x38, 0x7E, 0x7E,
    0x7C, 0x01, 0x0F, 0x18, 0x30, 0x3C, 0xF1, 0x00, 0x0C, 0x00, 0x0E, 0x00, 0x02, 0x00, 0xFC, 0xC0,
    0xFF, 0x1C, 0x7D, 0x8F, 0x9C, 0x02, 0x0E, 0x00, 0x03, 0x80, 0x70, 0xF0, 0x38, 0x1F, 0x0E, 0x03,
    0xF3, 0x80, 0x3E, 0xE0, 0x03, 0xB8, 0x00, 0xEF, 0x00, 0x73, 0xE0, 0x7C, 0x7F, 0xFE, 0x0F, 0xFE,
    0x00, 0x7C, 0x00, 0x0C, 0x00, 0x07, 0x00, 0x00, 0x80, 0x00, 0x18, 0x00, 0x01, 0xC0, 0x00, 0x7C,
    0x00, 0x08, 0x00, 0x00, 0x00, 0x00, 0x70, 0x10, 0x1C, 0x03, 0x83, 0x80, 0x7F, 0x70, 0x1F, 0xFE,
    0x00, 0x7F, 0xC0, 0x07, 0x3C, 0x01, 0xE7, 0xC0, 0xF8, 0x7F, 0xFE, 0x07, 0xFF, 0x80, 0x1F, 0x00,
    0x00, 0x21, 0xCC, 0x10, 0x7B, 0xC8, 0x00, 0x38, 0xE3, 0x87, 0x1C, 0x71, 0xC7, 0xFB, 0xEE, 0x00,
    0x08, 0x0E, 0x02, 0x00, 0xC0, 0x3C, 0x0F, 0x82, 0x00, 0x00, 0x1C, 0x07, 0x01, 0xC0, 0x70, 0x3C,
    0x3F, 0xFF, 0x7F, 0x8F, 0xFF, 0xFF, 0xFF, 0xFF, 0xFF, 0xFF, 0xFC, 0xE1, 0xC3, 0x87, 0x0E, 0x1C,
    0x38, 0x70, 0xE1, 0xC3, 0x87, 0x0E, 0x1C, 0x38, 0x7E, 0x7E, 0x7C, 0x00, 0x00, 0x08, 0x00, 0x00,
    0xEE, 0x00, 0x03, 0xB8, 0x00, 0x0E, 0xE0, 0x00, 0x1F, 0x80, 0x00, 0x7E, 0x00, 0x01, 0xFC, 0x00,
    0x0E, 0xFF, 0x03, 0xF9, 0xFF, 0xFF, 0xC1, 0xFF, 0xFC, 0x00, 0x20, 0x00, 0x00, 0x00, 0x00, 0x00,
    0x00, 0x00, 0x02, 0x00, 0x00, 0x1C, 0x00, 0x00, 0x70, 0x00, 0xE0, 0x00, 0x00, 0x1C, 0x00, 0x00,
    0x03, 0x80, 0x00, 0x30, 0x70, 0x00, 0x0F, 0x0E, 0x00, 0x03, 0xE1, 0xE0, 0x01, 0xFC, 0x3F, 0xC3,
    0xFF, 0xF3, 0xFF, 0xFF, 0x3F, 0x1F, 0xFF, 0x03, 0xE0, 0x10, 0x00, 0x00, 0x00, 0x00, 0x00, 0x00,
    0x00, 0x00, 0x00, 0x02, 0x00, 0x00, 0x00, 0xE0, 0x00, 0x00, 0x1C, 0x00, 0x00, 0x38, 0xE3, 0x87,
    0x1C, 0x71, 0xC7, 0xFB, 0xEE, 0x00, 0x00, 0xC7, 0x0C, 0x1C, 0x07, 0x01, 0xC0, 0x70, 0x3C, 0x3F,
    0xFF, 0x7F, 0x8F, 0x00, 0x00, 0x01, 0x80, 0x70, 0x18, 0x00, 0x26, 0x3B, 0x9D, 0xC0, 0x00, 0x00,
    0x80, 0xE0, 0x78, 0x3E, 0x3F, 0x9D, 0xDC, 0x7E, 0x3E, 0x1F, 0x8F, 0xFF, 0x7F, 0x1F, 0x00, 0x11,
    0x01, 0xDC, 0x0E, 0xE0, 0x00, 0x00, 0x00, 0x00, 0x00, 0x0E, 0x00, 0x70, 0x0F, 0x81, 0xFC, 0x1F,
    0xE1, 0xE7, 0x0E, 0x38, 0x71, 0xC3, 0x8E, 0x1F, 0xF0, 0x7F, 0xC1, 0xFF, 0xC0, 0x7E, 0x00, 0xF0,
    0x00, 0xCC, 0x00, 0x07, 0x70, 0x00, 0x0D, 0xC0, 0x00, 0x00, 0x02, 0x00, 0x00, 0x3B, 0x80, 0x00,
    0xEE, 0x00, 0x03, 0xB8, 0x00, 0x07, 0xE0, 0x00, 0x1F, 0x80, 0x00, 0x7F, 0x00, 0x03, 0xBF, 0xC0,
    0xFE, 0x7F, 0xFF, 0xF0, 0x7F, 0xFF, 0x00, 0x08, 0x00, 0x00, 0x00, 0xCC, 0x00, 0x00, 0x1D, 0xC0,
    0x00, 0x03, 0x30, 0x00, 0x00, 0x00, 0x00, 0x00, 0x00, 0x00, 0x01, 0xC0, 0x00, 0x00, 0x38, 0x00,
    0x00, 0x07, 0x00, 0x00, 0x60, 0xE0, 0x00, 0x1E, 0x1C, 0x00, 0x07, 0xC3, 0xC0, 0x03, 0xF8, 0x7F,
    0x87, 0xFF, 0xE7, 0xFF, 0xFE, 0x7E, 0x3F, 0xFE, 0x07, 0xC0, 0x20, 0x00, 0x00, 0xCD, 0xDF, 0x30,
    0x00, 0x00, 0x0E, 0x1C, 0x38, 0x38, 0x70, 0xE1, 0xC3, 0xBE, 0x7C, 0xE0, 0x33, 0x07, 0x70, 0xEC,
    0x00, 0x00, 0x00, 0x00, 0x03, 0x80, 0x70, 0x0C, 0x03, 0x80, 0x78, 0x7F, 0xEF, 0xFF, 0xE7, 0xC0,
    0x00, 0x30, 0x00, 0x01, 0xC0, 0x00, 0x03, 0x00, 0x00, 0x32, 0x00, 0x00, 0xDC, 0x00, 0x03, 0x30,
    0x00, 0x00, 0x00, 0x80, 0x00, 0x0E, 0xE0, 0x00, 0x3B, 0x80, 0x00, 0xEE, 0x00, 0x01, 0xF8, 0x00,
    0x07, 0xE0, 0x00, 0x1F, 0xC0, 0x00, 0xEF, 0xF0, 0x3F, 0x9F, 0xFF, 0xFC, 0x1F, 0xFF, 0xC0, 0x02,
    0x00, 0x00, 0x00, 0x30, 0x00, 0x00, 0x07, 0x00, 0x00, 0x00, 0xC0, 0x00, 0x00, 0x22, 0x00, 0x00,
    0x0E, 0xE0, 0x00, 0x01, 0xD8, 0x00, 0x00, 0x00, 0x00, 0x00, 0x00, 0x00, 0x00, 0xE0, 0x00, 0x00,
    0x1C, 0x00, 0x00, 0x03, 0x80, 0x00, 0x30, 0x70, 0x00, 0x0F, 0x0E, 0x00, 0x03, 0xE1, 0xE0, 0x01,
    0xFC, 0x3F, 0xC3, 0xFF, 0xF3, 0xFF, 0xFF, 0x3F, 0x1F, 0xFF, 0x03, 0xE0, 0x10, 0x00, 0x00, 0x30,
    0x70, 0xC2, 0x2E, 0xFD, 0x80, 0x00, 0x00, 0x70, 0xE1, 0xC1, 0xC3, 0x87, 0x0E, 0x1D, 0xF3, 0xE7,
    0x00, 0x0C, 0x01, 0xC0, 0x30, 0x08, 0x83, 0xB8, 0x76, 0x00, 0x00, 0x00, 0x00, 0x01, 0xC0, 0x38,
    0x06, 0x01, 0xC0, 0x3C, 0x3F, 0xF7, 0xFF, 0xF3, 0xE0, 0x3C, 0x00, 0xFF, 0x01, 0xFF, 0xC2, 0x1F,
    0xE0, 0x07, 0xC0, 0x3F, 0x81, 0xF0, 0x07, 0x80, 0x1E, 0x00, 0x70, 0x01, 0xE0, 0x03, 0x82, 0x06,
    0x0E, 0x1C, 0x1C, 0x38, 0x10, 0x70, 0x00, 0x70, 0x00, 0xF0, 0x01, 0xF0, 0x31, 0xFF, 0xF0, 0xFF,
    0xE0, 0x3E, 0x00, 0x3C, 0x00, 0x1F, 0xE0, 0x07, 0xFF, 0x01, 0x0F, 0xF0, 0x00, 0x7C, 0x00, 0x7F,
    0x00, 0x7F, 0x00, 0x3C, 0xE0, 0x1E, 0x1C, 0x0E, 0x07, 0xF7, 0x80, 0xFD, 0xC1, 0x1F, 0x60, 0xE0,
    0x38, 0x38, 0x0E, 0x04, 0x03, 0x80, 0x00, 0x70, 0x00, 0x1E, 0x00, 0x07, 0xC0, 0xC0, 0xFF, 0xF8,
    0x0F, 0xFE, 0x00, 0x7C, 0x00, 0x7E, 0x00, 0xFE, 0x03, 0xFE, 0x00, 0x3F, 0x00, 0x7C, 0x03, 0xF0,
    0x7E, 0x3F, 0xE0, 0xFE, 0x03, 0xE0, 0x00, 0x00, 0x00, 0x00, 0x03, 0x00, 0x1C, 0x00, 0x30, 0x00,
    0x7E, 0x00, 0x1F, 0xC0, 0x0F, 0xF8, 0x00, 0x1F, 0x80, 0x07, 0xC0, 0x07, 0xE0, 0x1F, 0xC1, 0xFF,
    0x7E, 0xFE, 0x1F, 0xFC, 0x07, 0xC0, 0x00, 0x00, 0x00, 0x00, 0x30, 0x00, 0x38, 0x00, 0x1C, 0x00,
    0x3C, 0x00, 0xFF, 0x01, 0xFF, 0xC2, 0x1F, 0xE0, 0x07, 0xC0, 0x3F, 0x81, 0xF0, 0x07, 0x80, 0x1E,
    0x00, 0x70, 0x01, 0xE0, 0x03, 0x80, 0x06, 0x00, 0x1C, 0x00, 0x38, 0x00, 0x70, 0x00, 0x70, 0x00,
    0xF0, 0x01, 0xF0, 0x31, 0xFF, 0xF0, 0xFF, 0xE0, 0x3E, 0x00, 0x3C, 0x00, 0x1F, 0xE0, 0x07, 0xFF,
    0x01, 0x0F, 0xF0, 0x00, 0x7C, 0x00, 0x7F, 0x00, 0x7F, 0x00, 0x3C, 0xE0, 0x1E, 0x1C, 0x0E, 0x07,
    0xF7, 0x80, 0xFD, 0xC0, 0x1F, 0x60, 0x00, 0x38, 0x00, 0x0E, 0x00, 0x03, 0x80, 0x00, 0x70, 0x00,
    0x1E, 0x00, 0x07, 0xC0, 0xC0, 0xFF, 0xF8, 0x0F, 0xFE, 0x00, 0x7C, 0x00, 0x7E, 0x00, 0xFE, 0x03,
    0xFE, 0x00, 0x3F, 0x00, 0x7C, 0x03, 0xF0, 0x7E, 0x3F, 0xE0, 0xFE, 0x03, 0xE0, 0x00, 0x7E, 0x00,
    0x1F, 0xC0, 0x0F, 0xF8, 0x00, 0x1F, 0x80, 0x07, 0xC0, 0x07, 0xE0, 0x1F, 0xC1, 0xFF, 0x7E, 0xFE,
    0x1F, 0xFC, 0x07, 0xC0, 0x01, 0x80, 0x07, 0x00, 0x06, 0x00, 0x00, 0x00, 0x00, 0x07, 0x80, 0x1F,
    0xE0, 0x3F, 0xF8, 0x43, 0xFC, 0x00, 0xF8, 0x07, 0xF0, 0x3E, 0x00, 0xF0, 0x03, 0xC0, 0x0E, 0x00,
    0x3C, 0x00, 0x70, 0x00, 0xC0, 0x03, 0x80, 0x07, 0x00, 0x0E, 0x00, 0x0E, 0x00, 0x1E, 0x00, 0x3E,
    0x06, 0x3F, 0xFE, 0x1F, 0xFC, 0x07, 0xC0, 0x01, 0x80, 0x00, 0xE0, 0x00, 0x18, 0x00, 0x00, 0x00,
    0x00, 0x00, 0x0F, 0x00, 0x07, 0xF8, 0x01, 0xFF, 0xC0, 0x43, 0xFC, 0x00, 0x1F, 0x00, 0x1F, 0xC0,
    0x1F, 0xC0, 0x0F, 0x38, 0x07, 0x87, 0x03, 0x81, 0xFD, 0xE0, 0x3F, 0x70, 0x07, 0xD8, 0x00, 0x0E,
    0x00, 0x03, 0x80, 0x00, 0xE0, 0x00, 0x1C, 0x00, 0x07, 0x80, 0x01, 0xF0, 0x30, 0x3F, 0xFE, 0x03,
    0xFF, 0x80, 0x1F, 0x00, 0x18, 0x00, 0xF0, 0x01, 0x80, 0x00, 0x00, 0x00, 0x00, 0x00, 0x07, 0xE0,
    0x0F, 0xE0, 0x3F, 0xE0, 0x03, 0xF0, 0x07, 0xC0, 0x3F, 0x07, 0xE3, 0xFE, 0x0F, 0xE0, 0x3E, 0x00,
    0x18, 0x00, 0x0E, 0x00, 0x06, 0x00, 0x00, 0x00, 0x00, 0x00, 0x00, 0x00, 0x01, 0xF8, 0x00, 0x7F,
    0x00, 0x3F, 0xE0, 0x00, 0x7E, 0x00, 0x1F, 0x00, 0x1F, 0x80, 0x7F, 0x07, 0xFD, 0xFB, 0xF8, 0x7F,
    0xF0, 0x1F, 0x02, 0x01, 0x80, 0xF0, 0x1C, 0x07, 0x80, 0xE0, 0x38, 0x07, 0x01, 0xE0, 0x7F, 0xFF,
    0xFE, 0x7F, 0x00, 0x02, 0x00, 0x18, 0x00, 0xF0, 0x01, 0xC0, 0x07, 0x80, 0x0E, 0x00, 0x38, 0x00,
    0x70, 0x01, 0xC2, 0x07, 0x8F, 0xFF, 0xBF, 0xFF, 0x7E, 0x3C, 0x18, 0x07, 0x01, 0x80, 0x00, 0x00,
    0x00, 0x80, 0x60, 0x3C, 0x07, 0x01, 0xE0, 0x38, 0x0E, 0x01, 0xC0, 0x78, 0x1F, 0xFF, 0xFF, 0x9F,
    0xC0, 0x18, 0x00, 0x70, 0x01, 0xC0, 0x00, 0x00, 0x00, 0x00, 0x08, 0x00, 0x60, 0x03, 0xC0, 0x07,
    0x00, 0x1E, 0x00, 0x38, 0x00, 0xE0, 0x01, 0xC0, 0x07, 0x08, 0x1E, 0x3F, 0xFE, 0xFF, 0xFD, 0xF8,
    0xF0, 0x06, 0x07, 0x81, 0xC0, 0xE0, 0x38, 0x1C, 0x0E, 0x06, 0x07, 0x07, 0x87, 0x87, 0x8F, 0x83,
    0x81, 0x00, 0x02, 0x00, 0x78, 0x01, 0xC0, 0x0E, 0x00, 0x38, 0x01, 0xC0, 0x0F, 0xC0, 0x7F, 0x07,
    0x70, 0x78, 0x07, 0x80, 0x78, 0x0F, 0x80, 0x38, 0x01, 0x00, 0x00, 0x06, 0x07, 0x03, 0x80, 0x00,
    0x00, 0x00, 0x18, 0x1E, 0x07, 0x03, 0x80, 0xE0, 0x70, 0x38, 0x18, 0x1C, 0x1E, 0x1E, 0x1E, 0x3E,
    0x0E, 0x04, 0x00, 0x0C, 0x00, 0x70, 0x03, 0x80, 0x00, 0x00, 0x00, 0x00, 0x00, 0x08, 0x01, 0xE0,
    0x07, 0x00, 0x38, 0x00, 0xE0, 0x07, 0x00, 0x3F, 0x01, 0xFC, 0x1D, 0xC1, 0xE0, 0x1E, 0x01, 0xE0,
    0x3E, 0x00, 0xE0, 0x04, 0x00, 0x00, 0x00, 0x00, 0x00, 0x70, 0x00, 0x00, 0x03, 0x80, 0x00, 0x00,
    0x1C, 0x00, 0x18, 0x38, 0xE0, 0x01, 0xC1, 0xC3, 0x80, 0x0E, 0x0E, 0x1D, 0xC0, 0x78, 0x70, 0xFC,
    0x01, 0xC7, 0x87, 0xE0, 0x0F, 0xFF, 0xF7, 0x00, 0x7F, 0xFF, 0xB8, 0x03, 0xF9, 0xF9, 0xC0, 0x1C,
    0x00, 0x0E, 0x01, 0xC0, 0x00, 0x7C, 0x1E, 0x00, 0x01, 0xFF, 0xE0, 0x00, 0x07, 0xFE, 0x00, 0x00,
    0x07, 0x80, 0x00, 0x00, 0x00, 0x00, 0x00, 0x30, 0x00, 0x00, 0x00, 0x18, 0x00, 0x03, 0x07, 0x0C,
    0x00, 0x03, 0x83, 0x87, 0x00, 0x01, 0xC1, 0xC3, 0x83, 0x80, 0xF0, 0xE1, 0xC3, 0x80, 0x38, 0xF0,
    0xF1, 0xC0, 0x1F, 0xFF, 0xFE, 0xE0, 0x0F, 0xFF, 0xEF, 0xF0, 0x07, 0xF3, 0xE3, 0xF8, 0x03, 0x80,
    0x00, 0x1C, 0x03, 0x80, 0x00, 0x0F, 0x83, 0xC0, 0x00, 0x03, 0xFF, 0xC0, 0x00, 0x00, 0xFF, 0xC0,
    0x00, 0x00, 0x0F, 0x00, 0x00, 0x00, 0x00, 0x00, 0x60, 0x00, 0x0E, 0x00, 0x00, 0xE1, 0x81, 0x87,
    0x1C, 0x38, 0x71, 0xC3, 0x87, 0x1C, 0x38, 0x73, 0xC3, 0x87, 0xFF, 0xFF, 0xFF, 0xFE, 0xFE, 0xE7,
    0xEF, 0xC0, 0x00, 0x00, 0x60, 0x00, 0x00, 0x70, 0x18, 0x18, 0x70, 0x1C, 0x38, 0x70, 0x1C, 0x38,
    0x70, 0x1C, 0x38, 0x70, 0x3C, 0x78, 0x78, 0xFF, 0xFF, 0xFF, 0xFF, 0xEF, 0xDF, 0xE7, 0xEF, 0x8F,
    0x00, 0x00, 0x30, 0x00, 0x00, 0x01, 0xC0, 0x00, 0x00, 0x0C, 0x00, 0x00, 0x00, 0x88, 0x00, 0x00,
    0x0E, 0xE0, 0x00, 0x00, 0x76, 0x00, 0x00, 0x00, 0x00, 0x00, 0x00, 0x00, 0x0E, 0x00, 0x00, 0x00,
    0x70, 0x00, 0x00, 0x03, 0x80, 0x03, 0x07, 0x1C, 0x00, 0x38, 0x38, 0x70, 0x01, 0xC1, 0xC3, 0xB8,
    0x0F, 0x0E, 0x1F, 0x80, 0x38, 0xF0, 0xFC, 0x01, 0xFF, 0xFE, 0xE0, 0x0F, 0xFF, 0xF7, 0x00, 0x7F,
    0x3F, 0x38, 0x03, 0x80, 0x01, 0xC0, 0x38, 0x00, 0x0F, 0x83, 0xC0, 0x00, 0x3F, 0xFC, 0x00, 0x00,
    0xFF, 0xC0, 0x00, 0x00, 0xF0, 0x00, 0x00, 0x00, 0x00, 0x30, 0x00, 0x00, 0x00, 0x1C, 0x00, 0x00,
    0x00, 0x0C, 0x00, 0x00, 0x00, 0x08, 0x80, 0x00, 0x00, 0x0E, 0xE0, 0x00, 0x00, 0x07, 0x60, 0x00,
    0x00, 0x00, 0x00, 0x00, 0x00, 0x00, 0x00, 0x00, 0x00, 0x00, 0x00, 0x30, 0x00, 0x00, 0x00, 0x18,
    0x00, 0x03, 0x07, 0x0C, 0x00, 0x03, 0x83, 0x87, 0x00, 0x01, 0xC1, 0xC3, 0x83, 0x80, 0xF0, 0xE1,
    0xC3, 0x80, 0x38, 0xF0, 0xF1, 0xC0, 0x1F, 0xFF, 0xFE, 0xE0, 0x0F, 0xFF, 0xEF, 0xF0, 0x07, 0xF3,
    0xE3, 0xF8, 0x03, 0x80, 0x00, 0x1C, 0x03, 0x80, 0x00, 0x0F, 0x83, 0xC0, 0x00, 0x03, 0xFF, 0xC0,
    0x00, 0x00, 0xFF, 0xC0, 0x00, 0x00, 0x0F, 0x00, 0x00, 0x00, 0x00, 0x18, 0x00, 0x03, 0x80, 0x00,
    0x18, 0x00, 0x04, 0x40, 0x00, 0xEE, 0x00, 0x06, 0xE0, 0x00, 0x00, 0x00, 0x00, 0x06, 0x00, 0x00,
    0xE0, 0x00, 0x0E, 0x18, 0x18, 0x71, 0xC3, 0x87, 0x1C, 0x38, 0x71, 0xC3, 0x87, 0x3C, 0x38, 0x7F,
    0xFF, 0xFF, 0xFF, 0xEF, 0xEE, 0x7E, 0xFC, 0x00, 0x10, 0x00, 0x00, 0x38, 0x00, 0x00, 0x38, 0x00,
    0x00, 0x44, 0x00, 0x00, 0xEE, 0x00, 0x00, 0xEE, 0x00, 0x00, 0x00, 0x00, 0x00, 0x00, 0x00, 0x00,
    0x00, 0x60, 0x00, 0x00, 0x70, 0x18, 0x18, 0x70, 0x1C, 0x38, 0x70, 0x1C, 0x38, 0x70, 0x1C, 0x38,
    0x70, 0x3C, 0x78, 0x78, 0xFF, 0xFF, 0xFF, 0xFF, 0xEF, 0xDF, 0xE7, 0xEF, 0x8F, 0x00, 0x00, 0x01,
    0xF8, 0x00, 0x00, 0x0F, 0xF8, 0x00, 0x70, 0x3F, 0xF0, 0x00, 0xE0, 0xF0, 0x70, 0x01, 0xC3, 0xC0,
    0xEE, 0x03, 0xCF, 0x01, 0xF8, 0x03, 0x9C, 0x07, 0x70, 0x07, 0xFF, 0xFE, 0xE0, 0x0F, 0xFF, 0xF9,
    0xC0, 0x1D, 0xFF, 0xC3, 0x80, 0x38, 0x00, 0x07, 0x00, 0xE0, 0x00, 0x0F, 0x83, 0xC0, 0x00, 0x0F,
    0xFF, 0x00, 0x00, 0x0F, 0xFC, 0x00, 0x00, 0x03, 0xC0, 0x00, 0x00, 0x00, 0x00, 0x01, 0xF8, 0x00,
    0x00, 0x01, 0xFF, 0x00, 0x01, 0xC0, 0xFF, 0xC0, 0x00, 0x70, 0x78, 0x38, 0x00, 0x1C, 0x3C, 0x0E,
    0x1C, 0x07, 0x9E, 0x03, 0x8E, 0x00, 0xE7, 0x01, 0xC3, 0x80, 0x3F, 0xFF, 0xFE, 0xE0, 0x0F, 0xFF,
    0xFF, 0xF8, 0x03, 0xBF, 0xF9, 0xFE, 0x00, 0xE0, 0x00, 0x03, 0x80, 0x70, 0x00, 0x00, 0xF8, 0x3C,
    0x00, 0x00, 0x1F, 0xFE, 0x00, 0x00, 0x03, 0xFF, 0x00, 0x00, 0x00, 0x1E, 0x00, 0x00, 0x00, 0x00,
    0x03, 0xF0, 0x00, 0x3F, 0xE1, 0x01, 0xFF, 0x87, 0x0F, 0x0F, 0x1C, 0x78, 0x1C, 0xE3, 0xC0, 0x73,
    0xCE, 0x03, 0xBF, 0xF1, 0xFE, 0xFF, 0xFF, 0xF3, 0x8F, 0xFF, 0x00, 0x00, 0x03, 0xF0, 0x00, 0x07,
    0xFC, 0x04, 0x07, 0xFE, 0x03, 0x87, 0x87, 0x81, 0xC7, 0x81, 0xC1, 0xC7, 0x80, 0xE0, 0xF3, 0x80,
    0xE1, 0xFF, 0x8F, 0xFE, 0xFF, 0xFF, 0xFF, 0xF1, 0xFF, 0xE7, 0xC0, 0x00, 0x00, 0x00, 0xC0, 0x00,
    0x00, 0x01, 0xC0, 0x00, 0x00, 0x03, 0x00, 0x00, 0x00, 0x00, 0x00, 0x00, 0x00, 0x00, 0x00, 0x00,
    0x00, 0x00, 0x00, 0x00, 0x00, 0x7E, 0x00, 0x00, 0x03, 0xFE, 0x00, 0x1C, 0x0F, 0xFC, 0x00, 0x38,
    0x3C, 0x1C, 0x00, 0x70, 0xF0, 0x3B, 0x80, 0xF3, 0xC0, 0x7E, 0x00, 0xE7, 0x01, 0xDC, 0x01, 0xFF,
    0xFF, 0xB8, 0x03, 0xFF, 0xFE, 0x70, 0x07, 0x7F, 0xF0, 0xE0, 0x0E, 0x00, 0x01, 0xC0, 0x38, 0x00,
    0x03, 0xE0, 0xF0, 0x00, 0x03, 0xFF, 0xC0, 0x00, 0x03, 0xFF, 0x00, 0x00, 0x00, 0xF0, 0x00, 0x00,
    0x00, 0x00, 0x00, 0x00, 0xC0, 0x00, 0x00, 0x00, 0x38, 0x00, 0x00, 0x00, 0x0C, 0x00, 0x00, 0x00,
    0x00, 0x00, 0x00, 0x00, 0x00, 0x00, 0x00, 0x00, 0x00, 0x00, 0x00, 0x00, 0x00, 0x1F, 0x80, 0x00,
    0x00, 0x1F, 0xF0, 0x00, 0x1C, 0x0F, 0xFC, 0x00, 0x07, 0x07, 0x83, 0x80, 0x01, 0xC3, 0xC0, 0xE1,
    0xC0, 0x79, 0xE0, 0x38, 0xE0, 0x0E, 0x70, 0x1C, 0x38, 0x03, 0xFF, 0xFF, 0xEE, 0x00, 0xFF, 0xFF,
    0xFF, 0x80, 0x3B, 0xFF, 0x9F, 0xE0, 0x0E, 0x00, 0x00, 0x38, 0x07, 0x00, 0x00, 0x0F, 0x83, 0xC0,
    0x00, 0x01, 0xFF, 0xE0, 0x00, 0x00, 0x3F, 0xF0, 0x00, 0x00, 0x01, 0xE0, 0x00, 0x00, 0x00, 0x00,
    0x01, 0x80, 0x00, 0x07, 0x00, 0x00, 0x18, 0x00, 0x00, 0x00, 0x00, 0x00, 0x00, 0x00, 0x00, 0x00,
    0x00, 0x3F, 0x00, 0x03, 0xFE, 0x10, 0x1F, 0xF8, 0x70, 0xF0, 0xF1, 0xC7, 0x81, 0xCE, 0x3C, 0x07,
    0x3C, 0xE0, 0x3B, 0xFF, 0x1F, 0xEF, 0xFF, 0xFF, 0x38, 0xFF, 0xF0, 0x00, 0x01, 0x80, 0x00, 0x00,
    0xE0, 0x00, 0x00, 0x60, 0x00, 0x00, 0x00, 0x00, 0x00, 0x00, 0x00, 0x00, 0x00, 0x00, 0x00, 0x0F,
    0xC0, 0x00, 0x1F, 0xF0, 0x10, 0x1F, 0xF8, 0x0E, 0x1E, 0x1E, 0x07, 0x1E, 0x07, 0x07, 0x1E, 0x03,
    0x83, 0xCE, 0x03, 0x87, 0xFE, 0x3F, 0xFB, 0xFF, 0xFF, 0xFF, 0xC7, 0xFF, 0x9F, 0x0E, 0x00, 0x00,
    0xC0, 0x00, 0x18, 0x00, 0x03, 0x80, 0x00, 0x70, 0x00, 0x0E, 0x00, 0x01, 0xC0, 0x00, 0x38, 0x00,
    0x07, 0x1F, 0x80, 0xEF, 0xF8, 0x1F, 0xFF, 0x03, 0xF0, 0xE0, 0x7C, 0x0E, 0x0F, 0x03, 0x83, 0xC0,
    0xF3, 0xFF, 0xFE, 0x7F, 0xFF, 0x9F, 0xFF, 0xC0, 0x0E, 0x00, 0x00, 0x18, 0x00, 0x00, 0x60, 0x00,
    0x01, 0xC0, 0x00, 0x07, 0x00, 0x00, 0x1C, 0x00, 0x00, 0x70, 0x00, 0x01, 0xC0, 0x00, 0x07, 0x1F,
    0x80, 0x1D, 0xFF, 0x00, 0x7F, 0xFC, 0x01, 0xF8, 0x70, 0x07, 0xC0, 0xE0, 0x1E, 0x07, 0x00, 0xF0,
    0x3C, 0x1F, 0xFF, 0xFE, 0x7F, 0xFF, 0xFF, 0xFF, 0xF9, 0xF0, 0x38, 0x00, 0x38, 0x00, 0x38, 0x00,
    0x38, 0x00, 0x38, 0x00, 0x38, 0x00, 0x38, 0x00, 0x38, 0x00, 0x38, 0xFC, 0x3B, 0xFE, 0x3F, 0xFF,
    0x3F, 0x07, 0x3E, 0x07, 0x3C, 0x07, 0x38, 0x0F, 0xFF, 0xFE, 0xFF, 0xFC, 0xFF, 0xE0, 0x38, 0x00,
    0x07, 0x00, 0x00, 0xE0, 0x00, 0x1C, 0x00, 0x03, 0x80, 0x00, 0x70, 0x00, 0x0E, 0x00, 0x01, 0xC0,
    0x00, 0x38, 0xFC, 0x07, 0x7F, 0xC0, 0xFF, 0xFC, 0x1F, 0x83, 0x83, 0xE0, 0x70, 0x78, 0x0E, 0x0E,
    0x03, 0xC7, 0xFF, 0xFF, 0xFF, 0xFF, 0xFF, 0xFC, 0x7C, 0x0E, 0x00, 0x00, 0xC0, 0x00, 0x18, 0x18,
    0x03, 0x87, 0x00, 0x70, 0x60, 0x0E, 0x00, 0x01, 0xC0, 0x00, 0x38, 0x00, 0x07, 0x1F, 0x80, 0xEF,
    0xF8, 0x1F, 0xFF, 0x03, 0xF0, 0xE0, 0x7C, 0x0E, 0x0F, 0x03, 0x83, 0xC0, 0xF3, 0xFF, 0xFE, 0x7F,
    0xFF, 0x9F, 0xFF, 0xC0, 0x0E, 0x00, 0x00, 0x18, 0x00, 0x00, 0x60, 0xC0, 0x01, 0xC3, 0x80, 0x07,
    0x0E, 0x00, 0x1C, 0x00, 0x00, 0x70, 0x00, 0x01, 0xC0, 0x00, 0x07, 0x1F, 0x80, 0x1D, 0xFF, 0x00,
    0x7F, 0xFC, 0x01, 0xF8, 0x70, 0x07, 0xC0, 0xE0, 0x1E, 0x07, 0x00, 0xF0, 0x3C, 0x1F, 0xFF, 0xFE,
    0x7F, 0xFF, 0xFF, 0xFF, 0xF9, 0xF0, 0x38, 0x00, 0x38, 0x00, 0x38, 0x30, 0x38, 0x70, 0x38, 0x70,
    0x38, 0x00, 0x38, 0x00, 0x38, 0x00, 0x38, 0xFC, 0x3B, 0xFE, 0x3F, 0xFF, 0x3F, 0x07, 0x3E, 0x07,
    0x3C, 0x07, 0x38, 0x0F, 0xFF, 0xFE, 0xFF, 0xFC, 0xFF, 0xE0, 0x38, 0x00, 0x07, 0x00, 0x00, 0xE0,
    0xC0, 0x1C, 0x38, 0x03, 0x87, 0x00, 0x70, 0x00, 0x0E, 0x00, 0x01, 0xC0, 0x00, 0x38, 0xFC, 0x07,
    0x7F, 0xC0, 0xFF, 0xFC, 0x1F, 0x83, 0x83, 0xE0, 0x70, 0x78, 0x0E, 0x0E, 0x03, 0xC7, 0xFF, 0xFF,
    0xFF, 0xFF, 0xFF, 0xFC, 0x7C, 0x1F, 0x80, 0x7F, 0x01, 0xF6, 0x03, 0x80, 0x07, 0x00, 0x0E, 0x00,
    0x1E, 0x18, 0x1F, 0xF0, 0x1F, 0xE0, 0x3E, 0x00, 0xF0, 0x01, 0xC0, 0x07, 0x00, 0x0E, 0x00, 0x38,
    0x00, 0x70, 0x00, 0xE0, 0x01, 0xE0, 0x01, 0xC0, 0x03, 0xE0, 0x63, 0xFF, 0xC3, 0xFF, 0xC0, 0xF8,
    0x00, 0x0F, 0xC0, 0x3F, 0xC0, 0xF3, 0xC1, 0xC3, 0x83, 0xC7, 0x03, 0xDC, 0x03, 0xF8, 0x03, 0xE0,
    0x0F, 0xFC, 0x3F, 0xFC, 0xF1, 0xFB, 0xC0, 0x07, 0x00, 0x1C, 0x00, 0x38, 0x00, 0x70, 0x00, 0xF0,
    0x00, 0xF0, 0x71, 0xFF, 0xE1, 0xFF, 0xE0, 0x7C, 0x00, 0x07, 0xC1, 0xFC, 0x3F, 0x83, 0xC0, 0x38,
    0x03, 0x80, 0x38, 0x03, 0xC2, 0x1F, 0xEF, 0xFF, 0xFF, 0xCF, 0xE0, 0x0F, 0xC0, 0x7F, 0xC0, 0xF7,
    0x83, 0x83, 0x03, 0x86, 0x07, 0x9C, 0x07, 0xF0, 0x07, 0xE0, 0xFF, 0xFD, 0xFF, 0xFF, 0xC3, 0xF0,
    0x07, 0x00, 0x0E, 0x00, 0x1C, 0x00, 0x00, 0x00, 0x00, 0x00, 0x00, 0x07, 0xE0, 0x1F, 0xC0, 0x7D,
    0x80, 0xE0, 0x01, 0xC0, 0x03, 0x80, 0x07, 0x86, 0x07, 0xFC, 0x07, 0xF8, 0x0F, 0x80, 0x3C, 0x00,
    0x70, 0x01, 0xC0, 0x03, 0x80, 0x0E, 0x00, 0x1C, 0x00, 0x38, 0x00, 0x78, 0x00, 0x70, 0x00, 0xF8,
    0x18, 0xFF, 0xF0, 0xFF, 0xF0, 0x3E, 0x00, 0x03, 0x00, 0x07, 0x00, 0x0E, 0x00, 0x00, 0x00, 0x00,
    0x00, 0x00, 0x03, 0xF0, 0x0F, 0xF0, 0x3C, 0xF0, 0x70, 0xE0, 0xF1, 0xC0, 0xF7, 0x00, 0xFE, 0x00,
    0xF8, 0x03, 0xFF, 0x0F, 0xFF, 0x3C, 0x7E, 0xF0, 0x01, 0xC0, 0x07, 0x00, 0x0E, 0x00, 0x1C, 0x00,
    0x3C, 0x00, 0x3C, 0x1C, 0x7F, 0xF8, 0x7F, 0xF8, 0x1F, 0x00, 0x06, 0x00, 0x70, 0x07, 0x00, 0x00,
    0x00, 0x00, 0x7C, 0x1F, 0xC3, 0xF8, 0x3C, 0x03, 0x80, 0x38, 0x03, 0x80, 0x3C, 0x21, 0xFE, 0xFF,
    0xFF, 0xFC, 0xFE, 0x00, 0x03, 0x00, 0x0F, 0x00, 0x0C, 0x00, 0x00, 0x00, 0x00, 0x00, 0x00, 0x03,
    0xF0, 0x1F, 0xF0, 0x3D, 0xE0, 0xE0, 0xC0, 0xE1, 0x81, 0xE7, 0x01, 0xFC, 0x01, 0xF8, 0x3F, 0xFF,
    0x7F, 0xFF, 0xF0, 0xFC, 0x00, 0x00, 0xE0, 0x00, 0x03, 0x80, 0x00, 0x0E, 0x00, 0x00, 0x00, 0x00,
    0x00, 0x00, 0x00, 0x03, 0x80, 0x00, 0x1F, 0x00, 0x00, 0xFE, 0x00, 0x03, 0xBC, 0x00, 0x1C, 0x7E,
    0x00, 0x71, 0xF8, 0x01, 0xC7, 0xE0, 0x07, 0xFF, 0x80, 0x0F, 0xFE, 0x00, 0x0D, 0xFC, 0x00, 0x07,
    0xFF, 0x01, 0xF9, 0xFF, 0xFF, 0xE1, 0xFF, 0xFE, 0x00, 0x34, 0x00, 0x00, 0x00, 0x38, 0x00, 0x00,
    0x07, 0x00, 0x00, 0x00, 0xE0, 0x00, 0x00, 0x00, 0x00, 0x00, 0x00, 0x00, 0x00, 0x00, 0x00, 0x00,
    0x00, 0x1F, 0x00, 0x00, 0x07, 0xF0, 0xE0, 0x01, 0xEF, 0x1C, 0x00, 0x38, 0xE3, 0x80, 0x07, 0x1C,
    0x70, 0x00, 0xE3, 0x8E, 0x00, 0x1C, 0xF1, 0xE0, 0x01, 0xFC, 0x3F, 0xC1, 0xFF, 0xF3, 0xFF, 0xFF,
    0xFF, 0x1F, 0xFF, 0xCF, 0xE0, 0x1C, 0x00, 0x00, 0x06, 0x01, 0xC0, 0x18, 0x00, 0x00, 0x00, 0x0C,
    0x07, 0xE1, 0xFE, 0x39, 0xC6, 0x39, 0xC3, 0x3C, 0x73, 0xFE, 0x7F, 0x81, 0xF0, 0x0E, 0xFF, 0x9F,
    0xE3, 0xF0, 0x00, 0x06, 0x00, 0x1C, 0x00, 0x70, 0x00, 0x00, 0x00, 0x00, 0x00, 0x00, 0xF8, 0x07,
    0xF0, 0x3F, 0xC0, 0xE3, 0x83, 0x8E, 0x0E, 0x38, 0x39, 0xC0, 0x7F, 0x0F, 0xFF, 0xBF, 0xFF, 0xF9,
    0xFC, 0x00, 0x33, 0x00, 0x0F, 0xE0, 0x03, 0x30, 0x00, 0x00, 0x00, 0x00, 0x00, 0x00, 0x00, 0x01,
    0xE0, 0x00, 0xFC, 0x00, 0x7F, 0x80, 0x1C, 0xE4, 0x06, 0x39, 0xC1, 0x87, 0xE0, 0x71, 0xF8, 0x1F,
    0xFE, 0x07, 0xFB, 0x80, 0x0E, 0xE0, 0x03, 0xBC, 0x01, 0xEF, 0x81, 0xF1, 0xFF, 0xF8, 0x3F, 0xFC,
    0x00, 0xF0, 0x00, 0x00, 0x33, 0x00, 0x01, 0xDC, 0x00, 0x0C, 0xC0, 0x00, 0x00, 0x00, 0x00, 0x00,
    0x00, 0x00, 0x00, 0x00, 0x78, 0x00, 0x07, 0xE0, 0x00, 0x7F, 0x80, 0x03, 0x9C, 0x10, 0x18, 0x60,
    0xE0, 0xC3, 0x8E, 0x07, 0xFF, 0x70, 0x3F, 0xFF, 0x80, 0xFF, 0xFC, 0x00, 0x70, 0xE0, 0x03, 0x87,
    0x80, 0x38, 0x3E, 0x07, 0xC0, 0xFF, 0xFC, 0x03, 0xFF, 0x80, 0x03, 0xE0, 0x00, 0x19, 0x87, 0x70,
    0x66, 0x00, 0x00, 0x00, 0x0C, 0x07, 0xE1, 0xFE, 0x39, 0xC6, 0x39, 0xC3, 0x3C, 0x73, 0xFE, 0x7F,
    0x81, 0xF0, 0x0E, 0xFF, 0x9F, 0xE3, 0xF0, 0x00, 0x19, 0x80, 0x77, 0x01, 0xD8, 0x00, 0x00, 0x00,
    0x00, 0x00, 0x00, 0xF8, 0x07, 0xF0, 0x3F, 0xC0, 0xE3, 0x83, 0x8E, 0x0E, 0x38, 0x39, 0xC0, 0x7F,
    0x0F, 0xFF, 0xBF, 0xFF, 0xF9, 0xFC, 0x00, 0x00, 0xE0, 0x00, 0x0E, 0x00, 0x00, 0xE0, 0x00, 0x0E,
    0x00, 0x30, 0xE0, 0x07, 0x86, 0x00, 0xE0, 0x60, 0x06, 0x06, 0x00, 0x70, 0x7E, 0x03, 0x07, 0xE1,
    0xF0, 0x7E, 0x0E, 0x07, 0xE0, 0x80, 0x7E, 0x00, 0x07, 0xF0, 0x00, 0xEF, 0xF0, 0x7E, 0x7F, 0xFF,
    0xC1, 0xFF, 0xF8, 0x00, 0x80, 0x00, 0x00, 0x00, 0xE0, 0x00, 0x00, 0xE0, 0x00, 0x00, 0xE0, 0x00,
    0x00, 0xE0, 0x00, 0x30, 0xE0, 0x00, 0x78, 0x60, 0x00, 0xE0, 0x60, 0x00, 0x60, 0x60, 0x00, 0x70,
    0x70, 0xE0, 0x30, 0x70, 0xE1, 0xF0, 0x70, 0xE0, 0xE0, 0x70, 0xE0, 0x80, 0x70, 0xE0, 0x00, 0x70,
    0xF0, 0x00, 0xF0, 0xFF, 0x07, 0xFE, 0x7F, 0xFF, 0xDF, 0x1F, 0xFF, 0x8E, 0x00, 0xE0, 0x00, 0x00,
    0x40, 0x38, 0x1F, 0x8F, 0xC3, 0xE0, 0xF0, 0x1C, 0x03, 0xC0, 0x3C, 0x03, 0xC0, 0x3C, 0x03, 0x80,
    0x78, 0x07, 0x00, 0xE7, 0xFC, 0xFF, 0x1F, 0x80, 0x00, 0x40, 0x07, 0x00, 0x7E, 0x07, 0xE0, 0x3E,
    0x01, 0xE0, 0x07, 0x00, 0x1E, 0x00, 0x3C, 0x00, 0x70, 0x00, 0xE0, 0x03, 0xC0, 0x07, 0x80, 0x0E,
    0x00, 0x3C, 0x3F, 0xFE, 0xFF, 0xFF, 0xF1, 0xE0, 0x00, 0x1C, 0x00, 0x18, 0x00, 0x38, 0x00, 0x70,
    0x00, 0xE0, 0x01, 0xC0, 0x03, 0x80, 0x07, 0x00, 0x0E, 0x00, 0x1C, 0x00, 0x38, 0x00, 0x70, 0x00,
    0xEE, 0x01, 0xF8, 0x03, 0xF0, 0x07, 0xE0, 0x0F, 0xC0, 0x1F, 0x80, 0x77, 0x00, 0xEF, 0x87, 0x8F,
    0xFF, 0x0F, 0xFC, 0x03, 0xE0, 0x00, 0x1C, 0x00, 0x01, 0x80, 0x00, 0x30, 0x00, 0x07, 0x00, 0x00,
    0xE0, 0x00, 0x1C, 0x00, 0x03, 0x80, 0x00, 0x70, 0x00, 0x0E, 0x00, 0x01, 0xC0, 0x00, 0x38, 0x00,
    0x07, 0x00, 0x00, 0xE0, 0xE0, 0x1C, 0x38, 0x03, 0x87, 0x00, 0x7E, 0xE0, 0x0F, 0xFC, 0x01, 0xFF,
    0x80, 0x70, 0x70, 0x0E, 0x0F, 0x83, 0xC0, 0xFF, 0xF0, 0x0F, 0xFC, 0x00, 0x3C, 0x00, 0x39, 0xCE,
    0x73, 0x9C, 0xE7, 0x39, 0xCE, 0x73, 0x9C, 0xFF, 0xFF, 0x00, 0x38, 0x1C, 0x0E, 0x07, 0x03, 0x81,
    0xC0, 0xE0, 0x70, 0x38, 0x1C, 0x0E, 0x07, 0x03, 0x81, 0xE0, 0xF1, 0xFF, 0xFF, 0xF3, 0xC0, 0x02,
    0x00, 0xFC, 0x1F, 0xC3, 0xDE, 0x30, 0xE1, 0x07, 0x00, 0x70, 0xFF, 0x3F, 0xE7, 0xFE, 0x70, 0x0E,
    0x00, 0xE0, 0x0E, 0x00, 0x60, 0x06, 0x00, 0x70, 0x07, 0x00, 0x70, 0x07, 0x00, 0x20, 0x00, 0x01,
    0xC0, 0x03, 0xF0, 0x03, 0xFC, 0x03, 0xCE, 0x03, 0xC3, 0x03, 0xE1, 0xC1, 0xF8, 0xF0, 0xFF, 0x7E,
    0xE7, 0xFF, 0xF1, 0xF3, 0xB8, 0x00, 0x1C, 0x00, 0x0E, 0x00, 0x03, 0x00, 0x01, 0xC0, 0x00, 0xE0,
    0x00, 0x70, 0x00, 0x38, 0x00, 0x0E, 0x00, 0x04, 0x00, 0x00, 0x03, 0x80, 0x7E, 0x0F, 0xE1, 0xEF,
    0x1C, 0x73, 0x87, 0x3C, 0x7F, 0xFF, 0xFF, 0xEE, 0x3C, 0x03, 0x80, 0x07, 0xC0, 0x0F, 0xE0, 0x1C,
    0xF0, 0x1C, 0x70, 0x38, 0x78, 0x3C, 0x38, 0xFF, 0x7F, 0xF7, 0xFF, 0xE3, 0xEF, 0x03, 0x00, 0x07,
    0x00, 0x0C, 0x00, 0x00, 0x00, 0x00, 0x80, 0x07, 0x80, 0x07, 0x00, 0x0E, 0x70, 0x1F, 0xC0, 0x1F,
    0x80, 0x3F, 0x00, 0x7E, 0x00, 0xFC, 0x03, 0xB8, 0x07, 0x7C, 0x3E, 0x7F, 0xF8, 0x7F, 0xE0, 0x1E,
    0x00, 0x03, 0x00, 0x00, 0x70, 0x00, 0x0C, 0x00, 0x00, 0x00, 0x00, 0x00, 0x00, 0x00, 0x18, 0x00,
    0x07, 0x00, 0x00, 0xE0, 0x70, 0x1E, 0x1C, 0x01, 0xC3, 0x80, 0x3F, 0x70, 0x07, 0xFE, 0x00, 0xFF,
    0xC0, 0x1C, 0x38, 0x07, 0x07, 0xC1, 0xE0, 0x7F, 0xF8, 0x07, 0xFE, 0x00, 0x1F, 0x00, 0x00, 0x30,
    0xE3, 0x00, 0x00, 0x03, 0x8E, 0x38, 0x71, 0xC7, 0x1C, 0x7F, 0xBE, 0xE0, 0x1C, 0x07, 0x01, 0xC0,
    0x00, 0x00, 0x00, 0x01, 0xC0, 0x70, 0x1C, 0x07, 0x03, 0xC3, 0xFF, 0xF7, 0xF8, 0xF0, 0x10, 0x1C,
    0x0F, 0x07, 0xC7, 0xF3, 0xBB, 0x8F, 0xC7, 0xC3, 0xF1, 0xFF, 0xEF, 0xE3, 0xE0, 0x03, 0x80, 0x1C,
    0x03, 0xE0, 0x7F, 0x07, 0xF8, 0x79, 0xC3, 0x8E, 0x1C, 0x70, 0xE3, 0x87, 0xFC, 0x1F, 0xF0, 0x7F,
    0xF0, 0x1F, 0x80, 0x3C, 0x0C, 0x00, 0x78, 0x00, 0xF0, 0x07, 0xF0, 0x3F, 0xE0, 0xC7, 0xC3, 0x1F,
    0x8C, 0x6E, 0x3B, 0x9C, 0xFE, 0x7F, 0xFB, 0xFF, 0xFE, 0xF3, 0xF0, 0x07, 0xC0, 0x1F, 0x80, 0x3F,
    0x80, 0xE7, 0x01, 0xCE, 0x07, 0x1C, 0x0E, 0x30, 0x1D, 0xE0, 0xFF, 0xFD, 0xFF, 0xFF, 0xE3, 0xF9,
    0xC3, 0x83, 0xC7, 0x03, 0xCE, 0x07, 0xFC, 0x03, 0xF0, 0x3E, 0x1F, 0x9F, 0xEC, 0x7E, 0x3F, 0x0F,
    0xFE, 0xFF, 0x3F, 0x81, 0xC3, 0xC7, 0xEF, 0xE7, 0xC3, 0x00, 0x3E, 0x01, 0xF8, 0x1F, 0xE0, 0xE7,
    0x0E, 0x38, 0x70, 0xC3, 0xFF, 0xCF, 0xFF, 0x3F, 0xF0, 0x1C, 0x03, 0xC0, 0x7E, 0x0F, 0xE0, 0x7C,
    0x03, 0x00, 0x00, 0x00, 0x0F, 0xC0, 0x0F, 0xF0, 0x07, 0xD8, 0x01, 0xC0, 0x00, 0xE0, 0x00, 0x38,
    0x07, 0x0F, 0x03, 0x81, 0xF0, 0xE0, 0x3F, 0x38, 0x03, 0xEE, 0x00, 0x3B, 0x80, 0x0E, 0xF0, 0x07,
    0x3E, 0x07, 0xC7, 0xFF, 0xE0, 0xFF, 0xE0, 0x07, 0xC0, 0x00, 0x70, 0x10, 0x1C, 0x03, 0x83, 0x80,
    0x7F, 0x70, 0x1F, 0xFE, 0x00, 0x7F, 0xC0, 0x07, 0x3C, 0x01, 0xE7, 0xC0, 0xF8, 0x7F, 0xFE, 0x07,
    0xFF, 0x80, 0x1F, 0x00, 0x00, 0x00, 0x0F, 0xC0, 0x0F, 0xF0, 0x07, 0xD8, 0x01, 0xC0, 0x00, 0xE0,
    0x00, 0x38, 0x07, 0x0F, 0x03, 0x81, 0xF0, 0xE0, 0x3F, 0x38, 0x03, 0xEE, 0x00, 0x3B, 0x80, 0x0E,
    0xF0, 0x07, 0x3E, 0x07, 0xC7, 0xFF, 0xE0, 0xFF, 0xE0, 0x07, 0xC0, 0x00, 0x00, 0x00, 0x00, 0x00,
    0x11, 0x80, 0x0E, 0xE0, 0x01, 0xB8, 0x00, 0x70, 0x10, 0x1C, 0x03, 0x83, 0x80, 0x7F, 0x70, 0x1F,
    0xFE, 0x00, 0x7F, 0xC0, 0x07, 0x3C, 0x01, 0xE7, 0xC0, 0xF8, 0x7F, 0xFE, 0x07, 0xFF, 0x80, 0x1F,
    0x00, 0x00, 0x00, 0x00, 0x00, 0x00, 0x08, 0x80, 0x03, 0xB8, 0x00, 0x77, 0x00, 0x1C, 0x38, 0x70,
    0xE0, 0xE1, 0xC3, 0x87, 0xFD, 0xFB, 0xC0, 0x00, 0x08, 0xBB, 0xF7, 0x0E, 0x01, 0xC0, 0x30, 0x0E,
    0x01, 0xE1, 0xFF, 0xBF, 0xFF, 0x9F, 0x00, 0x00, 0x00, 0x88, 0x3B, 0x87, 0x70, 0x71, 0x01, 0xFE,
    0x72, 0x38, 0xE0, 0x01, 0xC1, 0x03, 0x87, 0x87, 0x0F, 0x8E, 0x07, 0x9C, 0x07, 0xF8, 0x03, 0xF0,
    0x03, 0xC0, 0x03, 0xC0, 0x0F, 0x80, 0x3B, 0x80, 0xE3, 0x03, 0x87, 0x0F, 0xFC, 0x1F, 0xF8, 0x3F,
    0xE0, 0x71, 0x00, 0x7F, 0x80, 0x23, 0x8E, 0x00, 0x07, 0x00, 0x03, 0x81, 0x01, 0xC0, 0xC0, 0xE0,
    0xF0, 0x70, 0x3C, 0x38, 0x0F, 0x1C, 0x03, 0xCE, 0x00, 0xE7, 0x00, 0x3B, 0x80, 0x0F, 0xC0, 0x07,
    0xE0, 0x01, 0xF0, 0x01, 0xFC, 0x3F, 0xEF, 0xDF, 0xE7, 0xEF, 0xC1, 0xF0, 0x20, 0x01, 0xC0, 0x0C,
    0x00, 0x30, 0x00, 0x78, 0x73, 0xC1, 0xC8, 0x07, 0x08, 0x1C, 0x78, 0x71, 0xF1, 0xC1, 0xE7, 0x03,
    0xFC, 0x03, 0xF0, 0x07, 0x80, 0x0F, 0x00, 0x7C, 0x03, 0xB8, 0x1C, 0x60, 0xE1, 0xC7, 0xFE, 0x1F,
    0xF8, 0x7F, 0xC0, 0x20, 0x00, 0x70, 0x00, 0xC0, 0x00, 0xC0, 0x00, 0x78, 0x00, 0xF0, 0x70, 0x80,
    0x70, 0x00, 0x70, 0x40, 0x70, 0x60, 0x70, 0xF0, 0x70, 0x78, 0x70, 0x3C, 0x70, 0x1E, 0x70, 0x0E,
    0x70, 0x07, 0x70, 0x03, 0xF0, 0x03, 0xF0, 0x01, 0xF0, 0x03, 0xF8, 0xFF, 0xBF, 0xFF, 0x3F, 0xFC,
    0x1F, 0x00, 0xE0, 0x07, 0x00, 0x38, 0x81, 0xCF, 0x0E, 0x7C, 0x70, 0xF3, 0x83, 0xFC, 0x07, 0xE0,
    0x1E, 0x00, 0x78, 0x07, 0xC0, 0x77, 0x07, 0x18, 0x70, 0xE7, 0xFE, 0x3F, 0xF1, 0xFF, 0x00, 0x00,
    0x10, 0x03, 0x80, 0x10, 0x00, 0x80, 0x07, 0x80, 0x7C, 0x02, 0x00, 0x00, 0x00, 0x70, 0x00, 0x70,
    0x00, 0x70, 0x40, 0x70, 0x60, 0x70, 0xF0, 0x70, 0x78, 0x70, 0x3C, 0x70, 0x1E, 0x70, 0x0E, 0x70,
    0x07, 0x70, 0x03, 0xF0, 0x03, 0xF0, 0x01, 0xF0, 0x03, 0xF8, 0xFF, 0xBF, 0xFF, 0x3F, 0xFC, 0x1F,
    0x00, 0x00, 0x08, 0x00, 0x3C, 0x00, 0x30, 0x00, 0x30, 0x00, 0x1E, 0x00, 0x3C, 0x00, 0x20, 0x00,
    0x00, 0xE0, 0x07, 0x00, 0x38, 0x81, 0xCF, 0x0E, 0x7C, 0x70, 0xF3, 0x83, 0xFC, 0x07, 0xE0, 0x1E,
    0x00, 0x78, 0x07, 0xC0, 0x77, 0x07, 0x18, 0x70, 0xE7, 0xFE, 0x3F, 0xF1, 0xFF, 0x00, 0x00, 0x70,
    0x00, 0x70, 0x00, 0x70, 0x40, 0x70, 0x60, 0x70, 0xF0, 0x70, 0x78, 0x70, 0x3C, 0x70, 0x1E, 0x70,
    0x0E, 0x70, 0x07, 0x70, 0x03, 0xF0, 0x03, 0xF0, 0x01, 0xF0, 0x03, 0xF8, 0xFF, 0xBF, 0xFF, 0x3F,
    0xFC, 0x1F,
};

static const EpdGlyph ubuntu_12_mediumGlyphs[] = {
    { 1, 1, 0, 0, 1, 1, 0 }, // U+0000
    { 1, 1, 0, 0, 1, 1, 1 }, // U+0008
    { 1, 1, 93, 0, 1, 1, 2 }, // U+0009
    { 1, 1, 93, 0, 1, 1, 3 }, // U+000D
    { 1, 1, 0, 0, 1, 1, 4 }, // U+001D
    { 1, 1, 93, 0, 1, 1, 5 }, // U+0020
    { 4, 18, 122, 2, 18, 9, 6 }, // !
    { 8, 7, 183, 2, 20, 7, 15 }, // "
    { 14, 18, 268, 1, 18, 32, 22 }, // #
    { 11, 23, 227, 2, 20, 32, 54 }, // $
    { 20, 18, 359, 1, 18, 45, 86 }, // %
    { 16, 18, 274, 1, 18, 36, 131 }, // &
    { 3, 7, 104, 2, 20, 3, 167 }, // '
    { 7, 25, 136, 2, 20, 22, 170 }, // (
    { 7, 25, 136, 0, 20, 22, 192 }, // )
    { 11, 10, 193, 1, 18, 14, 214 }, // *
    { 12, 13, 227, 1, 14, 20, 228 }, // +
    { 4, 8, 107, 1, 3, 4, 248 }, // ,
    { 7, 2, 126, 1, 8, 2, 252 }, // -
    { 4, 4, 106, 1, 4, 2, 254 }, // .
    { 12, 26, 166, -1, 21, 39, 256 }, // /
    { 12, 18, 227, 1, 18, 27, 295 }, // 0
    { 8, 18, 227, 2, 18, 18, 322 }, // 1
    { 11, 18, 227, 2, 18, 25, 340 }, // 2
    { 12, 18, 227, 1, 18, 27, 365 }, // 3
    { 13, 18, 227, 1, 18, 30, 392 }, // 4
    { 12, 18, 227, 1, 18, 27, 422 }, // 5
    { 12, 18, 227, 1, 18, 27, 449 }, // 6
    { 12, 18, 227, 1, 18, 27, 476 }, // 7
    { 12, 18, 227, 1, 18, 27, 503 }, // 8
    { 12, 18, 227, 1, 18, 27, 530 }, // 9
    { 4, 14, 106, 1, 14, 7, 557 }, // :
    { 4, 18, 106, 1, 14, 9, 564 }, // ;
    { 12, 13, 227, 1, 14, 20, 573 }, // <
    { 12, 8, 227, 1, 11, 12, 593 }, // =
    { 12, 13, 227, 1, 14, 20, 605 }, // >
    { 9, 18, 170, 1, 18, 21, 625 }, // ?
    { 21, 21, 388, 2, 18, 56, 646 }, // @
    { 17, 18, 274, 0, 18, 39, 702 }, // A
    { 13, 18, 263, 2, 18, 30, 741 }, // B
    { 14, 18, 255, 1, 18, 32, 771 }, // C
    { 15, 18, 290, 2, 18, 34, 803 }, // D
    { 12, 18, 234, 2, 18, 27, 837 }, // E
    { 11, 18, 220, 2, 18, 25, 864 }, // F
    { 14, 18, 273, 1, 18, 32, 889 }, // G
    { 14, 18, 288, 2, 18, 32, 921 }, // H
    { 3, 18, 117, 2, 18, 7, 953 }, // I
    { 11, 18, 205, 0, 18, 25, 960 }, // J
    { 14, 18, 260, 2, 18, 32, 985 }, // K
    { 11, 18, 214, 2, 18, 25, 1017 }, // L
    { 18, 18, 354, 2, 18, 41, 1042 }, // M
    { 14, 18, 296, 2, 18, 32, 1083 }, // N
    { 17, 18, 313, 1, 18, 39, 1115 }, // O
    { 13, 18, 249, 2, 18, 30, 1154 }, // P
    { 17, 22, 313, 1, 18, 47, 1184 }, // Q
    { 13, 18, 256, 2, 18, 30, 1231 }, // R
    { 12, 18, 216, 1, 18, 27, 1261 }, // S
    { 14, 18, 232, 1, 18, 32, 1288 }, // T
    { 14, 18, 281, 2, 18, 32, 1320 }, // U
    { 17, 18, 273, 0, 18, 39, 1352 }, // V
    { 22, 18, 375, 1, 18, 50, 1391 }, // W
    { 16, 18, 263, 0, 18, 36, 1441 }, // X
    { 15, 18, 250, 0, 18, 34, 1477 }, // Y
    { 13, 18, 235, 1, 18, 30, 1511 }, // Z
    { 6, 25, 138, 2, 20, 19, 1541 }, // [
    { 11, 26, 166, 0, 21, 36, 1560 }, // <backslash>
    { 7, 25, 138, 0, 20, 22, 1596 }, // ]
    { 12, 10, 227, 1, 18, 15, 1618 }, // ^
    { 13, 2, 200, 0, -3, 4, 1633 }, // _
    { 5, 6, 157, 2, 21, 4, 1637 }, // `
    { 11, 14, 214, 1, 14, 20, 1641 }, // a
    { 12, 20, 238, 2, 20, 30, 1661 }, // b
    { 10, 14, 189, 1, 14, 18, 1691 }, // c
    { 12, 20, 238, 1, 20, 30, 1709 }, // d
    { 12, 14, 228, 1, 14, 21, 1739 }, // e
    { 9, 20, 160, 2, 20, 23, 1760 }, // f
    { 12, 19, 234, 1, 14, 29, 1783 }, // g
    { 11, 20, 233, 2, 20, 28, 1812 }, // h
    { 3, 20, 110, 2, 20, 8, 1840 }, // i
    { 6, 25, 110, -1, 20, 19, 1848 }, // j
    { 12, 21, 220, 2, 21, 32, 1867 }, // k
    { 5, 21, 119, 2, 21, 14, 1899 }, // l
    { 17, 14, 346, 2, 14, 30, 1913 }, // m
    { 11, 14, 234, 2, 14, 20, 1943 }, // n
    { 13, 14, 239, 1, 14, 23, 1963 }, // o
    { 12, 19, 238, 2, 14, 29, 1986 }, // p
    { 12, 19, 238, 1, 14, 29, 2015 }, // q
    { 8, 14, 161, 2, 14, 14, 2044 }, // r
    { 9, 14, 183, 1, 14, 16, 2058 }, // s
    { 8, 18, 167, 2, 18, 18, 2074 }, // t
    { 11, 14, 233, 2, 14, 20, 2092 }, // u
    { 13, 14, 210, 0, 14, 23, 2112 }, // v
    { 19, 14, 312, 0, 14, 34, 2135 }, // w
    { 13, 14, 212, 0, 14, 23, 2169 }, // x
    { 13, 19, 208, 0, 14, 31, 2192 }, // y
    { 10, 14, 194, 1, 14, 18, 2223 }, // z
    { 8, 25, 139, 1, 20, 25, 2241 }, // {
    { 3, 25, 120, 2, 20, 10, 2266 }, // |
    { 8, 25, 139, 0, 20, 25, 2276 }, // }
    { 12, 4, 227, 1, 9, 6, 2301 }, // ~
    { 1, 1, 93, 0, 1, 1, 2307 }, // U+00A0
    { 4, 19, 122, 2, 14, 10, 2308 }, // U+00A1
    { 11, 21, 227, 2, 18, 29, 2318 }, // U+00A2
    { 12, 18, 227, 1, 18, 27, 2347 }, // U+00A3
    { 12, 12, 227, 1, 15, 18, 2374 }, // U+00A4
    { 15, 18, 227, 0, 18, 34, 2392 }, // U+00A5
    { 3, 25, 120, 2, 20, 10, 2426 }, // U+00A6
    { 11, 20, 204, 1, 18, 28, 2436 }, // U+00A7
    { 8, 2, 162, 1, 18, 2, 2464 }, // U+00A8
    { 17, 19, 326, 2, 19, 41, 2466 }, // U+00A9
    { 8, 10, 161, 1, 18, 10, 2507 }, // U+00AA
    { 12, 12, 221, 1, 13, 18, 2517 }, // U+00AB
    { 12, 9, 227, 1, 10, 14, 2535 }, // U+00AC
    { 7, 2, 126, 1, 8, 2, 2549 }, // U+00AD
    { 17, 19, 326, 2, 19, 41, 2551 }, // U+00AE
    { 8, 2, 156, 1, 18, 2, 2592 }, // U+00AF
    { 7, 8, 139, 1, 21, 7, 2594 }, // U+00B0
    { 12, 16, 227, 1, 16, 24, 2601 }, // U+00B1
    { 7, 10, 145, 1, 18, 9, 2625 }, // U+00B2
    { 8, 10, 145, 0, 18, 10, 2634 }, // U+00B3
    { 6, 6, 157, 2, 21, 5, 2644 }, // U+00B4
    { 11, 19, 236, 2, 14, 27, 2649 }, // U+00B5
    { 14, 23, 273, 0, 18, 41, 2676 }, // U+00B6
    { 4, 4, 84, 1, 10, 2, 2717 }, // U+00B7
    { 6, 6, 156, 1, 1, 5, 2719 }, // U+00B8
    { 5, 10, 145, 1, 18, 7, 2724 }, // U+00B9
    { 9, 10, 182, 1, 18, 12, 2731 }, // U+00BA
    { 12, 12, 221, 1, 13, 18, 2743 }, // U+00BB
    { 21, 18, 351, 1, 18, 48, 2761 }, // U+00BC
    { 20, 18, 351, 1, 18, 45, 2809 }, // U+00BD
    { 21, 18, 351, 0, 18, 48, 2854 }, // U+00BE
    { 9, 19, 170, 1, 14, 22, 2902 }, // U+00BF
    { 17, 25, 274, 0, 25, 54, 2924 }, // U+00C0
    { 17, 25, 274, 0, 25, 54, 2978 }, // U+00C1
    { 17, 24, 274, 0, 24, 51, 3032 }, // U+00C2
    { 17, 23, 274, 0, 23, 49, 3083 }, // U+00C3
    { 16, 22, 274, 0, 22, 44, 3132 }, // U+00C4
    { 18, 22, 274, 0, 22, 50, 3176 }, // U+00C5
    { 23, 18, 383, 0, 18, 52, 3226 }, // U+00C6
    { 14, 23, 255, 1, 18, 41, 3278 }, // U+00C7
    { 12, 25, 234, 2, 25, 38, 3319 }, // U+00C8
    { 12, 25, 234, 2, 25, 38, 3357 }, // U+00C9
    { 12, 24, 234, 2, 24, 36, 3395 }, // U+00CA
    { 12, 22, 234, 2, 22, 33, 3431 }, // U+00CB
    { 5, 25, 117, 0, 25, 16, 3464 }, // U+00CC
    { 6, 25, 117, 2, 25, 19, 3480 }, // U+00CD
    { 7, 24, 117, 0, 24, 21, 3499 }, // U+00CE
    { 8, 22, 117, 0, 22, 22, 3520 }, // U+00CF
    { 17, 18, 296, 1, 18, 39, 3542 }, // U+00D0
    { 14, 23, 296, 2, 23, 41, 3581 }, // U+00D1
    { 17, 25, 313, 1, 25, 54, 3622 }, // U+00D2
    { 17, 25, 313, 1, 25, 54, 3676 }, // U+00D3
    { 17, 24, 313, 1, 24, 51, 3730 }, // U+00D4
    { 17, 24, 313, 1, 24, 51, 3781 }, // U+00D5
    { 17, 24, 313, 1, 24, 51, 3832 }, // U+00D6
    { 10, 11, 227, 2, 13, 14, 3883 }, // U+00D7
    { 17, 20, 313, 1, 19, 43, 3897 }, // U+00D8
    { 14, 25, 281, 2, 25, 44, 3940 }, // U+00D9
    { 14, 25, 281, 2, 25, 44, 3984 }, // U+00DA
    { 14, 24, 281, 2, 24, 42, 4028 }, // U+00DB
    { 14, 24, 281, 2, 24, 42, 4070 }, // U+00DC
    { 15, 25, 250, 0, 25, 47, 4112 }, // U+00DD
    { 13, 18, 251, 2, 18, 30, 4159 }, // U+00DE
    { 13, 20, 254, 2, 20, 33, 4189 }, // U+00DF
    { 11, 21, 214, 1, 21, 29, 4222 }, // U+00E0
    { 11, 21, 214, 1, 21, 29, 4251 }, // U+00E1
    { 11, 20, 214, 1, 20, 28, 4280 }, // U+00E2
    { 11, 19, 214, 1, 19, 27, 4308 }, // U+00E3
    { 11, 18, 214, 1, 18, 25, 4335 }, // U+00E4
    { 11, 21, 214, 1, 21, 29, 4360 }, // U+00E5
    { 19, 14, 348, 1, 14, 34, 4389 }, // U+00E6
    { 10, 19, 189, 1, 14, 24, 4423 }, // U+00E7
    { 12, 21, 228, 1, 21, 32, 4447 }, // U+00E8
    { 12, 21, 228, 1, 21, 32, 4479 }, // U+00E9
    { 12, 20, 228, 1, 20, 30, 4511 }, // U+00EA
    { 12, 20, 228, 1, 20, 30, 4541 }, // U+00EB
    { 5, 21, 110, 0, 21, 14, 4571 }, // U+00EC
    { 5, 21, 110, 2, 21, 14, 4585 }, // U+00ED
    { 7, 21, 110, 0, 21, 19, 4599 }, // U+00EE
    { 8, 19, 110, -1, 19, 19, 4618 }, // U+00EF
    { 13, 21, 236, 1, 21, 35, 4637 }, // U+00F0
    { 11, 19, 234, 2, 19, 27, 4672 }, // U+00F1
    { 13, 21, 239, 1, 21, 35, 4699 }, // U+00F2
    { 13, 21, 239, 1, 21, 35, 4734 }, // U+00F3
    { 13, 20, 239, 1, 20, 33, 4769 }, // U+00F4
    { 13, 19, 239, 1, 19, 31, 4802 }, // U+00F5
    { 13, 20, 239, 1, 20, 33, 4833 }, // U+00F6
    { 12, 14, 227, 1, 15, 21, 4866 }, // U+00F7
    { 13, 16, 239, 1, 15, 26, 4887 }, // U+00F8
    { 11, 21, 233, 2, 21, 29, 4913 }, // U+00F9
    { 11, 21, 233, 2, 21, 29, 4942 }, // U+00FA
    { 11, 21, 233, 2, 21, 29, 4971 }, // U+00FB
    { 11, 18, 233, 2, 18, 25, 5000 }, // U+00FC
    { 13, 26, 208, 0, 21, 43, 5025 }, // U+00FD
    { 12, 25, 238, 2, 20, 38, 5068 }, // U+00FE
    { 12, 24, 208, 0, 19, 36, 5106 }, // U+00FF
    { 18, 23, 274, 0, 23, 52, 5142 }, // U+0100
    { 11, 19, 214, 1, 19, 27, 5194 }, // U+0101
    { 17, 24, 274, 0, 24, 51, 5221 }, // U+0102
    { 11, 20, 214, 1, 20, 28, 5272 }, // U+0103
    { 17, 23, 274, 0, 18, 49, 5300 }, // U+0104
    { 11, 19, 214, 1, 14, 27, 5349 }, // U+0105
    { 14, 25, 255, 1, 25, 44, 5376 }, // U+0106
    { 10, 21, 189, 1, 21, 27, 5420 }, // U+0107
    { 14, 24, 255, 1, 24, 42, 5447 }, // U+0108
    { 10, 20, 189, 1, 20, 25, 5489 }, // U+0109
    { 14, 24, 255, 1, 24, 42, 5514 }, // U+010A
    { 10, 20, 189, 1, 20, 25, 5556 }, // U+010B
    { 14, 24, 255, 1, 24, 42, 5581 }, // U+010C
    { 10, 20, 189, 1, 20, 25, 5623 }, // U+010D
    { 15, 24, 290, 2, 24, 45, 5648 }, // U+010E
    { 16, 20, 267, 1, 20, 40, 5693 }, // U+010F
    { 17, 18, 296, 1, 18, 39, 5733 }, // U+0110
    { 14, 20, 238, 1, 20, 35, 5772 }, // U+0111
    { 12, 23, 234, 2, 23, 35, 5807 }, // U+0112
    { 12, 19, 228, 1, 19, 29, 5842 }, // U+0113
    { 12, 24, 234, 2, 24, 36, 5871 }, // U+0114
    { 12, 20, 228, 1, 20, 30, 5907 }, // U+0115
    { 12, 24, 234, 2, 24, 36, 5937 }, // U+0116
    { 12, 20, 228, 1, 20, 30, 5973 }, // U+0117
    { 12, 23, 234, 2, 18, 35, 6003 }, // U+0118
    { 12, 19, 228, 1, 14, 29, 6038 }, // U+0119
    { 12, 24, 234, 2, 24, 36, 6067 }, // U+011A
    { 12, 20, 228, 1, 20, 30, 6103 }, // U+011B
    { 14, 24, 273, 1, 24, 42, 6133 }, // U+011C
    { 12, 25, 234, 1, 20, 38, 6175 }, // U+011D
    { 14, 24, 273, 1, 24, 42, 6213 }, // U+011E
    { 12, 25, 234, 1, 20, 38, 6255 }, // U+011F
    { 14, 24, 273, 1, 24, 42, 6293 }, // U+0120
    { 12, 25, 234, 1, 20, 38, 6335 }, // U+0121
    { 14, 23, 273, 1, 18, 41, 6373 }, // U+0122
    { 12, 25, 234, 1, 20, 38, 6414 }, // U+0123
    { 14, 24, 288, 2, 24, 42, 6452 }, // U+0124
    { 12, 25, 233, 1, 25, 38, 6494 }, // U+0125
    { 18, 18, 299, 1, 18, 41, 6532 }, // U+0126
    { 13, 20, 233, 1, 20, 33, 6573 }, // U+0127
    { 9, 23, 117, -1, 23, 26, 6606 }, // U+0128
    { 9, 19, 110, -1, 19, 22, 6632 }, // U+0129
    { 8, 23, 117, 0, 23, 23, 6654 }, // U+012A
    { 8, 19, 110, -1, 19, 19, 6677 }, // U+012B
    { 8, 24, 117, 1, 24, 24, 6696 }, // U+012C
    { 8, 20, 110, 0, 20, 20, 6720 }, // U+012D
    { 5, 23, 117, 1, 18, 15, 6740 }, // U+012E
    { 5, 25, 110, 1, 20, 16, 6755 }, // U+012F
    { 3, 24, 117, 2, 24, 9, 6771 }, // U+0130
    { 3, 14, 110, 2, 14, 6, 6780 }, // U+0131
    { 16, 18, 324, 2, 18, 36, 6786 }, // U+0132
    { 10, 25, 219, 2, 20, 32, 6822 }, // U+0133
    { 13, 24, 205, 0, 24, 39, 6854 }, // U+0134
    { 9, 26, 110, -2, 21, 30, 6893 }, // U+0135
    { 14, 23, 260, 2, 18, 41, 6923 }, // U+0136
    { 12, 26, 220, 2, 21, 39, 6964 }, // U+0137
    { 12, 14, 224, 2, 14, 21, 7003 }, // U+0138
    { 11, 25, 214, 2, 25, 35, 7024 }, // U+0139
    { 6, 26, 119, 1, 26, 20, 7059 }, // U+013A
    { 11, 23, 214, 2, 18, 32, 7079 }, // U+013B
    { 6, 26, 119, 1, 21, 20, 7111 }, // U+013C
    { 11, 18, 214, 2, 18, 25, 7131 }, // U+013D
    { 8, 20, 144, 2, 20, 20, 7156 }, // U+013E
    { 11, 18, 214, 2, 18, 25, 7176 }, // U+013F
    { 9, 20, 173, 2, 20, 23, 7201 }, // U+0140
    { 14, 18, 222, 0, 18, 32, 7224 }, // U+0141
    { 8, 21, 130, 0, 21, 21, 7256 }, // U+0142
    { 14, 25, 296, 2, 25, 44, 7277 }, // U+0143
    { 11, 21, 234, 2, 21, 29, 7321 }, // U+0144
    { 14, 23, 296, 2, 18, 41, 7350 }, // U+0145
    { 11, 19, 234, 2, 14, 27, 7391 }, // U+0146
    { 14, 24, 296, 2, 24, 42, 7418 }, // U+0147
    { 11, 20, 234, 2, 20, 28, 7460 }, // U+0148
    { 13, 20, 239, 0, 20, 33, 7488 }, // U+0149
    { 14, 23, 296, 2, 18, 41, 7521 }, // U+014A
    { 11, 19, 234, 2, 14, 27, 7562 }, // U+014B
    { 17, 23, 313, 1, 23, 49, 7589 }, // U+014C
    { 13, 19, 239, 1, 19, 31, 7638 }, // U+014D
    { 17, 24, 313, 1, 24, 51, 7669 }, // U+014E
    { 13, 20, 239, 1, 20, 33, 7720 }, // U+014F
    { 17, 24, 313, 1, 24, 51, 7753 }, // U+0150
    { 13, 21, 239, 1, 21, 35, 7804 }, // U+0151
    { 23, 18, 398, 1, 18, 52, 7839 }, // U+0152
    { 21, 14, 377, 1, 14, 37, 7891 }, // U+0153
    { 13, 25, 256, 2, 25, 41, 7928 }, // U+0154
    { 8, 21, 161, 2, 21, 21, 7969 }, // U+0155
    { 13, 23, 256, 2, 18, 38, 7990 }, // U+0156
    { 10, 19, 161, 0, 14, 24, 8028 }, // U+0157
    { 13, 24, 256, 2, 24, 39, 8052 }, // U+0158
    { 8, 20, 161, 2, 20, 20, 8091 }, // U+0159
    { 12, 25, 216, 1, 25, 38, 8111 }, // U+015A
    { 9, 21, 183, 1, 21, 24, 8149 }, // U+015B
    { 12, 24, 216, 1, 24, 36, 8173 }, // U+015C
    { 9, 20, 183, 1, 20, 23, 8209 }, // U+015D
    { 12, 23, 216, 1, 18, 35, 8232 }, // U+015E
    { 9, 19, 183, 1, 14, 22, 8267 }, // U+015F
    { 12, 24, 216, 1, 24, 36, 8289 }, // U+0160
    { 9, 20, 183, 1, 20, 23, 8325 }, // U+0161
    { 14, 23, 232, 1, 18, 41, 8348 }, // U+0162
    { 8, 23, 167, 2, 18, 23, 8389 }, // U+0163
    { 14, 24, 232, 1, 24, 42, 8412 }, // U+0164
    { 8, 20, 167, 2, 20, 20, 8454 }, // U+0165
    { 14, 18, 232, 1, 18, 32, 8474 }, // U+0166
    { 8, 18, 167, 2, 18, 18, 8506 }, // U+0167
    { 14, 24, 281, 2, 24, 42, 8524 }, // U+0168
    { 11, 19, 233, 2, 19, 27, 8566 }, // U+0169
    { 14, 23, 281, 2, 23, 41, 8593 }, // U+016A
    { 11, 19, 233, 2, 19, 27, 8634 }, // U+016B
    { 14, 24, 281, 2, 24, 42, 8661 }, // U+016C
    { 11, 20, 233, 2, 20, 28, 8703 }, // U+016D
    { 14, 25, 281, 2, 25, 44, 8731 }, // U+016E
    { 11, 21, 233, 2, 21, 29, 8775 }, // U+016F
    { 14, 25, 281, 2, 25, 44, 8804 }, // U+0170
    { 11, 21, 233, 2, 21, 29, 8848 }, // U+0171
    { 13, 23, 281, 2, 18, 38, 8877 }, // U+0172
    { 11, 19, 233, 2, 14, 27, 8915 }, // U+0173
    { 22, 24, 375, 1, 24, 66, 8942 }, // U+0174
    { 19, 21, 312, 0, 21, 50, 9008 }, // U+0175
    { 15, 24, 250, 0, 24, 45, 9058 }, // U+0176
    { 13, 26, 208, 0, 21, 43, 9103 }, // U+0177
    { 14, 22, 250, 1, 22, 39, 9146 }, // U+0178
    { 13, 25, 235, 1, 25, 41, 9185 }, // U+0179
    { 10, 21, 194, 1, 21, 27, 9226 }, // U+017A
    { 13, 24, 235, 1, 24, 39, 9253 }, // U+017B
    { 10, 20, 194, 1, 20, 25, 9292 }, // U+017C
    { 13, 24, 235, 1, 24, 39, 9317 }, // U+017D
    { 10, 21, 194, 1, 21, 27, 9356 }, // U+017E
    { 8, 20, 117, 2, 20, 20, 9383 }, // U+017F
    { 17, 22, 312, 1, 22, 47, 9403 }, // U+01A0
    { 14, 17, 239, 1, 17, 30, 9450 }, // U+01A1
    { 17, 22, 288, 2, 22, 47, 9480 }, // U+01AF
    { 14, 17, 241, 2, 17, 30, 9527 }, // U+01B0
    { 29, 24, 518, 2, 24, 87, 9557 }, // U+01C4
    { 27, 20, 481, 2, 20, 68, 9644 }, // U+01C5
    { 25, 20, 432, 1, 20, 63, 9712 }, // U+01C6
    { 22, 18, 424, 2, 18, 50, 9775 }, // U+01C7
    { 16, 25, 325, 2, 20, 50, 9825 }, // U+01C8
    { 10, 26, 228, 2, 21, 33, 9875 }, // U+01C9
    { 27, 18, 503, 2, 18, 61, 9908 }, // U+01CA
    { 21, 25, 406, 2, 20, 66, 9969 }, // U+01CB
    { 18, 25, 343, 2, 20, 57, 10035 }, // U+01CC
    { 17, 24, 274, 0, 24, 51, 10092 }, // U+01CD
    { 11, 20, 214, 1, 20, 28, 10143 }, // U+01CE
    { 7, 24, 117, 0, 24, 21, 10171 }, // U+01CF
    { 7, 21, 110, 0, 21, 19, 10192 }, // U+01D0
    { 17, 24, 313, 1, 24, 51, 10211 }, // U+01D1
    { 13, 20, 239, 1, 20, 33, 10262 }, // U+01D2
    { 14, 24, 281, 2, 24, 42, 10295 }, // U+01D3
    { 11, 21, 233, 2, 21, 29, 10337 }, // U+01D4
    { 14, 26, 281, 2, 26, 46, 10366 }, // U+01D5
    { 11, 22, 233, 2, 22, 31, 10412 }, // U+01D6
    { 14, 25, 281, 2, 25, 44, 10443 }, // U+01D7
    { 11, 22, 233, 2, 22, 31, 10487 }, // U+01D8
    { 14, 25, 281, 2, 25, 44, 10518 }, // U+01D9
    { 11, 22, 233, 2, 22, 31, 10562 }, // U+01DA
    { 14, 25, 281, 2, 25, 44, 10593 }, // U+01DB
    { 11, 22, 233, 2, 22, 31, 10637 }, // U+01DC
    { 12, 14, 228, 1, 14, 21, 10668 }, // U+01DD
    { 17, 25, 274, 1, 25, 54, 10689 }, // U+01DE
    { 11, 22, 214, 1, 22, 31, 10743 }, // U+01DF
    { 16, 25, 274, 0, 25, 50, 10774 }, // U+01E0
    { 11, 22, 214, 1, 22, 31, 10824 }, // U+01E1
    { 24, 23, 383, 0, 23, 69, 10855 }, // U+01E2
    { 19, 19, 348, 1, 19, 46, 10924 }, // U+01E3
    { 16, 18, 286, 1, 18, 36, 10970 }, // U+01E4
    { 13, 19, 237, 1, 14, 31, 11006 }, // U+01E5
    { 14, 24, 273, 1, 24, 42, 11037 }, // U+01E6
    { 12, 25, 234, 1, 20, 38, 11079 }, // U+01E7
    { 14, 24, 260, 2, 24, 42, 11117 }, // U+01E8
    { 13, 25, 220, 1, 25, 41, 11159 }, // U+01E9
    { 17, 23, 313, 1, 18, 49, 11200 }, // U+01EA
    { 13, 19, 239, 1, 14, 31, 11249 }, // U+01EB
    { 17, 28, 313, 1, 23, 60, 11280 }, // U+01EC
    { 13, 24, 239, 1, 19, 39, 11340 }, // U+01ED
    { 13, 24, 234, 0, 24, 39, 11379 }, // U+01EE
    { 12, 26, 198, 0, 21, 39, 11418 }, // U+01EF
    { 9, 26, 110, -2, 21, 30, 11457 }, // U+01F0
    { 29, 18, 518, 2, 18, 66, 11487 }, // U+01F1
    { 27, 18, 481, 2, 18, 61, 11553 }, // U+01F2
    { 25, 20, 432, 1, 20, 63, 11614 }, // U+01F3
    { 14, 25, 273, 1, 25, 44, 11677 }, // U+01F4
    { 12, 26, 234, 1, 21, 39, 11721 }, // U+01F5
    { 23, 18, 426, 2, 18, 52, 11760 }, // U+01F6
    { 13, 23, 263, 2, 18, 38, 11812 }, // U+01F7
    { 14, 25, 296, 2, 25, 44, 11850 }, // U+01F8
    { 11, 21, 234, 2, 21, 29, 11894 }, // U+01F9
    { 17, 25, 274, 0, 25, 54, 11923 }, // U+01FA
    { 11, 24, 214, 1, 24, 33, 11977 }, // U+01FB
    { 23, 25, 383, 0, 25, 72, 12010 }, // U+01FC
    { 19, 21, 348, 1, 21, 50, 12082 }, // U+01FD
    { 17, 26, 313, 1, 25, 56, 12132 }, // U+01FE
    { 13, 22, 239, 1, 21, 36, 12188 }, // U+01FF
    { 17, 25, 274, 0, 25, 54, 12224 }, // U+0200
    { 11, 21, 214, 1, 21, 29, 12278 }, // U+0201
    { 17, 24, 274, 0, 24, 51, 12307 }, // U+0202
    { 11, 20, 214, 1, 20, 28, 12358 }, // U+0203
    { 12, 25, 234, 2, 25, 38, 12386 }, // U+0204
    { 12, 21, 228, 1, 21, 32, 12424 }, // U+0205
    { 12, 24, 234, 2, 24, 36, 12456 }, // U+0206
    { 12, 20, 228, 1, 20, 30, 12492 }, // U+0207
    { 9, 25, 117, -2, 25, 29, 12522 }, // U+0208
    { 10, 21, 110, -3, 21, 27, 12551 }, // U+0209
    { 8, 24, 117, 0, 24, 24, 12578 }, // U+020A
    { 8, 20, 110, 0, 20, 20, 12602 }, // U+020B
    { 17, 24, 313, 1, 24, 51, 12622 }, // U+020C
    { 13, 21, 239, 1, 21, 35, 12673 }, // U+020D
    { 17, 24, 313, 1, 24, 51, 12708 }, // U+020E
    { 13, 20, 239, 1, 20, 33, 12759 }, // U+020F
    { 13, 25, 256, 2, 25, 41, 12792 }, // U+0210
    { 10, 21, 161, 0, 21, 27, 12833 }, // U+0211
    { 13, 24, 256, 2, 24, 39, 12860 }, // U+0212
    { 8, 20, 161, 2, 20, 20, 12899 }, // U+0213
    { 14, 25, 281, 2, 25, 44, 12919 }, // U+0214
    { 11, 21, 233, 2, 21, 29, 12963 }, // U+0215
    { 14, 24, 281, 2, 24, 42, 12992 }, // U+0216
    { 11, 20, 233, 2, 20, 28, 13034 }, // U+0217
    { 12, 23, 216, 1, 18, 35, 13062 }, // U+0218
    { 9, 19, 183, 1, 14, 22, 13097 }, // U+0219
    { 14, 23, 232, 1, 18, 41, 13119 }, // U+021A
    { 8, 23, 167, 2, 18, 23, 13160 }, // U+021B
    { 12, 23, 215, 0, 18, 35, 13183 }, // U+021C
    { 11, 19, 181, 0, 14, 27, 13218 }, // U+021D
    { 14, 24, 288, 2, 24, 42, 13245 }, // U+021E
    { 11, 25, 233, 2, 25, 35, 13287 }, // U+021F
    { 6, 4, 0, -12, 19, 3, 13322 }, // U+0300
    { 7, 4, 0, -8, 19, 4, 13325 }, // U+0301
    { 9, 4, 0, -5, 19, 5, 13329 }, // U+0302
    { 9, 3, 0, -13, 18, 4, 13334 }, // U+0303
    { 8, 2, 0, -4, 18, 2, 13338 }, // U+0304
    { 8, 4, 0, -4, 19, 4, 13340 }, // U+0306
    { 3, 3, 0, -2, 19, 2, 13344 }, // U+0307
    { 8, 3, 0, -4, 19, 3, 13346 }, // U+0308
    { 6, 6, 0, -3, 21, 5, 13349 }, // U+030A
    { 10, 4, 0, -3, 19, 5, 13354 }, // U+030B
    { 8, 4, 0, -4, 19, 4, 13359 }, // U+030C
    { 8, 4, 159, 1, 20, 4, 13363 }, // U+0311
    { 4, 6, 0, -2, 18, 3, 13367 }, // U+0312
    { 4, 4, 0, -2, -2, 2, 13370 }, // U+0326
    { 5, 6, 0, -3, 0, 4, 13372 }, // U+0327
    { 5, 6, 0, -2, 0, 4, 13376 }, // U+0328
    { 1, 1, 0, 0, 1, 1, 13380 }, // U+034F
    { 12, 25, 234, 2, 25, 38, 13381 }, // U+0400
    { 12, 22, 234, 2, 22, 33, 13419 }, // U+0401
    { 18, 18, 308, 1, 18, 41, 13452 }, // U+0402
    { 11, 25, 214, 2, 25, 35, 13493 }, // U+0403
    { 14, 18, 252, 1, 18, 32, 13528 }, // U+0404
    { 12, 18, 216, 1, 18, 27, 13560 }, // U+0405
    { 3, 18, 117, 2, 18, 7, 13587 }, // U+0406
    { 8, 22, 117, 0, 22, 22, 13594 }, // U+0407
    { 11, 18, 205, 0, 18, 25, 13616 }, // U+0408
    { 25, 18, 430, 1, 18, 57, 13641 }, // U+0409
    { 23, 18, 418, 2, 18, 52, 13698 }, // U+040A
    { 17, 18, 306, 1, 18, 39, 13750 }, // U+040B
    { 14, 25, 260, 2, 25, 44, 13789 }, // U+040C
    { 14, 25, 296, 2, 25, 44, 13833 }, // U+040D
    { 14, 24, 246, 1, 24, 42, 13877 }, // U+040E
    { 14, 23, 286, 2, 18, 41, 13919 }, // U+040F
    { 17, 18, 274, 0, 18, 39, 13960 }, // U+0410
    { 13, 18, 252, 2, 18, 30, 13999 }, // U+0411
    { 13, 18, 263, 2, 18, 30, 14029 }, // U+0412
    { 11, 18, 214, 2, 18, 25, 14059 }, // U+0413
    { 18, 23, 306, 1, 18, 52, 14084 }, // U+0414
    { 12, 18, 234, 2, 18, 27, 14136 }, // U+0415
    { 23, 18, 380, 0, 18, 52, 14163 }, // U+0416
    { 13, 18, 236, 1, 18, 30, 14215 }, // U+0417
    { 14, 18, 296, 2, 18, 32, 14245 }, // U+0418
    { 14, 24, 296, 2, 24, 42, 14277 }, // U+0419
    { 14, 18, 260, 2, 18, 32, 14319 }, // U+041A
    { 16, 18, 297, 1, 18, 36, 14351 }, // U+041B
    { 18, 18, 354, 2, 18, 41, 14387 }, // U+041C
    { 14, 18, 288, 2, 18, 32, 14428 }, // U+041D
    { 17, 18, 313, 1, 18, 39, 14460 }, // U+041E
    { 14, 18, 286, 2, 18, 32, 14499 }, // U+041F
    { 13, 18, 249, 2, 18, 30, 14531 }, // U+0420
    { 14, 18, 255, 1, 18, 32, 14561 }, // U+0421
    { 14, 18, 232, 1, 18, 32, 14593 }, // U+0422
    { 14, 18, 246, 1, 18, 32, 14625 }, // U+0423
    { 19, 19, 346, 1, 19, 46, 14657 }, // U+0424
    { 16, 18, 263, 0, 18, 36, 14703 }, // U+0425
    { 16, 23, 301, 2, 18, 46, 14739 }, // U+0426
    { 13, 18, 264, 1, 18, 30, 14785 }, // U+0427
    { 21, 18, 400, 2, 18, 48, 14815 }, // U+0428
    { 23, 23, 416, 2, 18, 67, 14863 }, // U+0429
    { 18, 18, 295, 0, 18, 41, 14930 }, // U+042A
    { 18, 18, 356, 2, 18, 41, 14971 }, // U+042B
    { 13, 18, 253, 2, 18, 30, 15012 }, // U+042C
    { 14, 18, 252, 1, 18, 32, 15042 }, // U+042D
    { 23, 18, 422, 2, 18, 52, 15074 }, // U+042E
    { 14, 18, 263, 1, 18, 32, 15126 }, // U+042F
    { 11, 14, 214, 1, 14, 20, 15158 }, // U+0430
    { 12, 21, 242, 1, 21, 32, 15178 }, // U+0431
    { 11, 14, 228, 2, 14, 20, 15210 }, // U+0432
    { 9, 14, 175, 2, 14, 16, 15230 }, // U+0433
    { 15, 18, 253, 1, 14, 34, 15246 }, // U+0434
    { 12, 14, 228, 1, 14, 21, 15280 }, // U+0435
    { 19, 14, 320, 1, 14, 34, 15301 }, // U+0436
    { 10, 14, 200, 1, 14, 18, 15335 }, // U+0437
    { 11, 14, 245, 2, 14, 20, 15353 }, // U+0438
    { 11, 20, 245, 2, 20, 28, 15373 }, // U+0439
    { 12, 14, 224, 2, 14, 21, 15401 }, // U+043A
    { 13, 14, 245, 0, 14, 23, 15422 }, // U+043B
    { 15, 14, 299, 2, 14, 27, 15445 }, // U+043C
    { 11, 14, 237, 2, 14, 20, 15472 }, // U+043D
    { 13, 14, 239, 1, 14, 23, 15492 }, // U+043E
    { 11, 14, 236, 2, 14, 20, 15515 }, // U+043F
    { 12, 19, 238, 2, 14, 29, 15535 }, // U+0440
    { 10, 14, 189, 1, 14, 18, 15564 }, // U+0441
    { 11, 14, 194, 1, 14, 20, 15582 }, // U+0442
    { 13, 19, 208, 0, 14, 31, 15602 }, // U+0443
    { 17, 26, 312, 1, 21, 56, 15633 }, // U+0444
    { 13, 14, 212, 0, 14, 23, 15689 }, // U+0445
    { 13, 18, 243, 2, 14, 30, 15712 }, // U+0446
    { 11, 14, 220, 1, 14, 20, 15742 }, // U+0447
    { 17, 14, 338, 2, 14, 30, 15762 }, // U+0448
    { 19, 18, 346, 2, 14, 43, 15792 }, // U+0449
    { 14, 14, 248, 1, 14, 25, 15835 }, // U+044A
    { 16, 14, 316, 2, 14, 28, 15860 }, // U+044B
    { 11, 14, 220, 2, 14, 20, 15888 }, // U+044C
    { 11, 14, 206, 0, 14, 20, 15908 }, // U+044D
    { 18, 14, 337, 2, 14, 32, 15928 }, // U+044E
    { 12, 14, 226, 0, 14, 21, 15960 }, // U+044F
    { 12, 21, 228, 1, 21, 32, 15981 }, // U+0450
    { 12, 20, 228, 1, 20, 30, 16013 }, // U+0451
    { 13, 25, 230, 1, 20, 41, 16043 }, // U+0452
    { 9, 21, 175, 2, 21, 24, 16084 }, // U+0453
    { 11, 14, 206, 1, 14, 20, 16108 }, // U+0454
    { 9, 14, 183, 1, 14, 16, 16128 }, // U+0455
    { 3, 20, 110, 2, 20, 8, 16144 }, // U+0456
    { 8, 19, 110, -1, 19, 19, 16152 }, // U+0457
    { 6, 25, 110, -1, 20, 19, 16171 }, // U+0458
    { 21, 14, 351, 0, 14, 37, 16190 }, // U+0459
    { 19, 14, 343, 2, 14, 34, 16227 }, // U+045A
    { 13, 20, 233, 1, 20, 33, 16261 }, // U+045B
    { 12, 21, 224, 2, 21, 32, 16294 }, // U+045C
    { 11, 21, 245, 2, 21, 29, 16326 }, // U+045D
    { 13, 25, 208, 0, 20, 41, 16355 }, // U+045E
    { 11, 18, 235, 2, 14, 25, 16396 }, // U+045F
    { 17, 20, 291, 1, 20, 43, 16421 }, // U+0462
    { 14, 21, 243, 1, 21, 37, 16464 }, // U+0463
    { 17, 18, 313, 1, 18, 39, 16501 }, // U+0472
    { 13, 14, 239, 1, 14, 23, 16540 }, // U+0473
    { 20, 18, 307, 0, 18, 45, 16563 }, // U+0474
    { 15, 14, 232, 0, 14, 27, 16608 }, // U+0475
    { 17, 29, 306, 2, 24, 62, 16635 }, // U+048A
    { 14, 24, 248, 2, 20, 42, 16697 }, // U+048B
    { 15, 18, 256, 1, 18, 34, 16739 }, // U+048C
    { 13, 15, 214, 1, 15, 25, 16773 }, // U+048D
    { 13, 18, 249, 2, 18, 30, 16798 }, // U+048E
    { 12, 19, 238, 2, 14, 29, 16828 }, // U+048F
    { 11, 22, 214, 2, 22, 31, 16857 }, // U+0490
    { 9, 17, 177, 2, 17, 20, 16888 }, // U+0491
    { 13, 18, 220, 1, 18, 30, 16908 }, // U+0492
    { 11, 14, 180, 1, 14, 20, 16938 }, // U+0493
    { 13, 23, 257, 2, 18, 38, 16958 }, // U+0494
    { 11, 19, 222, 2, 14, 27, 16996 }, // U+0495
    { 24, 23, 386, 0, 18, 69, 17023 }, // U+0496
    { 20, 18, 325, 1, 14, 45, 17092 }, // U+0497
    { 13, 23, 236, 1, 18, 38, 17137 }, // U+0498
    { 10, 19, 200, 1, 14, 24, 17175 }, // U+0499
    { 15, 23, 274, 2, 18, 44, 17199 }, // U+049A
    { 12, 18, 227, 2, 14, 27, 17243 }, // U+049B
    { 16, 18, 300, 2, 18, 36, 17270 }, // U+049C
    { 14, 14, 260, 2, 14, 25, 17306 }, // U+049D
    { 16, 18, 266, 1, 18, 36, 17331 }, // U+049E
    { 14, 14, 231, 1, 14, 25, 17367 }, // U+049F
    { 19, 18, 303, 0, 18, 43, 17392 }, // U+04A0
    { 15, 14, 250, 1, 14, 27, 17435 }, // U+04A1
    { 17, 23, 305, 2, 18, 49, 17462 }, // U+04A2
    { 13, 18, 246, 2, 14, 30, 17511 }, // U+04A3
    { 19, 18, 330, 2, 18, 43, 17541 }, // U+04A4
    { 14, 14, 262, 2, 14, 25, 17584 }, // U+04A5
    { 23, 23, 421, 2, 18, 67, 17609 }, // U+04A6
    { 19, 19, 345, 2, 14, 46, 17676 }, // U+04A7
    { 17, 23, 320, 1, 18, 49, 17722 }, // U+04A8
    { 14, 18, 250, 1, 14, 32, 17771 }, // U+04A9
    { 14, 23, 255, 1, 18, 41, 17803 }, // U+04AA
    { 10, 19, 189, 1, 14, 24, 17844 }, // U+04AB
    { 14, 23, 232, 1, 18, 41, 17868 }, // U+04AC
    { 11, 18, 194, 1, 14, 25, 17909 }, // U+04AD
    { 15, 18, 250, 0, 18, 34, 17934 }, // U+04AE
    { 13, 19, 211, 0, 14, 31, 17968 }, // U+04AF
    { 16, 18, 250, 0, 18, 36, 17999 }, // U+04B0
    { 13, 19, 211, 0, 14, 31, 18035 }, // U+04B1
    { 16, 23, 271, 1, 18, 46, 18066 }, // U+04B2
    { 14, 18, 218, 0, 14, 32, 18112 }, // U+04B3
    { 21, 23, 350, 1, 18, 61, 18144 }, // U+04B4
    { 16, 18, 268, 1, 14, 36, 18205 }, // U+04B5
    { 15, 23, 272, 1, 18, 44, 18241 }, // U+04B6
    { 13, 18, 230, 1, 14, 30, 18285 }, // U+04B7
    { 13, 18, 264, 1, 18, 30, 18315 }, // U+04B8
    { 11, 14, 224, 1, 14, 20, 18345 }, // U+04B9
    { 13, 18, 266, 2, 18, 30, 18365 }, // U+04BA
    { 11, 20, 233, 2, 20, 28, 18395 }, // U+04BB
    { 20, 18, 342, 1, 18, 45, 18423 }, // U+04BC
    { 16, 14, 274, 1, 14, 28, 18468 }, // U+04BD
    { 20, 23, 343, 1, 18, 58, 18496 }, // U+04BE
    { 16, 18, 274, 1, 14, 36, 18554 }, // U+04BF
    { 3, 18, 117, 2, 18, 7, 18590 }, // U+04C0
    { 23, 24, 380, 0, 24, 69, 18597 }, // U+04C1
    { 19, 20, 320, 1, 20, 48, 18666 }, // U+04C2
    { 13, 23, 264, 2, 18, 38, 18714 }, // U+04C3
    { 11, 19, 224, 2, 14, 27, 18752 }, // U+04C4
    { 19, 23, 307, 1, 18, 55, 18779 }, // U+04C5
    { 16, 18, 252, 0, 14, 36, 18834 }, // U+04C6
    { 14, 23, 288, 2, 18, 41, 18870 }, // U+04C7
    { 11, 19, 237, 2, 14, 27, 18911 }, // U+04C8
    { 17, 23, 298, 2, 18, 49, 18938 }, // U+04C9
    { 13, 18, 241, 2, 14, 30, 18987 }, // U+04CA
    { 13, 23, 267, 2, 18, 38, 19017 }, // U+04CB
    { 11, 18, 220, 1, 14, 25, 19055 }, // U+04CC
    { 21, 23, 368, 2, 18, 61, 19080 }, // U+04CD
    { 18, 18, 308, 2, 14, 41, 19141 }, // U+04CE
    { 3, 18, 110, 2, 18, 7, 19182 }, // U+04CF
    { 17, 24, 274, 0, 24, 51, 19189 }, // U+04D0
    { 11, 20, 214, 1, 20, 28, 19240 }, // U+04D1
    { 16, 22, 274, 0, 22, 44, 19268 }, // U+04D2
    { 11, 18, 214, 1, 18, 25, 19312 }, // U+04D3
    { 23, 18, 383, 0, 18, 52, 19337 }, // U+04D4
    { 19, 14, 348, 1, 14, 34, 19389 }, // U+04D5
    { 12, 24, 234, 2, 24, 36, 19423 }, // U+04D6
    { 12, 20, 228, 1, 20, 30, 19459 }, // U+04D7
    { 16, 18, 287, 1, 18, 36, 19489 }, // U+04D8
    { 12, 14, 228, 1, 14, 21, 19525 }, // U+04D9
    { 16, 24, 287, 1, 24, 48, 19546 }, // U+04DA
    { 12, 20, 228, 1, 20, 30, 19594 }, // U+04DB
    { 22, 22, 380, 1, 22, 61, 19624 }, // U+04DC
    { 20, 19, 320, 0, 19, 48, 19685 }, // U+04DD
    { 13, 23, 236, 1, 23, 38, 19733 }, // U+04DE
    { 10, 20, 200, 1, 20, 25, 19771 }, // U+04DF
    { 13, 18, 234, 0, 18, 30, 19796 }, // U+04E0
    { 12, 19, 198, 0, 14, 29, 19826 }, // U+04E1
    { 14, 23, 296, 2, 23, 41, 19855 }, // U+04E2
    { 11, 19, 245, 2, 19, 27, 19896 }, // U+04E3
    { 14, 22, 296, 2, 22, 39, 19923 }, // U+04E4
    { 11, 19, 245, 2, 19, 27, 19962 }, // U+04E5
    { 17, 24, 313, 1, 24, 51, 19989 }, // U+04E6
    { 13, 20, 239, 1, 20, 33, 20040 }, // U+04E7
    { 17, 18, 313, 1, 18, 39, 20073 }, // U+04E8
    { 13, 14, 239, 1, 14, 23, 20112 }, // U+04E9
    { 17, 24, 313, 1, 24, 51, 20135 }, // U+04EA
    { 13, 20, 239, 1, 20, 33, 20186 }, // U+04EB
    { 14, 24, 252, 0, 24, 42, 20219 }, // U+04EC
    { 11, 18, 206, 0, 18, 25, 20261 }, // U+04ED
    { 15, 23, 246, 0, 23, 44, 20286 }, // U+04EE
    { 13, 23, 208, 0, 18, 38, 20330 }, // U+04EF
    { 14, 24, 246, 1, 24, 42, 20368 }, // U+04F0
    { 12, 24, 208, 0, 19, 36, 20410 }, // U+04F1
    { 14, 25, 246, 1, 25, 44, 20446 }, // U+04F2
    { 13, 26, 208, 0, 21, 43, 20490 }, // U+04F3
    { 13, 22, 264, 1, 22, 36, 20533 }, // U+04F4
    { 11, 19, 220, 1, 19, 27, 20569 }, // U+04F5
    { 11, 23, 214, 2, 18, 32, 20596 }, // U+04F6
    { 9, 18, 175, 2, 14, 21, 20628 }, // U+04F7
    { 18, 22, 356, 2, 22, 50, 20649 }, // U+04F8
    { 16, 18, 316, 2, 18, 36, 20699 }, // U+04F9
    { 14, 15, 251, 1, 15, 27, 20735 }, // U+05D0
    { 13, 15, 222, 0, 15, 25, 20762 }, // U+05D1
    { 9, 15, 154, 0, 15, 17, 20787 }, // U+05D2
    { 12, 15, 213, 0, 15, 23, 20804 }, // U+05D3
    { 12, 15, 248, 2, 15, 23, 20827 }, // U+05D4
    { 5, 15, 125, 1, 15, 10, 20850 }, // U+05D5
    { 7, 15, 136, 1, 15, 14, 20860 }, // U+05D6
    { 13, 15, 260, 1, 15, 25, 20874 }, // U+05D7
    { 13, 15, 249, 1, 15, 25, 20899 }, // U+05D8
    { 5, 8, 123, 1, 15, 5, 20924 }, // U+05D9
    { 11, 20, 214, 1, 15, 28, 20929 }, // U+05DA
    { 11, 15, 200, 0, 15, 21, 20957 }, // U+05DB
    { 11, 19, 208, 1, 19, 27, 20978 }, // U+05DC
    { 14, 15, 266, 1, 15, 27, 21005 }, // U+05DD
    { 15, 15, 262, 1, 15, 29, 21032 }, // U+05DE
    { 5, 20, 132, 1, 15, 13, 21061 }, // U+05DF
    { 7, 15, 151, 1, 15, 14, 21074 }, // U+05E0
    { 14, 15, 255, 1, 15, 27, 21088 }, // U+05E1
    { 13, 16, 236, 0, 15, 26, 21115 }, // U+05E2
    { 13, 20, 246, 1, 15, 33, 21141 }, // U+05E3
    { 13, 15, 238, 1, 15, 25, 21174 }, // U+05E4
    { 12, 20, 216, 1, 15, 30, 21199 }, // U+05E5
    { 12, 15, 223, 1, 15, 23, 21229 }, // U+05E6
    { 14, 20, 248, 1, 15, 35, 21252 }, // U+05E7
    { 10, 15, 205, 1, 15, 19, 21287 }, // U+05E8
    { 15, 15, 293, 1, 15, 29, 21306 }, // U+05E9
    { 15, 15, 270, 0, 15, 29, 21335 }, // U+05EA
    { 4, 6, 128, 2, 6, 3, 21364 }, // U+060C
    { 5, 15, 134, 1, 15, 10, 21367 }, // U+061B
    { 11, 18, 185, 0, 18, 25, 21377 }, // U+061F
    { 10, 11, 175, 0, 10, 14, 21402 }, // U+0621
    { 8, 3, 107, 0, 3, 3, 21416 }, // U+0640
    { 5, 5, 215, 4, 10, 4, 21419 }, // U+0660
    { 5, 17, 215, 4, 17, 11, 21423 }, // U+0661
    { 11, 17, 215, 1, 17, 24, 21434 }, // U+0662
    { 13, 17, 215, 0, 17, 28, 21458 }, // U+0663
    { 10, 17, 215, 2, 17, 22, 21486 }, // U+0664
    { 10, 13, 215, 2, 13, 17, 21508 }, // U+0665
    { 11, 17, 215, 1, 17, 24, 21525 }, // U+0666
    { 13, 17, 215, 0, 17, 28, 21549 }, // U+0667
    { 13, 17, 215, 0, 17, 28, 21577 }, // U+0668
    { 11, 17, 215, 1, 17, 24, 21605 }, // U+0669
    { 15, 15, 273, 1, 9, 29, 21629 }, // U+06BA
    { 6, 2, 119, 1, 2, 2, 21658 }, // U+06D4
    { 5, 5, 215, 4, 10, 4, 21660 }, // U+06F0
    { 5, 17, 215, 4, 17, 11, 21664 }, // U+06F1
    { 11, 17, 215, 1, 17, 24, 21675 }, // U+06F2
    { 13, 17, 215, 0, 17, 28, 21699 }, // U+06F3
    { 11, 17, 215, 1, 17, 24, 21727 }, // U+06F4
    { 11, 17, 215, 1, 17, 24, 21751 }, // U+06F5
    { 10, 17, 215, 2, 17, 22, 21775 }, // U+06F6
    { 13, 17, 215, 0, 17, 28, 21797 }, // U+06F7
    { 13, 17, 215, 0, 17, 28, 21825 }, // U+06F8
    { 11, 17, 215, 1, 17, 24, 21853 }, // U+06F9
    { 17, 22, 274, 0, 17, 47, 21877 }, // U+1EA0
    { 11, 18, 214, 1, 13, 25, 21924 }, // U+1EA1
    { 17, 23, 274, 0, 23, 49, 21949 }, // U+1EA2
    { 11, 19, 214, 1, 19, 27, 21998 }, // U+1EA3
    { 17, 27, 274, 0, 27, 58, 22025 }, // U+1EA4
    { 13, 23, 214, 1, 23, 38, 22083 }, // U+1EA5
    { 17, 27, 274, 0, 27, 58, 22121 }, // U+1EA6
    { 12, 23, 214, 1, 23, 35, 22179 }, // U+1EA7
    { 17, 26, 274, 0, 26, 56, 22214 }, // U+1EA8
    { 12, 22, 214, 1, 22, 33, 22270 }, // U+1EA9
    { 17, 27, 274, 0, 27, 58, 22303 }, // U+1EAA
    { 11, 23, 214, 1, 23, 32, 22361 }, // U+1EAB
    { 17, 28, 274, 0, 23, 60, 22393 }, // U+1EAC
    { 11, 24, 214, 1, 19, 33, 22453 }, // U+1EAD
    { 17, 28, 274, 0, 28, 60, 22486 }, // U+1EAE
    { 11, 24, 214, 1, 24, 33, 22546 }, // U+1EAF
    { 17, 28, 274, 0, 28, 60, 22579 }, // U+1EB0
    { 11, 24, 214, 1, 24, 33, 22639 }, // U+1EB1
    { 17, 27, 274, 0, 27, 58, 22672 }, // U+1EB2
    { 11, 23, 214, 1, 23, 32, 22730 }, // U+1EB3
    { 17, 27, 274, 0, 27, 58, 22762 }, // U+1EB4
    { 11, 23, 214, 1, 23, 32, 22820 }, // U+1EB5
    { 17, 28, 274, 0, 23, 60, 22852 }, // U+1EB6
    { 11, 24, 214, 1, 19, 33, 22912 }, // U+1EB7
    { 12, 22, 234, 2, 17, 33, 22945 }, // U+1EB8
    { 12, 18, 228, 1, 13, 27, 22978 }, // U+1EB9
    { 12, 23, 234, 2, 23, 35, 23005 }, // U+1EBA
    { 12, 19, 228, 1, 19, 29, 23040 }, // U+1EBB
    { 12, 23, 234, 2, 23, 35, 23069 }, // U+1EBC
    { 12, 19, 228, 1, 19, 29, 23104 }, // U+1EBD
    { 13, 27, 234, 2, 27, 44, 23133 }, // U+1EBE
    { 14, 23, 228, 1, 23, 41, 23177 }, // U+1EBF
    { 12, 27, 234, 2, 27, 41, 23218 }, // U+1EC0
    { 12, 23, 228, 1, 23, 35, 23259 }, // U+1EC1
    { 12, 26, 234, 2, 26, 39, 23294 }, // U+1EC2
    { 13, 22, 228, 1, 22, 36, 23333 }, // U+1EC3
    { 12, 27, 234, 2, 27, 41, 23369 }, // U+1EC4
    { 12, 23, 228, 1, 23, 35, 23410 }, // U+1EC5
    { 12, 28, 234, 2, 23, 42, 23445 }, // U+1EC6
    { 12, 24, 228, 1, 19, 36, 23487 }, // U+1EC7
    { 5, 23, 117, 1, 23, 15, 23523 }, // U+1EC8
    { 5, 19, 110, 1, 19, 12, 23538 }, // U+1EC9
    { 4, 22, 117, 2, 17, 11, 23550 }, // U+1ECA
    { 4, 24, 110, 2, 19, 12, 23561 }, // U+1ECB
    { 17, 23, 313, 1, 18, 49, 23573 }, // U+1ECC
    { 13, 18, 239, 1, 13, 30, 23622 }, // U+1ECD
    { 17, 23, 313, 1, 23, 49, 23652 }, // U+1ECE
    { 13, 19, 239, 1, 19, 31, 23701 }, // U+1ECF
    { 17, 27, 313, 1, 27, 58, 23732 }, // U+1ED0
    { 14, 23, 239, 1, 23, 41, 23790 }, // U+1ED1
    { 17, 27, 313, 1, 27, 58, 23831 }, // U+1ED2
    { 13, 23, 239, 1, 23, 38, 23889 }, // U+1ED3
    { 17, 26, 313, 1, 26, 56, 23927 }, // U+1ED4
    { 13, 22, 239, 1, 22, 36, 23983 }, // U+1ED5
    { 17, 27, 313, 1, 27, 58, 24019 }, // U+1ED6
    { 13, 23, 239, 1, 23, 38, 24077 }, // U+1ED7
    { 17, 29, 313, 1, 24, 62, 24115 }, // U+1ED8
    { 13, 24, 239, 1, 19, 39, 24177 }, // U+1ED9
    { 17, 24, 312, 1, 24, 51, 24216 }, // U+1EDA
    { 14, 20, 239, 1, 20, 35, 24267 }, // U+1EDB
    { 17, 24, 312, 1, 24, 51, 24302 }, // U+1EDC
    { 14, 20, 239, 1, 20, 35, 24353 }, // U+1EDD
    { 17, 23, 312, 1, 23, 49, 24388 }, // U+1EDE
    { 14, 19, 239, 1, 19, 34, 24437 }, // U+1EDF
    { 17, 23, 312, 1, 23, 49, 24471 }, // U+1EE0
    { 14, 19, 239, 1, 19, 34, 24520 }, // U+1EE1
    { 17, 25, 312, 1, 20, 54, 24554 }, // U+1EE2
    { 14, 21, 239, 1, 16, 37, 24608 }, // U+1EE3
    { 14, 22, 281, 2, 17, 39, 24645 }, // U+1EE4
    { 11, 18, 233, 2, 13, 25, 24684 }, // U+1EE5
    { 14, 23, 281, 2, 23, 41, 24709 }, // U+1EE6
    { 11, 19, 233, 2, 19, 27, 24750 }, // U+1EE7
    { 17, 24, 288, 2, 24, 51, 24777 }, // U+1EE8
    { 14, 20, 241, 2, 20, 35, 24828 }, // U+1EE9
    { 17, 24, 288, 2, 24, 51, 24863 }, // U+1EEA
    { 14, 20, 241, 2, 20, 35, 24914 }, // U+1EEB
    { 17, 23, 288, 2, 23, 49, 24949 }, // U+1EEC
    { 14, 19, 241, 2, 19, 34, 24998 }, // U+1EED
    { 17, 23, 288, 2, 23, 49, 25032 }, // U+1EEE
    { 14, 19, 241, 2, 19, 34, 25081 }, // U+1EEF
    { 17, 25, 288, 2, 20, 54, 25115 }, // U+1EF0
    { 14, 21, 241, 2, 16, 37, 25169 }, // U+1EF1
    { 15, 25, 250, 0, 25, 47, 25206 }, // U+1EF2
    { 13, 26, 208, 0, 21, 43, 25253 }, // U+1EF3
    { 16, 22, 250, 0, 17, 44, 25296 }, // U+1EF4
    { 13, 18, 208, 0, 13, 30, 25340 }, // U+1EF5
    { 16, 23, 250, 0, 23, 46, 25370 }, // U+1EF6
    { 13, 24, 208, 0, 19, 39, 25416 }, // U+1EF7
    { 16, 23, 250, 0, 23, 46, 25455 }, // U+1EF8
    { 13, 24, 208, 0, 19, 39, 25501 }, // U+1EF9
    { 1, 1, 52, 0, 1, 1, 25540 }, // U+2009
    { 1, 1, 0, 0, 1, 1, 25541 }, // U+200B
    { 1, 18, 0, 0, 17, 3, 25542 }, // U+200C
    { 5, 18, 0, -2, 17, 12, 25545 }, // U+200D
    { 6, 19, 0, 0, 17, 15, 25557 }, // U+200E
    { 6, 19, 0, -5, 17, 15, 25572 }, // U+200F
    { 6, 2, 126, 1, 8, 2, 25587 }, // U+2010
    { 6, 3, 126, 1, 8, 3, 25589 }, // U+2011
    { 13, 2, 200, 0, 8, 4, 25592 }, // U+2013
    { 25, 2, 400, 0, 8, 7, 25596 }, // U+2014
    { 25, 2, 400, 0, 9, 7, 25603 }, // U+2015
    { 4, 7, 101, 1, 20, 4, 25610 }, // U+2018
    { 4, 7, 101, 1, 20, 4, 25614 }, // U+2019
    { 4, 7, 101, 1, 3, 4, 25618 }, // U+201A
    { 9, 7, 181, 1, 20, 8, 25622 }, // U+201C
    { 9, 7, 182, 1, 20, 8, 25630 }, // U+201D
    { 9, 7, 180, 1, 3, 8, 25638 }, // U+201E
    { 10, 22, 193, 1, 18, 28, 25646 }, // U+2020
    { 10, 22, 193, 1, 18, 28, 25674 }, // U+2021
    { 7, 7, 148, 1, 13, 7, 25702 }, // U+2022
    { 18, 4, 400, 3, 4, 9, 25709 }, // U+2026
    { 1, 1, 52, 0, 1, 1, 25718 }, // U+202F
    { 30, 18, 513, 1, 18, 68, 25719 }, // U+2030
    { 6, 12, 125, 1, 13, 9, 25787 }, // U+2039
    { 6, 12, 125, 1, 13, 9, 25796 }, // U+203A
    { 12, 18, 61, -4, 18, 27, 25805 }, // U+2044
    { 5, 15, 134, 1, 15, 10, 25832 }, // U+204F
    { 8, 10, 145, 1, 18, 10, 25842 }, // U+2070
    { 8, 10, 145, 1, 18, 10, 25852 }, // U+2074
    { 7, 10, 145, 1, 18, 9, 25862 }, // U+2075
    { 7, 10, 145, 1, 18, 9, 25871 }, // U+2076
    { 7, 10, 145, 1, 18, 9, 25880 }, // U+2077
    { 7, 10, 145, 1, 18, 9, 25889 }, // U+2078
    { 7, 10, 145, 1, 18, 9, 25898 }, // U+2079
    { 8, 10, 145, 1, 10, 10, 25907 }, // U+2080
    { 5, 10, 145, 1, 10, 7, 25917 }, // U+2081
    { 7, 10, 145, 1, 10, 9, 25924 }, // U+2082
    { 8, 10, 145, 0, 10, 10, 25933 }, // U+2083
    { 8, 10, 145, 1, 10, 10, 25943 }, // U+2084
    { 7, 10, 145, 1, 10, 9, 25953 }, // U+2085
    { 7, 10, 145, 1, 10, 9, 25962 }, // U+2086
    { 7, 10, 145, 1, 10, 9, 25971 }, // U+2087
    { 7, 10, 145, 1, 10, 9, 25980 }, // U+2088
    { 7, 10, 145, 1, 10, 9, 25989 }, // U+2089
    { 16, 15, 321, 2, 15, 30, 25998 }, // U+20AA
    { 13, 18, 227, 1, 18, 30, 26028 }, // U+20AC
    { 13, 18, 227, 1, 18, 30, 26058 }, // U+20AE
    { 13, 18, 227, 1, 18, 30, 26088 }, // U+20B4
    { 13, 17, 227, 2, 17, 28, 26118 }, // U+20B9
    { 13, 19, 238, 1, 19, 31, 26146 }, // U+2202
    { 16, 17, 266, 0, 17, 34, 26177 }, // U+2206
    { 14, 19, 285, 2, 17, 34, 26211 }, // U+220F
    { 12, 19, 210, 1, 17, 29, 26245 }, // U+2211
    { 12, 2, 227, 1, 8, 3, 26274 }, // U+2212
    { 12, 17, 61, -4, 17, 26, 26277 }, // U+2215
    { 4, 4, 84, 1, 9, 2, 26303 }, // U+2219
    { 15, 20, 232, 0, 20, 38, 26305 }, // U+221A
    { 13, 7, 242, 1, 11, 12, 26343 }, // U+221E
    { 9, 23, 153, 0, 19, 26, 26355 }, // U+222B
    { 12, 10, 227, 1, 12, 15, 26381 }, // U+2248
    { 12, 14, 227, 1, 14, 21, 26396 }, // U+2260
    { 12, 15, 227, 1, 15, 23, 26417 }, // U+2264
    { 12, 15, 227, 1, 15, 23, 26440 }, // U+2265
    { 19, 20, 322, 2, 20, 48, 26463 }, // U+FB00
    { 13, 20, 272, 2, 20, 33, 26511 }, // U+FB01
    { 15, 20, 281, 2, 20, 38, 26544 }, // U+FB02
    { 23, 20, 434, 2, 20, 58, 26582 }, // U+FB03
    { 25, 20, 460, 2, 20, 63, 26640 }, // U+FB04
    { 22, 20, 383, 1, 11, 55, 26703 }, // U+FB56
    { 27, 18, 420, 1, 9, 61, 26758 }, // U+FB57
    { 7, 19, 130, 0, 11, 17, 26819 }, // U+FB58
    { 11, 16, 153, 0, 8, 22, 26836 }, // U+FB59
    { 22, 18, 383, 1, 17, 50, 26858 }, // U+FB66
    { 27, 18, 420, 1, 17, 61, 26908 }, // U+FB67
    { 7, 20, 113, 0, 20, 18, 26969 }, // U+FB68
    { 11, 17, 153, 0, 17, 24, 26987 }, // U+FB69
    { 16, 22, 256, 0, 12, 44, 27011 }, // U+FB7A
    { 19, 22, 283, 0, 12, 53, 27055 }, // U+FB7B
    { 14, 18, 232, 0, 10, 32, 27108 }, // U+FB7C
    { 17, 18, 242, 0, 10, 39, 27140 }, // U+FB7D
    { 10, 21, 191, 1, 21, 27, 27179 }, // U+FB88
    { 14, 21, 212, 1, 21, 37, 27206 }, // U+FB89
    { 9, 24, 148, -1, 18, 27, 27243 }, // U+FB8A
    { 13, 24, 160, -1, 18, 39, 27270 }, // U+FB8B
    { 9, 24, 148, -1, 18, 27, 27309 }, // U+FB8C
    { 13, 24, 160, -1, 18, 39, 27336 }, // U+FB8D
    { 21, 19, 346, 1, 18, 50, 27375 }, // U+FB8E
    { 24, 19, 369, 1, 18, 57, 27425 }, // U+FB8F
    { 11, 18, 166, 0, 18, 25, 27482 }, // U+FB90
    { 14, 18, 191, 0, 18, 32, 27507 }, // U+FB91
    { 21, 22, 346, 1, 21, 58, 27539 }, // U+FB92
    { 24, 22, 369, 1, 21, 66, 27597 }, // U+FB93
    { 11, 21, 166, 0, 21, 29, 27663 }, // U+FB94
    { 14, 21, 191, 0, 21, 37, 27692 }, // U+FB95
    { 15, 15, 273, 1, 9, 29, 27729 }, // U+FB9E
    { 19, 14, 292, 1, 8, 34, 27758 }, // U+FB9F
    { 9, 13, 173, 1, 13, 15, 27792 }, // U+FBA6
    { 15, 9, 209, 0, 9, 17, 27807 }, // U+FBA7
    { 6, 16, 113, 0, 11, 12, 27824 }, // U+FBA8
    { 13, 12, 185, 0, 5, 20, 27836 }, // U+FBA9
    { 17, 13, 286, 0, 13, 28, 27856 }, // U+FBAA
    { 18, 16, 258, 0, 11, 36, 27884 }, // U+FBAB
    { 14, 13, 237, 0, 13, 23, 27920 }, // U+FBAC
    { 15, 16, 212, 0, 11, 30, 27943 }, // U+FBAD
    { 21, 13, 363, 1, 12, 35, 27973 }, // U+FBAE
    { 15, 10, 216, 0, 3, 19, 28008 }, // U+FBAF
    { 21, 20, 363, 1, 19, 53, 28027 }, // U+FBB0
    { 15, 17, 216, 0, 10, 32, 28080 }, // U+FBB1
    { 18, 17, 310, 1, 11, 39, 28112 }, // U+FBFC
    { 19, 11, 296, 1, 5, 27, 28151 }, // U+FBFD
    { 7, 16, 130, 0, 11, 14, 28178 }, // U+FBFE
    { 11, 13, 153, 0, 8, 18, 28192 }, // U+FBFF
    { 10, 11, 175, 0, 10, 14, 28210 }, // U+FE80
    { 8, 21, 103, -1, 21, 21, 28224 }, // U+FE81
    { 10, 23, 118, -1, 23, 29, 28245 }, // U+FE82
    { 5, 24, 103, 0, 24, 15, 28274 }, // U+FE83
    { 9, 26, 118, 0, 26, 30, 28289 }, // U+FE84
    { 9, 23, 184, 1, 17, 26, 28319 }, // U+FE85
    { 13, 24, 193, 1, 18, 39, 28345 }, // U+FE86
    { 5, 26, 104, 1, 18, 17, 28384 }, // U+FE87
    { 7, 26, 118, 2, 18, 23, 28401 }, // U+FE88
    { 18, 19, 310, 1, 13, 43, 28424 }, // U+FE89
    { 19, 19, 296, 1, 13, 46, 28467 }, // U+FE8A
    { 6, 19, 113, 0, 19, 15, 28513 }, // U+FE8B
    { 10, 16, 138, 0, 16, 20, 28528 }, // U+FE8C
    { 3, 18, 104, 2, 18, 7, 28548 }, // U+FE8D
    { 7, 18, 118, 2, 18, 16, 28555 }, // U+FE8E
    { 22, 17, 383, 1, 11, 47, 28571 }, // U+FE8F
    { 27, 15, 420, 1, 9, 51, 28618 }, // U+FE90
    { 6, 16, 113, 0, 11, 12, 28669 }, // U+FE91
    { 10, 13, 138, 0, 8, 17, 28681 }, // U+FE92
    { 9, 18, 173, 1, 18, 21, 28698 }, // U+FE93
    { 13, 20, 203, 1, 20, 33, 28719 }, // U+FE94
    { 22, 15, 383, 1, 14, 42, 28752 }, // U+FE95
    { 27, 15, 420, 1, 14, 51, 28794 }, // U+FE96
    { 7, 17, 113, 0, 17, 15, 28845 }, // U+FE97
    { 11, 14, 153, 0, 14, 20, 28860 }, // U+FE98
    { 22, 18, 383, 1, 17, 50, 28880 }, // U+FE99
    { 27, 18, 420, 1, 17, 61, 28930 }, // U+FE9A
    { 7, 20, 113, 0, 20, 18, 28991 }, // U+FE9B
    { 11, 17, 153, 0, 17, 24, 29009 }, // U+FE9C
    { 15, 22, 253, 0, 12, 42, 29033 }, // U+FE9D
    { 18, 22, 265, 0, 12, 50, 29075 }, // U+FE9E
    { 14, 15, 232, 0, 10, 27, 29125 }, // U+FE9F
    { 17, 15, 242, 0, 10, 32, 29152 }, // U+FEA0
    { 15, 22, 253, 0, 12, 42, 29184 }, // U+FEA1
    { 18, 22, 265, 0, 12, 50, 29226 }, // U+FEA2
    { 14, 10, 232, 0, 10, 18, 29276 }, // U+FEA3
    { 17, 10, 242, 0, 10, 22, 29294 }, // U+FEA4
    { 15, 27, 253, 0, 17, 51, 29316 }, // U+FEA5
    { 18, 27, 265, 0, 17, 61, 29367 }, // U+FEA6
    { 14, 16, 232, 0, 16, 28, 29428 }, // U+FEA7
    { 17, 16, 242, 0, 16, 34, 29456 }, // U+FEA8
    { 10, 13, 191, 1, 13, 17, 29490 }, // U+FEA9
    { 14, 13, 212, 1, 13, 23, 29507 }, // U+FEAA
    { 10, 18, 191, 1, 18, 23, 29530 }, // U+FEAB
    { 14, 18, 212, 1, 18, 32, 29553 }, // U+FEAC
    { 9, 15, 148, -1, 9, 17, 29585 }, // U+FEAD
    { 13, 15, 160, -1, 9, 25, 29602 }, // U+FEAE
    { 9, 21, 148, -1, 15, 24, 29627 }, // U+FEAF
    { 13, 21, 160, -1, 15, 35, 29651 }, // U+FEB0
    { 29, 17, 497, 1, 11, 62, 29686 }, // U+FEB1
    { 33, 16, 518, 1, 10, 66, 29748 }, // U+FEB2
    { 20, 11, 340, 0, 11, 28, 29814 }, // U+FEB3
    { 24, 10, 362, 0, 10, 30, 29842 }, // U+FEB4
    { 29, 24, 497, 1, 18, 87, 29872 }, // U+FEB5
    { 33, 24, 518, 1, 18, 99, 29959 }, // U+FEB6
    { 20, 18, 340, 0, 18, 45, 30058 }, // U+FEB7
    { 24, 18, 362, 0, 18, 54, 30103 }, // U+FEB8
    { 31, 16, 524, 1, 10, 62, 30157 }, // U+FEB9
    { 34, 16, 535, 1, 10, 68, 30219 }, // U+FEBA
    { 22, 10, 362, 0, 10, 28, 30287 }, // U+FEBB
    { 25, 10, 375, 0, 10, 32, 30315 }, // U+FEBC
    { 31, 22, 524, 1, 16, 86, 30347 }, // U+FEBD
    { 34, 22, 535, 1, 16, 94, 30433 }, // U+FEBE
    { 22, 16, 362, 0, 16, 44, 30527 }, // U+FEBF
    { 25, 16, 375, 0, 16, 50, 30571 }, // U+FEC0
    { 19, 18, 313, 0, 18, 43, 30621 }, // U+FEC1
    { 22, 18, 322, 0, 18, 50, 30664 }, // U+FEC2
    { 16, 18, 274, 0, 18, 36, 30714 }, // U+FEC3
    { 19, 18, 283, 0, 18, 43, 30750 }, // U+FEC4
    { 19, 18, 313, 0, 18, 43, 30793 }, // U+FEC5
    { 22, 18, 322, 0, 18, 50, 30836 }, // U+FEC6
    { 16, 18, 274, 0, 18, 36, 30886 }, // U+FEC7
    { 19, 18, 283, 0, 18, 43, 30922 }, // U+FEC8
    { 15, 23, 207, 0, 13, 44, 30965 }, // U+FEC9
    { 15, 21, 212, 0, 11, 40, 31009 }, // U+FECA
    { 12, 12, 204, 0, 12, 18, 31049 }, // U+FECB
    { 15, 11, 207, 0, 11, 21, 31067 }, // U+FECC
    { 15, 29, 207, 0, 19, 55, 31088 }, // U+FECD
    { 15, 27, 212, 0, 17, 51, 31143 }, // U+FECE
    { 12, 17, 204, 0, 17, 26, 31194 }, // U+FECF
    { 15, 17, 207, 0, 17, 32, 31220 }, // U+FED0
    { 22, 20, 386, 1, 19, 55, 31252 }, // U+FED1
    { 27, 18, 423, 1, 17, 61, 31307 }, // U+FED2
    { 11, 19, 185, 0, 19, 27, 31368 }, // U+FED3
    { 14, 17, 195, 0, 17, 30, 31395 }, // U+FED4
    { 18, 22, 314, 1, 17, 50, 31425 }, // U+FED5
    { 21, 22, 322, 1, 15, 58, 31475 }, // U+FED6
    { 11, 19, 185, 0, 19, 27, 31533 }, // U+FED7
    { 14, 17, 195, 0, 17, 30, 31560 }, // U+FED8
    { 20, 19, 353, 1, 18, 48, 31590 }, // U+FED9
    { 24, 19, 369, 1, 18, 57, 31638 }, // U+FEDA
    { 11, 18, 166, 0, 18, 25, 31695 }, // U+FEDB
    { 14, 18, 191, 0, 18, 32, 31720 }, // U+FEDC
    { 15, 24, 277, 1, 18, 45, 31752 }, // U+FEDD
    { 19, 24, 294, 1, 18, 57, 31797 }, // U+FEDE
    { 5, 18, 109, 0, 18, 12, 31854 }, // U+FEDF
    { 9, 18, 124, 0, 18, 21, 31866 }, // U+FEE0
    { 12, 21, 202, 0, 11, 32, 31887 }, // U+FEE1
    { 17, 20, 239, 0, 10, 43, 31919 }, // U+FEE2
    { 12, 10, 214, 0, 10, 15, 31962 }, // U+FEE3
    { 16, 10, 234, 0, 10, 20, 31977 }, // U+FEE4
    { 15, 19, 273, 1, 13, 36, 31997 }, // U+FEE5
    { 19, 19, 292, 1, 13, 46, 32033 }, // U+FEE6
    { 6, 17, 113, 0, 17, 13, 32079 }, // U+FEE7
    { 10, 14, 138, 0, 14, 18, 32092 }, // U+FEE8
    { 9, 13, 173, 1, 13, 15, 32110 }, // U+FEE9
    { 13, 14, 203, 1, 14, 23, 32125 }, // U+FEEA
    { 14, 13, 237, 0, 13, 23, 32148 }, // U+FEEB
    { 15, 16, 212, 0, 11, 30, 32171 }, // U+FEEC
    { 9, 15, 184, 1, 9, 17, 32201 }, // U+FEED
    { 13, 15, 193, 1, 9, 25, 32218 }, // U+FEEE
    { 18, 17, 310, 1, 11, 39, 32243 }, // U+FEEF
    { 19, 11, 296, 1, 5, 27, 32282 }, // U+FEF0
    { 18, 22, 310, 1, 11, 50, 32309 }, // U+FEF1
    { 19, 16, 296, 1, 5, 38, 32359 }, // U+FEF2
    { 7, 16, 130, 0, 11, 14, 32397 }, // U+FEF3
    { 11, 13, 153, 0, 8, 18, 32411 }, // U+FEF4
    { 15, 19, 240, -1, 19, 36, 32429 }, // U+FEF5
    { 17, 20, 252, 0, 20, 43, 32465 }, // U+FEF6
    { 14, 22, 240, 0, 22, 39, 32508 }, // U+FEF7
    { 16, 23, 252, 1, 23, 46, 32547 }, // U+FEF8
    { 13, 26, 240, 1, 18, 43, 32593 }, // U+FEF9
    { 16, 26, 252, 1, 18, 52, 32636 }, // U+FEFA
    { 13, 18, 240, 1, 18, 30, 32688 }, // U+FEFB
    { 16, 18, 252, 1, 18, 36, 32718 }, // U+FEFC
};

static const EpdUnicodeInterval ubuntu_12_mediumIntervals[] = {
    { 0x0, 0x0, 0x0 },
    { 0x8, 0x9, 0x1 },
    { 0xD, 0xD, 0x3 },
    { 0x1D, 0x1D, 0x4 },
    { 0x20, 0x7E, 0x5 },
    { 0xA0, 0x17F, 0x64 },
    { 0x1A0, 0x1A1, 0x144 },
    { 0x1AF, 0x1B0, 0x146 },
    { 0x1C4, 0x21F, 0x148 },
    { 0x300, 0x304, 0x1A4 },
    { 0x306, 0x308, 0x1A9 },
    { 0x30A, 0x30C, 0x1AC },
    { 0x311, 0x312, 0x1AF },
    { 0x326, 0x328, 0x1B1 },
    { 0x34F, 0x34F, 0x1B4 },
    { 0x400, 0x45F, 0x1B5 },
    { 0x462, 0x463, 0x215 },
    { 0x472, 0x475, 0x217 },
    { 0x48A, 0x4F9, 0x21B },
    { 0x5D0, 0x5EA, 0x28B },
    { 0x60C, 0x60C, 0x2A6 },
    { 0x61B, 0x61B, 0x2A7 },
    { 0x61F, 0x61F, 0x2A8 },
    { 0x621, 0x621, 0x2A9 },
    { 0x640, 0x640, 0x2AA },
    { 0x660, 0x669, 0x2AB },
    { 0x6BA, 0x6BA, 0x2B5 },
    { 0x6D4, 0x6D4, 0x2B6 },
    { 0x6F0, 0x6F9, 0x2B7 },
    { 0x1EA0, 0x1EF9, 0x2C1 },
    { 0x2009, 0x2009, 0x31B },
    { 0x200B, 0x2011, 0x31C },
    { 0x2013, 0x2015, 0x323 },
    { 0x2018, 0x201A, 0x326 },
    { 0x201C, 0x201E, 0x329 },
    { 0x2020, 0x2022, 0x32C },
    { 0x2026, 0x2026, 0x32F },
    { 0x202F, 0x2030, 0x330 },
    { 0x2039, 0x203A, 0x332 },
    { 0x2044, 0x2044, 0x334 },
    { 0x204F, 0x204F, 0x335 },
    { 0x2070, 0x2070, 0x336 },
    { 0x2074, 0x2079, 0x337 },
    { 0x2080, 0x2089, 0x33D },
    { 0x20AA, 0x20AA, 0x347 },
    { 0x20AC, 0x20AC, 0x348 },
    { 0x20AE, 0x20AE, 0x349 },
    { 0x20B4, 0x20B4, 0x34A },
    { 0x20B9, 0x20B9, 0x34B },
    { 0x2202, 0x2202, 0x34C },
    { 0x2206, 0x2206, 0x34D },
    { 0x220F, 0x220F, 0x34E },
    { 0x2211, 0x2212, 0x34F },
    { 0x2215, 0x2215, 0x351 },
    { 0x2219, 0x221A, 0x352 },
    { 0x221E, 0x221E, 0x354 },
    { 0x222B, 0x222B, 0x355 },
    { 0x2248, 0x2248, 0x356 },
    { 0x2260, 0x2260, 0x357 },
    { 0x2264, 0x2265, 0x358 },
    { 0xFB00, 0xFB04, 0x35A },
    { 0xFB56, 0xFB59, 0x35F },
    { 0xFB66, 0xFB69, 0x363 },
    { 0xFB7A, 0xFB7D, 0x367 },
    { 0xFB88, 0xFB95, 0x36B },
    { 0xFB9E, 0xFB9F, 0x379 },
    { 0xFBA6, 0xFBB1, 0x37B },
    { 0xFBFC, 0xFBFF, 0x387 },
    { 0xFE80, 0xFEFC, 0x38B },
};

static const EpdKernClassEntry ubuntu_12_mediumKernLeftClasses[] = {
    { 0x0022, 1 }, // "
    { 0x0026, 2 }, // &
    { 0x0027, 1 }, // '
    { 0x0028, 3 }, // (
    { 0x0029, 4 }, // )
    { 0x002A, 5 }, // *
    { 0x002C, 6 }, // ,
    { 0x002D, 7 }, // -
    { 0x002E, 6 }, // .
    { 0x002F, 8 }, // /
    { 0x003A, 9 }, // :
    { 0x003B, 9 }, // ;
    { 0x0040, 10 }, // @
    { 0x0041, 11 }, // A
    { 0x0042, 12 }, // B
    { 0x0043, 13 }, // C
    { 0x0044, 14 }, // D
    { 0x0045, 15 }, // E
    { 0x0046, 16 }, // F
    { 0x0047, 17 }, // G
    { 0x004A, 18 }, // J
    { 0x004B, 19 }, // K
    { 0x004C, 20 }, // L
    { 0x004D, 21 }, // M
    { 0x004F, 22 }, // O
    { 0x0050, 23 }, // P
    { 0x0051, 24 }, // Q
    { 0x0052, 25 }, // R
    { 0x0054, 26 }, // T
    { 0x0055, 27 }, // U
    { 0x0056, 28 }, // V
    { 0x0057, 29 }, // W
    { 0x0058, 30 }, // X
    { 0x0059, 31 }, // Y
    { 0x005A, 32 }, // Z
    { 0x005B, 33 }, // [
    { 0x005D, 34 }, // ]
    { 0x0061, 35 }, // a
    { 0x0062, 36 }, // b
    { 0x0063, 37 }, // c
    { 0x0066, 38 }, // f
    { 0x0068, 39 }, // h
    { 0x006A, 40 }, // j
    { 0x006B, 41 }, // k
    { 0x006D, 42 }, // m
    { 0x006E, 42 }, // n
    { 0x006F, 43 }, // o
    { 0x0070, 44 }, // p
    { 0x0071, 45 }, // q
    { 0x0072, 46 }, // r
    { 0x0074, 47 }, // t
    { 0x0076, 48 }, // v
    { 0x0077, 49 }, // w
    { 0x0078, 50 }, // x
    { 0x007A, 51 }, // z
    { 0x007B, 52 }, // {
    { 0x007D, 53 }, // }
    { 0x00A1, 54 }, // U+00A1
    { 0x00AB, 55 }, // U+00AB
    { 0x00BB, 56 }, // U+00BB
    { 0x00BF, 57 }, // U+00BF
    { 0x00C0, 11 }, // U+00C0
    { 0x00C1, 11 }, // U+00C1
    { 0x00C2, 11 }, // U+00C2
    { 0x00C3, 11 }, // U+00C3
    { 0x00C4, 11 }, // U+00C4
    { 0x00C5, 11 }, // U+00C5
    { 0x00C6, 15 }, // U+00C6
    { 0x00C7, 13 }, // U+00C7
    { 0x00C8, 15 }, // U+00C8
    { 0x00C9, 15 }, // U+00C9
    { 0x00CA, 15 }, // U+00CA
    { 0x00CB, 15 }, // U+00CB
    { 0x00D0, 14 }, // U+00D0
    { 0x00D2, 22 }, // U+00D2
    { 0x00D3, 22 }, // U+00D3
    { 0x00D4, 22 }, // U+00D4
    { 0x00D5, 22 }, // U+00D5
    { 0x00D6, 22 }, // U+00D6
    { 0x00D8, 22 }, // U+00D8
    { 0x00D9, 27 }, // U+00D9
    { 0x00DA, 27 }, // U+00DA
    { 0x00DB, 27 }, // U+00DB
    { 0x00DC, 27 }, // U+00DC
    { 0x00DD, 31 }, // U+00DD
    { 0x00DE, 58 }, // U+00DE
    { 0x00DF, 59 }, // U+00DF
    { 0x00E0, 35 }, // U+00E0
    { 0x00E1, 35 }, // U+00E1
    { 0x00E2, 35 }, // U+00E2
    { 0x00E3, 35 }, // U+00E3
    { 0x00E4, 35 }, // U+00E4
    { 0x00E5, 35 }, // U+00E5
    { 0x00E7, 37 }, // U+00E7
    { 0x00F0, 60 }, // U+00F0
    { 0x00F1, 42 }, // U+00F1
    { 0x00F2, 43 }, // U+00F2
    { 0x00F3, 43 }, // U+00F3
    { 0x00F4, 43 }, // U+00F4
    { 0x00F5, 43 }, // U+00F5
    { 0x00F6, 43 }, // U+00F6
    { 0x00F8, 43 }, // U+00F8
    { 0x00FE, 61 }, // U+00FE
    { 0x0100, 11 }, // U+0100
    { 0x0101, 35 }, // U+0101
    { 0x0102, 11 }, // U+0102
    { 0x0103, 35 }, // U+0103
    { 0x0104, 11 }, // U+0104
    { 0x0105, 35 }, // U+0105
    { 0x0106, 13 }, // U+0106
    { 0x0107, 37 }, // U+0107
    { 0x0108, 13 }, // U+0108
    { 0x0109, 37 }, // U+0109
    { 0x010A, 13 }, // U+010A
    { 0x010B, 37 }, // U+010B
    { 0x010C, 13 }, // U+010C
    { 0x010D, 37 }, // U+010D
    { 0x010E, 14 }, // U+010E
    { 0x010F, 62 }, // U+010F
    { 0x0110, 14 }, // U+0110
    { 0x0112, 15 }, // U+0112
    { 0x0114, 15 }, // U+0114
    { 0x0116, 15 }, // U+0116
    { 0x0118, 15 }, // U+0118
    { 0x011A, 15 }, // U+011A
    { 0x011C, 17 }, // U+011C
    { 0x011E, 17 }, // U+011E
    { 0x0120, 17 }, // U+0120
    { 0x0122, 17 }, // U+0122
    { 0x0125, 39 }, // U+0125
    { 0x0127, 39 }, // U+0127
    { 0x0132, 18 }, // U+0132
    { 0x0133, 40 }, // U+0133
    { 0x0134, 18 }, // U+0134
    { 0x0135, 40 }, // U+0135
    { 0x0136, 19 }, // U+0136
    { 0x0137, 41 }, // U+0137
    { 0x0138, 41 }, // U+0138
    { 0x0139, 20 }, // U+0139
    { 0x013B, 20 }, // U+013B
    { 0x013D, 20 }, // U+013D
    { 0x013E, 62 }, // U+013E
    { 0x013F, 20 }, // U+013F
    { 0x0141, 20 }, // U+0141
    { 0x0144, 42 }, // U+0144
    { 0x0146, 42 }, // U+0146
    { 0x0148, 42 }, // U+0148
    { 0x0149, 42 }, // U+0149
    { 0x014A, 63 }, // U+014A
    { 0x014B, 64 }, // U+014B
    { 0x014C, 22 }, // U+014C
    { 0x014D, 43 }, // U+014D
    { 0x014E, 22 }, // U+014E
    { 0x014F, 43 }, // U+014F
    { 0x0150, 22 }, // U+0150
    { 0x0151, 43 }, // U+0151
    { 0x0152, 15 }, // U+0152
    { 0x0154, 25 }, // U+0154
    { 0x0155, 46 }, // U+0155
    { 0x0156, 25 }, // U+0156
    { 0x0157, 46 }, // U+0157
    { 0x0158, 25 }, // U+0158
    { 0x0159, 46 }, // U+0159
    { 0x0162, 26 }, // U+0162
    { 0x0163, 47 }, // U+0163
    { 0x0164, 26 }, // U+0164
    { 0x0165, 47 }, // U+0165
    { 0x0166, 26 }, // U+0166
    { 0x0167, 47 }, // U+0167
    { 0x0168, 27 }, // U+0168
    { 0x016A, 27 }, // U+016A
    { 0x016C, 27 }, // U+016C
    { 0x016E, 27 }, // U+016E
    { 0x0170, 27 }, // U+0170
    { 0x0172, 27 }, // U+0172
    { 0x0174, 29 }, // U+0174
    { 0x0175, 49 }, // U+0175
    { 0x0176, 31 }, // U+0176
    { 0x0178, 31 }, // U+0178
    { 0x0179, 32 }, // U+0179
    { 0x017A, 51 }, // U+017A
    { 0x017B, 32 }, // U+017B
    { 0x017C, 51 }, // U+017C
    { 0x017D, 32 }, // U+017D
    { 0x017E, 51 }, // U+017E
    { 0x01C4, 32 }, // U+01C4
    { 0x01C5, 51 }, // U+01C5
    { 0x01C6, 51 }, // U+01C6
    { 0x01C7, 18 }, // U+01C7
    { 0x01C8, 40 }, // U+01C8
    { 0x01C9, 40 }, // U+01C9
    { 0x01CA, 18 }, // U+01CA
    { 0x01CB, 40 }, // U+01CB
    { 0x01CC, 40 }, // U+01CC
    { 0x01CD, 11 }, // U+01CD
    { 0x01CE, 35 }, // U+01CE
    { 0x01D1, 22 }, // U+01D1
    { 0x01D2, 43 }, // U+01D2
    { 0x01D3, 27 }, // U+01D3
    { 0x01D5, 27 }, // U+01D5
    { 0x01D7, 27 }, // U+01D7
    { 0x01D9, 27 }, // U+01D9
    { 0x01DB, 27 }, // U+01DB
    { 0x01DD, 43 }, // U+01DD
    { 0x01DE, 11 }, // U+01DE
    { 0x01DF, 35 }, // U+01DF
    { 0x01E0, 11 }, // U+01E0
    { 0x01E1, 35 }, // U+01E1
    { 0x01E2, 15 }, // U+01E2
    { 0x01E4, 17 }, // U+01E4
    { 0x01E6, 17 }, // U+01E6
    { 0x01E8, 19 }, // U+01E8
    { 0x01E9, 41 }, // U+01E9
    { 0x01EA, 22 }, // U+01EA
    { 0x01EB, 43 }, // U+01EB
    { 0x01EC, 22 }, // U+01EC
    { 0x01ED, 43 }, // U+01ED
    { 0x01EE, 65 }, // U+01EE
    { 0x01F0, 40 }, // U+01F0
    { 0x01F1, 32 }, // U+01F1
    { 0x01F2, 51 }, // U+01F2
    { 0x01F3, 51 }, // U+01F3
    { 0x01F4, 17 }, // U+01F4
    { 0x01F7, 66 }, // U+01F7
    { 0x01F9, 42 }, // U+01F9
    { 0x01FA, 11 }, // U+01FA
    { 0x01FB, 35 }, // U+01FB
    { 0x01FC, 15 }, // U+01FC
    { 0x01FE, 22 }, // U+01FE
    { 0x01FF, 43 }, // U+01FF
    { 0x0200, 11 }, // U+0200
    { 0x0201, 35 }, // U+0201
    { 0x0202, 11 }, // U+0202
    { 0x0203, 35 }, // U+0203
    { 0x0204, 15 }, // U+0204
    { 0x0206, 15 }, // U+0206
    { 0x020C, 22 }, // U+020C
    { 0x020D, 43 }, // U+020D
    { 0x020E, 22 }, // U+020E
    { 0x020F, 43 }, // U+020F
    { 0x0210, 25 }, // U+0210
    { 0x0211, 46 }, // U+0211
    { 0x0212, 25 }, // U+0212
    { 0x0213, 46 }, // U+0213
    { 0x0214, 27 }, // U+0214
    { 0x0216, 27 }, // U+0216
    { 0x021A, 26 }, // U+021A
    { 0x021B, 47 }, // U+021B
    { 0x021C, 67 }, // U+021C
    { 0x021F, 39 }, // U+021F
    { 0x0400, 68 }, // U+0400
    { 0x0401, 68 }, // U+0401
    { 0x0402, 69 }, // U+0402
    { 0x0403, 70 }, // U+0403
    { 0x0404, 71 }, // U+0404
    { 0x0405, 72 }, // U+0405
    { 0x040B, 73 }, // U+040B
    { 0x040C, 74 }, // U+040C
    { 0x040E, 75 }, // U+040E
    { 0x0410, 76 }, // U+0410
    { 0x0411, 69 }, // U+0411
    { 0x0412, 77 }, // U+0412
    { 0x0413, 70 }, // U+0413
    { 0x0414, 78 }, // U+0414
    { 0x0415, 68 }, // U+0415
    { 0x0416, 79 }, // U+0416
    { 0x0417, 80 }, // U+0417
    { 0x041A, 74 }, // U+041A
    { 0x041C, 81 }, // U+041C
    { 0x041E, 82 }, // U+041E
    { 0x0420, 83 }, // U+0420
    { 0x0421, 71 }, // U+0421
    { 0x0422, 84 }, // U+0422
    { 0x0423, 75 }, // U+0423
    { 0x0424, 85 }, // U+0424
    { 0x0425, 86 }, // U+0425
    { 0x0426, 87 }, // U+0426
    { 0x0429, 87 }, // U+0429
    { 0x042D, 88 }, // U+042D
    { 0x042E, 82 }, // U+042E
    { 0x0430, 89 }, // U+0430
    { 0x0431, 90 }, // U+0431
    { 0x0432, 91 }, // U+0432
    { 0x0433, 92 }, // U+0433
    { 0x0434, 93 }, // U+0434
    { 0x0435, 94 }, // U+0435
    { 0x0436, 95 }, // U+0436
    { 0x0437, 96 }, // U+0437
    { 0x043A, 97 }, // U+043A
    { 0x043E, 98 }, // U+043E
    { 0x0440, 99 }, // U+0440
    { 0x0441, 100 }, // U+0441
    { 0x0442, 101 }, // U+0442
    { 0x0443, 102 }, // U+0443
    { 0x0444, 103 }, // U+0444
    { 0x0445, 104 }, // U+0445
    { 0x0446, 105 }, // U+0446
    { 0x0449, 105 }, // U+0449
    { 0x044A, 106 }, // U+044A
    { 0x044C, 106 }, // U+044C
    { 0x044D, 107 }, // U+044D
    { 0x044E, 107 }, // U+044E
    { 0x0450, 94 }, // U+0450
    { 0x0451, 94 }, // U+0451
    { 0x0452, 108 }, // U+0452
    { 0x0453, 92 }, // U+0453
    { 0x0454, 109 }, // U+0454
    { 0x0455, 110 }, // U+0455
    { 0x0459, 106 }, // U+0459
    { 0x045A, 106 }, // U+045A
    { 0x045B, 111 }, // U+045B
    { 0x045C, 97 }, // U+045C
    { 0x045E, 102 }, // U+045E
    { 0x0462, 69 }, // U+0462
    { 0x0463, 112 }, // U+0463
    { 0x0472, 82 }, // U+0472
    { 0x0473, 98 }, // U+0473
    { 0x0474, 113 }, // U+0474
    { 0x0475, 114 }, // U+0475
    { 0x048A, 87 }, // U+048A
    { 0x048B, 105 }, // U+048B
    { 0x048D, 106 }, // U+048D
    { 0x048F, 99 }, // U+048F
    { 0x0490, 70 }, // U+0490
    { 0x0491, 92 }, // U+0491
    { 0x0492, 70 }, // U+0492
    { 0x0493, 92 }, // U+0493
    { 0x0494, 69 }, // U+0494
    { 0x0495, 115 }, // U+0495
    { 0x0496, 79 }, // U+0496
    { 0x0497, 95 }, // U+0497
    { 0x0498, 80 }, // U+0498
    { 0x0499, 96 }, // U+0499
    { 0x049A, 74 }, // U+049A
    { 0x049B, 97 }, // U+049B
    { 0x049C, 74 }, // U+049C
    { 0x049D, 97 }, // U+049D
    { 0x049E, 74 }, // U+049E
    { 0x049F, 97 }, // U+049F
    { 0x04A0, 74 }, // U+04A0
    { 0x04A1, 97 }, // U+04A1
    { 0x04A2, 87 }, // U+04A2
    { 0x04A3, 105 }, // U+04A3
    { 0x04A4, 84 }, // U+04A4
    { 0x04A5, 92 }, // U+04A5
    { 0x04A7, 116 }, // U+04A7
    { 0x04A8, 117 }, // U+04A8
    { 0x04A9, 118 }, // U+04A9
    { 0x04AA, 71 }, // U+04AA
    { 0x04AB, 100 }, // U+04AB
    { 0x04AC, 84 }, // U+04AC
    { 0x04AD, 101 }, // U+04AD
    { 0x04AE, 119 }, // U+04AE
    { 0x04AF, 120 }, // U+04AF
    { 0x04B0, 119 }, // U+04B0
    { 0x04B1, 120 }, // U+04B1
    { 0x04B2, 86 }, // U+04B2
    { 0x04B3, 104 }, // U+04B3
    { 0x04B4, 87 }, // U+04B4
    { 0x04B5, 105 }, // U+04B5
    { 0x04B6, 87 }, // U+04B6
    { 0x04B7, 105 }, // U+04B7
    { 0x04BA, 121 }, // U+04BA
    { 0x04BB, 122 }, // U+04BB
    { 0x04BC, 123 }, // U+04BC
    { 0x04BD, 124 }, // U+04BD
    { 0x04BE, 123 }, // U+04BE
    { 0x04BF, 124 }, // U+04BF
    { 0x04C1, 79 }, // U+04C1
    { 0x04C2, 95 }, // U+04C2
    { 0x04C4, 125 }, // U+04C4
    { 0x04C6, 105 }, // U+04C6
    { 0x04C8, 126 }, // U+04C8
    { 0x04C9, 87 }, // U+04C9
    { 0x04CA, 105 }, // U+04CA
    { 0x04CD, 87 }, // U+04CD
    { 0x04CE, 105 }, // U+04CE
    { 0x04D0, 76 }, // U+04D0
    { 0x04D1, 89 }, // U+04D1
    { 0x04D2, 76 }, // U+04D2
    { 0x04D3, 89 }, // U+04D3
    { 0x04D4, 127 }, // U+04D4
    { 0x04D5, 128 }, // U+04D5
    { 0x04D6, 68 }, // U+04D6
    { 0x04D7, 94 }, // U+04D7
    { 0x04D8, 129 }, // U+04D8
    { 0x04D9, 98 }, // U+04D9
    { 0x04DA, 129 }, // U+04DA
    { 0x04DB, 98 }, // U+04DB
    { 0x04DC, 79 }, // U+04DC
    { 0x04DD, 95 }, // U+04DD
    { 0x04DE, 80 }, // U+04DE
    { 0x04DF, 96 }, // U+04DF
    { 0x04E0, 130 }, // U+04E0
    { 0x04E1, 131 }, // U+04E1
    { 0x04E6, 82 }, // U+04E6
    { 0x04E7, 98 }, // U+04E7
    { 0x04E8, 82 }, // U+04E8
    { 0x04E9, 98 }, // U+04E9
    { 0x04EA, 82 }, // U+04EA
    { 0x04EB, 98 }, // U+04EB
    { 0x04EC, 88 }, // U+04EC
    { 0x04ED, 96 }, // U+04ED
    { 0x04EE, 75 }, // U+04EE
    { 0x04EF, 102 }, // U+04EF
    { 0x04F0, 75 }, // U+04F0
    { 0x04F1, 102 }, // U+04F1
    { 0x04F2, 75 }, // U+04F2
    { 0x04F3, 102 }, // U+04F3
    { 0x04F6, 70 }, // U+04F6
    { 0x04F7, 92 }, // U+04F7
    { 0x05D0, 132 }, // U+05D0
    { 0x05D1, 133 }, // U+05D1
    { 0x05D2, 134 }, // U+05D2
    { 0x05D3, 135 }, // U+05D3
    { 0x05D5, 136 }, // U+05D5
    { 0x05D6, 137 }, // U+05D6
    { 0x05D8, 138 }, // U+05D8
    { 0x05D9, 139 }, // U+05D9
    { 0x05DB, 140 }, // U+05DB
    { 0x05DC, 141 }, // U+05DC
    { 0x05DE, 142 }, // U+05DE
    { 0x05E0, 143 }, // U+05E0
    { 0x05E1, 144 }, // U+05E1
    { 0x05E2, 145 }, // U+05E2
    { 0x05E4, 146 }, // U+05E4
    { 0x05E6, 147 }, // U+05E6
    { 0x05E8, 148 }, // U+05E8
    { 0x05E9, 149 }, // U+05E9
    { 0x05EA, 150 }, // U+05EA
    { 0x1EF2, 31 }, // U+1EF2
    { 0x2013, 7 }, // U+2013
    { 0x2014, 7 }, // U+2014
    { 0x2018, 151 }, // U+2018
    { 0x201A, 152 }, // U+201A
    { 0x201C, 151 }, // U+201C
    { 0x201E, 152 }, // U+201E
    { 0x2026, 6 }, // U+2026
    { 0x2039, 55 }, // U+2039
    { 0x203A, 56 }, // U+203A
    { 0xFB00, 38 }, // U+FB00
    { 0xFB8C, 153 }, // U+FB8C
    { 0xFEAD, 153 }, // U+FEAD
    { 0xFEAE, 153 }, // U+FEAE
    { 0xFEAF, 153 }, // U+FEAF
};

static const EpdKernClassEntry ubuntu_12_mediumKernRightClasses[] = {
    { 0x0021, 1 }, // !
    { 0x0022, 2 }, // "
    { 0x0026, 3 }, // &
    { 0x0027, 2 }, // '
    { 0x0028, 4 }, // (
    { 0x0029, 5 }, // )
    { 0x002A, 6 }, // *
    { 0x002C, 7 }, // ,
    { 0x002D, 8 }, // -
    { 0x002E, 7 }, // .
    { 0x002F, 9 }, // /
    { 0x003A, 10 }, // :
    { 0x003B, 10 }, // ;
    { 0x003F, 11 }, // ?
    { 0x0040, 12 }, // @
    { 0x0041, 13 }, // A
    { 0x0043, 14 }, // C
    { 0x0047, 15 }, // G
    { 0x004A, 16 }, // J
    { 0x004D, 17 }, // M
    { 0x004F, 18 }, // O
    { 0x0051, 19 }, // Q
    { 0x0053, 20 }, // S
    { 0x0054, 21 }, // T
    { 0x0055, 22 }, // U
    { 0x0056, 23 }, // V
    { 0x0057, 24 }, // W
    { 0x0058, 25 }, // X
    { 0x0059, 26 }, // Y
    { 0x005A, 27 }, // Z
    { 0x005B, 28 }, // [
    { 0x005D, 29 }, // ]
    { 0x0061, 30 }, // a
    { 0x0062, 31 }, // b
    { 0x0063, 32 }, // c
    { 0x0064, 33 }, // d
    { 0x0065, 34 }, // e
    { 0x0066, 35 }, // f
    { 0x0067, 36 }, // g
    { 0x0068, 37 }, // h
    { 0x0069, 37 }, // i
    { 0x006A, 38 }, // j
    { 0x006B, 37 }, // k
    { 0x006C, 39 }, // l
    { 0x006D, 40 }, // m
    { 0x006E, 40 }, // n
    { 0x006F, 41 }, // o
    { 0x0070, 40 }, // p
    { 0x0071, 42 }, // q
    { 0x0072, 40 }, // r
    { 0x0073, 43 }, // s
    { 0x0074, 44 }, // t
    { 0x0075, 45 }, // u
    { 0x0076, 46 }, // v
    { 0x0077, 47 }, // w
    { 0x0078, 48 }, // x
    { 0x0079, 49 }, // y
    { 0x007A, 50 }, // z
    { 0x007B, 51 }, // {
    { 0x007D, 52 }, // }
    { 0x00AB, 53 }, // U+00AB
    { 0x00BB, 54 }, // U+00BB
    { 0x00C0, 13 }, // U+00C0
    { 0x00C1, 13 }, // U+00C1
    { 0x00C2, 13 }, // U+00C2
    { 0x00C3, 13 }, // U+00C3
    { 0x00C4, 13 }, // U+00C4
    { 0x00C5, 13 }, // U+00C5
    { 0x00C6, 55 }, // U+00C6
    { 0x00C7, 14 }, // U+00C7
    { 0x00D2, 18 }, // U+00D2
    { 0x00D3, 18 }, // U+00D3
    { 0x00D4, 18 }, // U+00D4
    { 0x00D5, 18 }, // U+00D5
    { 0x00D6, 18 }, // U+00D6
    { 0x00D8, 18 }, // U+00D8
    { 0x00D9, 22 }, // U+00D9
    { 0x00DA, 22 }, // U+00DA
    { 0x00DB, 22 }, // U+00DB
    { 0x00DC, 22 }, // U+00DC
    { 0x00DD, 26 }, // U+00DD
    { 0x00DF, 56 }, // U+00DF
    { 0x00E0, 30 }, // U+00E0
    { 0x00E1, 30 }, // U+00E1
    { 0x00E2, 30 }, // U+00E2
    { 0x00E3, 30 }, // U+00E3
    { 0x00E4, 30 }, // U+00E4
    { 0x00E5, 30 }, // U+00E5
    { 0x00E6, 30 }, // U+00E6
    { 0x00E7, 32 }, // U+00E7
    { 0x00E8, 34 }, // U+00E8
    { 0x00E9, 34 }, // U+00E9
    { 0x00EA, 34 }, // U+00EA
    { 0x00EB, 34 }, // U+00EB
    { 0x00EC, 57 }, // U+00EC
    { 0x00ED, 37 }, // U+00ED
    { 0x00EE, 58 }, // U+00EE
    { 0x00EF, 59 }, // U+00EF
    { 0x00F0, 60 }, // U+00F0
    { 0x00F1, 40 }, // U+00F1
    { 0x00F2, 41 }, // U+00F2
    { 0x00F3, 41 }, // U+00F3
    { 0x00F4, 41 }, // U+00F4
    { 0x00F5, 41 }, // U+00F5
    { 0x00F6, 41 }, // U+00F6
    { 0x00F8, 41 }, // U+00F8
    { 0x00F9, 45 }, // U+00F9
    { 0x00FA, 45 }, // U+00FA
    { 0x00FB, 45 }, // U+00FB
    { 0x00FC, 45 }, // U+00FC
    { 0x00FD, 49 }, // U+00FD
    { 0x00FE, 56 }, // U+00FE
    { 0x00FF, 49 }, // U+00FF
    { 0x0100, 13 }, // U+0100
    { 0x0101, 30 }, // U+0101
    { 0x0102, 13 }, // U+0102
    { 0x0103, 30 }, // U+0103
    { 0x0104, 13 }, // U+0104
    { 0x0105, 30 }, // U+0105
    { 0x0106, 14 }, // U+0106
    { 0x0107, 32 }, // U+0107
    { 0x0108, 14 }, // U+0108
    { 0x0109, 32 }, // U+0109
    { 0x010A, 14 }, // U+010A
    { 0x010B, 32 }, // U+010B
    { 0x010C, 14 }, // U+010C
    { 0x010D, 32 }, // U+010D
    { 0x010F, 33 }, // U+010F
    { 0x0111, 33 }, // U+0111
    { 0x0113, 34 }, // U+0113
    { 0x0115, 34 }, // U+0115
    { 0x0117, 34 }, // U+0117
    { 0x0119, 34 }, // U+0119
    { 0x011B, 34 }, // U+011B
    { 0x011C, 15 }, // U+011C
    { 0x011D, 36 }, // U+011D
    { 0x011E, 15 }, // U+011E
    { 0x011F, 36 }, // U+011F
    { 0x0120, 15 }, // U+0120
    { 0x0121, 36 }, // U+0121
    { 0x0122, 15 }, // U+0122
    { 0x0123, 36 }, // U+0123
    { 0x0125, 37 }, // U+0125
    { 0x0127, 37 }, // U+0127
    { 0x0129, 61 }, // U+0129
    { 0x012B, 62 }, // U+012B
    { 0x012D, 63 }, // U+012D
    { 0x012F, 37 }, // U+012F
    { 0x0131, 37 }, // U+0131
    { 0x0133, 37 }, // U+0133
    { 0x0134, 16 }, // U+0134
    { 0x0135, 38 }, // U+0135
    { 0x0137, 37 }, // U+0137
    { 0x013A, 39 }, // U+013A
    { 0x013C, 39 }, // U+013C
    { 0x013E, 39 }, // U+013E
    { 0x0140, 39 }, // U+0140
    { 0x0142, 39 }, // U+0142
    { 0x0144, 40 }, // U+0144
    { 0x0146, 40 }, // U+0146
    { 0x0148, 40 }, // U+0148
    { 0x0149, 40 }, // U+0149
    { 0x014A, 64 }, // U+014A
    { 0x014B, 65 }, // U+014B
    { 0x014C, 18 }, // U+014C
    { 0x014D, 41 }, // U+014D
    { 0x014E, 18 }, // U+014E
    { 0x014F, 41 }, // U+014F
    { 0x0150, 18 }, // U+0150
    { 0x0151, 41 }, // U+0151
    { 0x0152, 18 }, // U+0152
    { 0x0153, 41 }, // U+0153
    { 0x0155, 40 }, // U+0155
    { 0x0157, 40 }, // U+0157
    { 0x0159, 40 }, // U+0159
    { 0x015A, 20 }, // U+015A
    { 0x015B, 43 }, // U+015B
    { 0x015C, 20 }, // U+015C
    { 0x015D, 43 }, // U+015D
    { 0x015E, 20 }, // U+015E
    { 0x015F, 43 }, // U+015F
    { 0x0160, 20 }, // U+0160
    { 0x0161, 43 }, // U+0161
    { 0x0162, 21 }, // U+0162
    { 0x0163, 44 }, // U+0163
    { 0x0164, 21 }, // U+0164
    { 0x0165, 44 }, // U+0165
    { 0x0166, 21 }, // U+0166
    { 0x0167, 44 }, // U+0167
    { 0x0168, 22 }, // U+0168
    { 0x0169, 45 }, // U+0169
    { 0x016A, 22 }, // U+016A
    { 0x016B, 45 }, // U+016B
    { 0x016C, 22 }, // U+016C
    { 0x016D, 45 }, // U+016D
    { 0x016E, 22 }, // U+016E
    { 0x016F, 45 }, // U+016F
    { 0x0170, 22 }, // U+0170
    { 0x0171, 45 }, // U+0171
    { 0x0172, 22 }, // U+0172
    { 0x0173, 45 }, // U+0173
    { 0x0174, 24 }, // U+0174
    { 0x0175, 47 }, // U+0175
    { 0x0176, 26 }, // U+0176
    { 0x0177, 49 }, // U+0177
    { 0x0178, 26 }, // U+0178
    { 0x0179, 27 }, // U+0179
    { 0x017A, 50 }, // U+017A
    { 0x017B, 27 }, // U+017B
    { 0x017C, 50 }, // U+017C
    { 0x017D, 27 }, // U+017D
    { 0x017E, 50 }, // U+017E
    { 0x01A0, 18 }, // U+01A0
    { 0x01A1, 41 }, // U+01A1
    { 0x01AF, 22 }, // U+01AF
    { 0x01B0, 45 }, // U+01B0
    { 0x01C6, 33 }, // U+01C6
    { 0x01C9, 39 }, // U+01C9
    { 0x01CC, 40 }, // U+01CC
    { 0x01CD, 13 }, // U+01CD
    { 0x01CE, 30 }, // U+01CE
    { 0x01D0, 37 }, // U+01D0
    { 0x01D1, 18 }, // U+01D1
    { 0x01D2, 41 }, // U+01D2
    { 0x01D3, 22 }, // U+01D3
    { 0x01D4, 45 }, // U+01D4
    { 0x01D5, 22 }, // U+01D5
    { 0x01D6, 45 }, // U+01D6
    { 0x01D7, 22 }, // U+01D7
    { 0x01D8, 45 }, // U+01D8
    { 0x01D9, 22 }, // U+01D9
    { 0x01DA, 45 }, // U+01DA
    { 0x01DB, 22 }, // U+01DB
    { 0x01DC, 45 }, // U+01DC
    { 0x01DD, 66 }, // U+01DD
    { 0x01DE, 13 }, // U+01DE
    { 0x01DF, 30 }, // U+01DF
    { 0x01E0, 13 }, // U+01E0
    { 0x01E1, 30 }, // U+01E1
    { 0x01E2, 55 }, // U+01E2
    { 0x01E3, 30 }, // U+01E3
    { 0x01E4, 15 }, // U+01E4
    { 0x01E5, 36 }, // U+01E5
    { 0x01E6, 15 }, // U+01E6
    { 0x01E7, 36 }, // U+01E7
    { 0x01E9, 37 }, // U+01E9
    { 0x01EA, 18 }, // U+01EA
    { 0x01EB, 41 }, // U+01EB
    { 0x01EC, 18 }, // U+01EC
    { 0x01ED, 41 }, // U+01ED
    { 0x01EE, 67 }, // U+01EE
    { 0x01EF, 68 }, // U+01EF
    { 0x01F0, 38 }, // U+01F0
    { 0x01F3, 33 }, // U+01F3
    { 0x01F4, 15 }, // U+01F4
    { 0x01F5, 36 }, // U+01F5
    { 0x01F7, 56 }, // U+01F7
    { 0x01F9, 40 }, // U+01F9
    { 0x01FA, 13 }, // U+01FA
    { 0x01FB, 30 }, // U+01FB
    { 0x01FC, 55 }, // U+01FC
    { 0x01FD, 30 }, // U+01FD
    { 0x01FE, 18 }, // U+01FE
    { 0x01FF, 41 }, // U+01FF
    { 0x0200, 13 }, // U+0200
    { 0x0201, 30 }, // U+0201
    { 0x0202, 13 }, // U+0202
    { 0x0203, 30 }, // U+0203
    { 0x0205, 34 }, // U+0205
    { 0x0207, 34 }, // U+0207
    { 0x0209, 37 }, // U+0209
    { 0x020B, 37 }, // U+020B
    { 0x020C, 18 }, // U+020C
    { 0x020D, 41 }, // U+020D
    { 0x020E, 18 }, // U+020E
    { 0x020F, 41 }, // U+020F
    { 0x0211, 40 }, // U+0211
    { 0x0213, 40 }, // U+0213
    { 0x0214, 22 }, // U+0214
    { 0x0215, 45 }, // U+0215
    { 0x0216, 22 }, // U+0216
    { 0x0217, 45 }, // U+0217
    { 0x0218, 20 }, // U+0218
    { 0x0219, 43 }, // U+0219
    { 0x021A, 21 }, // U+021A
    { 0x021B, 44 }, // U+021B
    { 0x021C, 69 }, // U+021C
    { 0x021D, 70 }, // U+021D
    { 0x021F, 37 }, // U+021F
    { 0x0402, 71 }, // U+0402
    { 0x0404, 72 }, // U+0404
    { 0x0405, 73 }, // U+0405
    { 0x0408, 74 }, // U+0408
    { 0x0409, 75 }, // U+0409
    { 0x040B, 71 }, // U+040B
    { 0x040E, 76 }, // U+040E
    { 0x0410, 77 }, // U+0410
    { 0x0414, 78 }, // U+0414
    { 0x0416, 79 }, // U+0416
    { 0x0417, 80 }, // U+0417
    { 0x041B, 75 }, // U+041B
    { 0x041C, 81 }, // U+041C
    { 0x041E, 82 }, // U+041E
    { 0x0421, 72 }, // U+0421
    { 0x0422, 71 }, // U+0422
    { 0x0423, 76 }, // U+0423
    { 0x0424, 83 }, // U+0424
    { 0x0425, 84 }, // U+0425
    { 0x0427, 85 }, // U+0427
    { 0x042D, 86 }, // U+042D
    { 0x042F, 87 }, // U+042F
    { 0x0430, 88 }, // U+0430
    { 0x0431, 89 }, // U+0431
    { 0x0432, 90 }, // U+0432
    { 0x0433, 91 }, // U+0433
    { 0x0434, 92 }, // U+0434
    { 0x0435, 93 }, // U+0435
    { 0x0436, 94 }, // U+0436
    { 0x0437, 95 }, // U+0437
    { 0x0438, 91 }, // U+0438
    { 0x0439, 91 }, // U+0439
    { 0x043A, 91 }, // U+043A
    { 0x043B, 96 }, // U+043B
    { 0x043C, 97 }, // U+043C
    { 0x043D, 91 }, // U+043D
    { 0x043E, 98 }, // U+043E
    { 0x043F, 91 }, // U+043F
    { 0x0440, 99 }, // U+0440
    { 0x0441, 100 }, // U+0441
    { 0x0442, 101 }, // U+0442
    { 0x0443, 102 }, // U+0443
    { 0x0444, 103 }, // U+0444
    { 0x0445, 104 }, // U+0445
    { 0x0446, 91 }, // U+0446
    { 0x0447, 105 }, // U+0447
    { 0x0448, 91 }, // U+0448
    { 0x0449, 106 }, // U+0449
    { 0x044A, 107 }, // U+044A
    { 0x044B, 91 }, // U+044B
    { 0x044C, 91 }, // U+044C
    { 0x044D, 108 }, // U+044D
    { 0x044E, 90 }, // U+044E
    { 0x044F, 109 }, // U+044F
    { 0x0450, 93 }, // U+0450
    { 0x0451, 93 }, // U+0451
    { 0x0452, 110 }, // U+0452
    { 0x0453, 91 }, // U+0453
    { 0x0454, 111 }, // U+0454
    { 0x0455, 112 }, // U+0455
    { 0x0456, 113 }, // U+0456
    { 0x0457, 114 }, // U+0457
    { 0x0458, 115 }, // U+0458
    { 0x0459, 96 }, // U+0459
    { 0x045A, 91 }, // U+045A
    { 0x045B, 116 }, // U+045B
    { 0x045C, 91 }, // U+045C
    { 0x045D, 91 }, // U+045D
    { 0x045E, 102 }, // U+045E
    { 0x045F, 106 }, // U+045F
    { 0x0462, 71 }, // U+0462
    { 0x0463, 117 }, // U+0463
    { 0x0472, 82 }, // U+0472
    { 0x0473, 98 }, // U+0473
    { 0x0475, 118 }, // U+0475
    { 0x048B, 91 }, // U+048B
    { 0x048D, 119 }, // U+048D
    { 0x048F, 99 }, // U+048F
    { 0x0491, 91 }, // U+0491
    { 0x0493, 91 }, // U+0493
    { 0x0495, 91 }, // U+0495
    { 0x0496, 79 }, // U+0496
    { 0x0497, 94 }, // U+0497
    { 0x0498, 80 }, // U+0498
    { 0x0499, 95 }, // U+0499
    { 0x049B, 91 }, // U+049B
    { 0x049D, 91 }, // U+049D
    { 0x049F, 91 }, // U+049F
    { 0x04A1, 91 }, // U+04A1
    { 0x04A3, 91 }, // U+04A3
    { 0x04A5, 91 }, // U+04A5
    { 0x04A7, 91 }, // U+04A7
    { 0x04A8, 120 }, // U+04A8
    { 0x04A9, 121 }, // U+04A9
    { 0x04AA, 72 }, // U+04AA
    { 0x04AB, 100 }, // U+04AB
    { 0x04AC, 71 }, // U+04AC
    { 0x04AD, 101 }, // U+04AD
    { 0x04AE, 122 }, // U+04AE
    { 0x04AF, 123 }, // U+04AF
    { 0x04B0, 122 }, // U+04B0
    { 0x04B1, 123 }, // U+04B1
    { 0x04B2, 84 }, // U+04B2
    { 0x04B3, 104 }, // U+04B3
    { 0x04B4, 71 }, // U+04B4
    { 0x04B5, 101 }, // U+04B5
    { 0x04B6, 85 }, // U+04B6
    { 0x04B7, 105 }, // U+04B7
    { 0x04B8, 85 }, // U+04B8
    { 0x04B9, 105 }, // U+04B9
    { 0x04BB, 124 }, // U+04BB
    { 0x04BC, 125 }, // U+04BC
    { 0x04BD, 126 }, // U+04BD
    { 0x04BE, 125 }, // U+04BE
    { 0x04BF, 126 }, // U+04BF
    { 0x04C1, 79 }, // U+04C1
    { 0x04C2, 94 }, // U+04C2
    { 0x04C4, 91 }, // U+04C4
    { 0x04C5, 75 }, // U+04C5
    { 0x04C6, 96 }, // U+04C6
    { 0x04C8, 91 }, // U+04C8
    { 0x04CA, 91 }, // U+04CA
    { 0x04CB, 85 }, // U+04CB
    { 0x04CC, 105 }, // U+04CC
    { 0x04CE, 97 }, // U+04CE
    { 0x04D0, 77 }, // U+04D0
    { 0x04D1, 88 }, // U+04D1
    { 0x04D2, 77 }, // U+04D2
    { 0x04D3, 88 }, // U+04D3
    { 0x04D4, 127 }, // U+04D4
    { 0x04D5, 128 }, // U+04D5
    { 0x04D7, 93 }, // U+04D7
    { 0x04D8, 129 }, // U+04D8
    { 0x04D9, 130 }, // U+04D9
    { 0x04DA, 129 }, // U+04DA
    { 0x04DB, 130 }, // U+04DB
    { 0x04DC, 79 }, // U+04DC
    { 0x04DD, 94 }, // U+04DD
    { 0x04DE, 80 }, // U+04DE
    { 0x04DF, 131 }, // U+04DF
    { 0x04E0, 132 }, // U+04E0
    { 0x04E1, 133 }, // U+04E1
    { 0x04E3, 91 }, // U+04E3
    { 0x04E5, 91 }, // U+04E5
    { 0x04E6, 82 }, // U+04E6
    { 0x04E7, 98 }, // U+04E7
    { 0x04E8, 82 }, // U+04E8
    { 0x04E9, 98 }, // U+04E9
    { 0x04EA, 82 }, // U+04EA
    { 0x04EB, 98 }, // U+04EB
    { 0x04EC, 86 }, // U+04EC
    { 0x04ED, 134 }, // U+04ED
    { 0x04EE, 76 }, // U+04EE
    { 0x04EF, 102 }, // U+04EF
    { 0x04F0, 76 }, // U+04F0
    { 0x04F1, 102 }, // U+04F1
    { 0x04F2, 76 }, // U+04F2
    { 0x04F3, 102 }, // U+04F3
    { 0x04F4, 85 }, // U+04F4
    { 0x04F5, 105 }, // U+04F5
    { 0x04F7, 91 }, // U+04F7
    { 0x04F9, 91 }, // U+04F9
    { 0x05D0, 135 }, // U+05D0
    { 0x05D1, 136 }, // U+05D1
    { 0x05D2, 137 }, // U+05D2
    { 0x05D3, 138 }, // U+05D3
    { 0x05D4, 139 }, // U+05D4
    { 0x05D6, 140 }, // U+05D6
    { 0x05D7, 141 }, // U+05D7
    { 0x05D8, 142 }, // U+05D8
    { 0x05D9, 143 }, // U+05D9
    { 0x05DA, 144 }, // U+05DA
    { 0x05DB, 145 }, // U+05DB
    { 0x05DC, 146 }, // U+05DC
    { 0x05DD, 147 }, // U+05DD
    { 0x05DE, 148 }, // U+05DE
    { 0x05DF, 149 }, // U+05DF
    { 0x05E1, 150 }, // U+05E1
    { 0x05E2, 151 }, // U+05E2
    { 0x05E3, 152 }, // U+05E3
    { 0x05E4, 153 }, // U+05E4
    { 0x05E5, 154 }, // U+05E5
    { 0x05E7, 155 }, // U+05E7
    { 0x05E8, 156 }, // U+05E8
    { 0x05E9, 157 }, // U+05E9
    { 0x05EA, 158 }, // U+05EA
    { 0x1EF2, 26 }, // U+1EF2
    { 0x1EF3, 49 }, // U+1EF3
    { 0x2013, 8 }, // U+2013
    { 0x2014, 8 }, // U+2014
    { 0x2018, 159 }, // U+2018
    { 0x2019, 160 }, // U+2019
    { 0x201A, 161 }, // U+201A
    { 0x201C, 159 }, // U+201C
    { 0x201D, 160 }, // U+201D
    { 0x201E, 161 }, // U+201E
    { 0x2026, 7 }, // U+2026
    { 0x2039, 53 }, // U+2039
    { 0x203A, 54 }, // U+203A
    { 0xFB00, 35 }, // U+FB00
    { 0xFB01, 35 }, // U+FB01
    { 0xFB02, 35 }, // U+FB02
    { 0xFB03, 35 }, // U+FB03
    { 0xFB04, 35 }, // U+FB04
    { 0xFB8E, 162 }, // U+FB8E
    { 0xFBA6, 162 }, // U+FBA6
    { 0xFBAA, 162 }, // U+FBAA
    { 0xFE8D, 163 }, // U+FE8D
    { 0xFEA3, 162 }, // U+FEA3
    { 0xFEA9, 164 }, // U+FEA9
    { 0xFEB1, 164 }, // U+FEB1
    { 0xFEB3, 164 }, // U+FEB3
    { 0xFEB9, 164 }, // U+FEB9
    { 0xFEBB, 164 }, // U+FEBB
    { 0xFEC1, 164 }, // U+FEC1
    { 0xFEC3, 164 }, // U+FEC3
    { 0xFEC9, 165 }, // U+FEC9
    { 0xFECB, 163 }, // U+FECB
    { 0xFECD, 165 }, // U+FECD
    { 0xFEDB, 162 }, // U+FEDB
    { 0xFEDF, 163 }, // U+FEDF
    { 0xFEE1, 162 }, // U+FEE1
    { 0xFEE3, 162 }, // U+FEE3
    { 0xFEE9, 162 }, // U+FEE9
    { 0xFEEB, 162 }, // U+FEEB
};

static const int8_t ubuntu_12_mediumKernMatrix[] = {
       0,    0,    0,    0,    0,    0,    0,    0,    0,    0,    0,    0,  -28,   -9,   -9,  -44,    0,   -9,   -9,    0,    0,    0,    4,    4,    0,    0,   -4,    0,    0,    0,    0,    0,    0,    0,    0,    0,    0,    0,    0,    0,    0,    0,    0,    0,    0,    0,    0,    0,    0,    0,    0,    0,    0,    0,  -48,    0,    0,    0,    0,    0,    0,    0,    0,    0,    0,    0,    0,    0,    0,    0,    0,   -9,    0,  -41,  -26,    0,  -28,  -25,    0,    0,    0,   -9,   -9,    0,    0,    0,    0,    0,    0,    0,    0,    0,    0,    0,    0,    0,    0,    0,    0,    0,    0,    0,    0,    0,    0,    0,    0,    0,    0,    0,    0,    0,    0,    0,    0,    0,    0,    0,    0,  -10,    0,    0,    0,    0,    0,    0,    0,    0,  -12,    0,    0,   -4,    0,    0,    0,    0,    0,    0,    0,    0,    0,    0,    0,    0,    0,    0,    0,    0,    0,    0,    0,    0,    0,    0,    0,    0,    0,    0,    0,    0,    0,    0,    0,    0,    0,
       0,    0,    0,    0,    0,    0,    0,    0,    0,    0,    0,    0,    0,    0,    0,    0,    0,    0,    0,    0,  -11,    0,    0,    0,    0,    0,    0,    0,    0,    0,    0,    0,    0,    0,    0,    0,    0,    0,    0,    0,    0,    0,    0,    0,    0,    0,    0,    0,    0,    0,    0,    0,    0,    0,    0,    0,    0,    0,    0,    0,    0,    0,    0,    0,    0,    0,    0,    0,    0,    0,    0,    0,    0,    0,    0,    0,    0,    0,    0,    0,    0,    0,    0,    0,    0,    0,    0,    0,    0,    0,    0,    0,    0,    0,    0,    0,    0,    0,    0,    0,    0,    0,    0,    0,    0,    0,    0,    0,    0,    0,    0,    0,    0,    0,    0,    0,    0,    0,    0,    0,    0,    0,    0,    0,    0,    0,    0,    0,    0,    0,    0,    0,    0,    0,    0,    0,    0,    0,    0,    0,    0,    0,    0,    0,    0,    0,    0,    0,    0,    0,    0,    0,    0,    0,    0,    0,    0,    0,    0,    0,    0,    0,    0,    0,    0,
       0,    0,    0,    0,   24,    0,    0,    0,    0,    0,    0,    0,    0,  -11,  -11,    0,    0,  -11,  -11,   -6,    4,   -4,    5,    0,    0,    6,    0,    0,    0,    0,    0,    0,    0,    0,    0,    0,    0,    0,    0,    0,    0,    0,    0,    0,    0,    0,    0,    0,    0,    0,    0,    0,    0,    0,    0,    0,    0,    0,    0,    0,    0,    0,    0,    0,    0,    0,    0,    0,    0,    0,    4,  -11,   -4,    0,    0,    0,    0,   10,    0,    0,    0,  -11,  -11,    0,    0,    0,    0,    0,    0,    0,    0,    0,    0,    0,    0,    0,    0,    0,    0,    0,    0,    0,    0,    0,    0,    0,    0,    0,    0,    0,    0,    0,    0,    0,    0,    0,    0,    0,    0,  -16,    0,    6,    0,    0,   -4,    0,    0,    0,   -7,    0,    0,    0,    0,    0,    0,    0,    0,    0,    0,    0,    0,    0,    0,    0,    0,    0,    0,    0,    0,    0,    0,    0,    0,    0,    0,    0,    0,    0,    0,    0,    0,    0,    0,    0,    0,
       0,    0,    0,    0,    0,    0,    0,    0,    0,    0,    0,    0,   -7,   -4,   -4,   -4,    0,   -4,   -4,   -4,  -10,    0,  -12,   -6,  -10,  -15,   -8,    0,    0,    0,    0,    0,    0,    0,    0,    0,    0,    0,    0,    0,    0,    0,    0,    0,    0,    0,    0,    0,    0,    0,    0,    0,    0,    0,   -7,    0,    0,    0,    0,    0,    0,    0,    0,    0,    0,    0,    0,    0,    0,    0,  -10,   -4,   -6,    0,    0,   -9,   -7,    0,   -8,   -7,    0,   -4,   -4,  -10,   -7,   -6,   -6,    0,    0,    0,    0,    0,    0,    0,    0,    0,    0,    0,    0,    0,    0,    0,    0,    0,    0,    0,    0,    0,    0,    0,    0,    0,    0,    0,    0,    0,    0,    0,    0,   -5,    0,  -15,    0,    0,    0,    0,    0,    0,   -4,    0,    0,   -6,    0,    0,    0,    0,    0,    0,    0,    0,    0,    0,    0,    0,    0,    0,    0,    0,    0,    0,    0,    0,    0,    0,    0,    0,    0,    0,    0,    0,    0,    0,    0,    0,    0,
       0,    0,    0,    0,    0,    0,    0,    0,    0,    0,    0,    0,  -23,   -4,   -4,  -44,    0,    0,    0,    0,    0,    0,    0,    0,   -9,    0,    0,    0,    0,    0,    0,    0,    0,    0,    0,    0,    0,    0,    0,    0,    0,    0,    0,    0,    0,    0,    0,    0,    0,    0,    0,    0,    0,    0,  -35,    0,    0,    0,    0,    0,    0,    0,    0,    0,    0,    0,    0,    0,    0,    0,    0,   -4,    0,  -40,  -26,    0,  -23,  -26,  -11,   -5,    0,    0,    0,   -9,    0,    0,    0,    0,    0,    0,    0,    0,    0,    0,    0,    0,    0,    0,    0,    0,    0,    0,    0,    0,    0,    0,    0,    0,    0,    0,    0,    0,    0,    0,    0,    0,    0,    0,    0,    0,    0,    0,    0,    0,    0,    0,    0,    0,   -6,    0,    0,   -6,    0,    0,    0,    0,    0,    0,    0,    0,    0,    0,    0,    0,    0,    0,    0,    0,    0,    0,    0,    0,    0,    0,    0,    0,    0,    0,    0,    0,    0,    0,    0,    0,    0,
       0,    0,    0,    0,    0,    0,    0,    0,    0,    0,    0,    0,    9,  -10,  -10,   10,    0,  -12,  -12,    5,  -25,   -8,  -28,  -14,    4,  -29,    7,    0,    0,    0,    0,    0,    0,    0,    0,    0,    0,    0,    0,    0,    0,    0,    0,    0,    0,    0,    0,    0,    0,    0,    0,    0,    0,    0,    7,    0,    0,    0,    0,    0,    0,    0,    0,    0,    0,    0,    0,    0,    0,    0,  -25,  -10,    0,    0,    0,    0,    9,    6,    0,    0,    0,  -12,  -12,    4,  -42,    0,    0,    0,    0,    0,    0,    0,    0,    0,    0,    0,    0,    0,    0,    0,    0,    0,    0,    0,    0,    0,    0,    0,    0,    0,    0,    0,    0,    0,    0,    0,    0,    0,    0,  -15,    0,  -29,    0,    0,  -36,    0,    0,    0,  -11,    0,    0,    0,    0,    0,    0,    0,    0,    0,    0,    0,    0,    0,    0,    0,    0,    0,    0,    0,    0,    0,    0,    0,    0,    0,    0,    0,    0,    0,    0,    0,    0,    0,    0,    0,    0,
       0,    0,    0,    0,    0,    0,    0,    0,    0,    0,    0,    0,    0,    0,    0,  -10,    0,    0,    0,    0,  -18,    0,   -4,    0,  -11,  -18,   -6,    0,    0,    0,    0,    0,    0,    0,    0,    0,    0,    0,    0,    0,    0,    0,    0,    0,    0,    0,    0,    0,    0,    0,    0,    0,    0,    0,   -5,    0,    0,    0,    0,    0,    0,    0,    0,    0,    0,    0,    0,    0,    0,    0,  -18,    5,   -4,   -8,  -12,  -14,    0,   -8,  -14,   -5,    0,    5,    0,  -11,    0,   -6,    0,    0,    0,    0,    0,    0,    0,    0,    0,    0,    0,    0,    0,    0,    0,    0,    0,    0,    0,    0,    0,    0,    0,    0,    0,    0,    0,    0,    0,    0,    0,    0,    0,    5,    0,  -18,    0,    0,    0,    0,    0,    0,    6,    0,    0,   -8,    0,    0,    0,    0,    0,    0,    0,    0,    0,    0,    0,    0,    0,    0,    0,    0,    0,    0,    0,    0,    0,    0,    0,    0,    0,    0,    0,    0,    0,    0,    0,    0,    0,
       0,    0,    0,    0,    0,    0,    0,    0,    0,    0,    0,    0,  -18,  -10,  -10,  -25,    0,   -9,   -9,    0,   10,    0,   11,    8,    7,   12,    3,    0,    0,    0,    0,    0,    0,    0,    0,    0,    0,    0,    0,    0,    0,    0,    0,    0,    0,    0,    0,    0,    0,    0,    0,    0,    0,    0,  -28,    0,    0,    0,    0,    0,    0,    0,    0,    0,    0,    0,    0,    0,    0,    0,   10,  -10,    0,  -22,  -21,    9,  -18,  -21,    6,    0,    0,   -9,   -9,    7,    0,    7,    0,    0,    0,    0,    0,    0,    0,    0,    0,    0,    0,    0,    0,    0,    0,    0,    0,    0,    0,    0,    0,    0,    0,    0,    0,    0,    0,    0,    0,    0,    0,    0,    0,   -7,    0,   12,    0,    0,    0,    0,    0,    0,    0,    0,    0,    0,    0,    0,    0,    0,    0,    0,    0,    0,    0,    0,    0,    0,    0,    0,    0,    0,    0,    0,    0,    0,    0,    0,    0,    0,    0,    0,    0,    0,    0,    0,    0,    0,    0,
       0,    0,    0,    0,    0,    0,    0,    0,    0,    0,    0,    0,    0,   -4,   -4,    0,    0,   -4,   -4,    0,  -30,   -4,   -7,   -4,    0,  -14,    0,    0,    0,    0,    0,    0,    0,    0,    0,    0,    0,    0,    0,    0,    0,    0,    0,    0,    0,    0,    0,    0,    0,    0,    0,    0,    0,    0,    0,    0,    0,    0,    0,    0,    0,    0,    0,    0,    0,    0,    0,    0,    0,    0,  -30,   -4,    0,    0,    0,    0,    0,    0,    0,    0,    0,   -4,   -4,    0,    0,    0,    0,    0,    0,    0,    0,    0,    0,    0,    0,    0,    0,    0,    0,    0,    0,    0,    0,    0,    0,    0,    0,    0,    0,    0,    0,    0,    0,    0,    0,    0,    0,    0,    0,    0,    0,  -14,    0,    0,    0,    0,    0,    0,   -8,    0,    0,    0,    0,    0,    0,    0,    0,    0,    0,    0,    0,    0,    0,    0,    0,    0,    0,    0,    0,    0,    0,    0,    0,    0,    0,    0,    0,    0,    0,    0,    0,    0,    0,    0,    0,
       0,    0,    0,    0,    0,    0,    0,    0,    0,    0,    0,    0,   -9,   -4,   -4,   -9,    0,   -4,   -4,   -6,  -16,   -4,  -13,   -8,  -14,  -19,  -12,    0,    0,    0,    0,    0,    0,    0,    0,    0,    0,    0,    0,    0,    0,    0,    0,    0,    0,    0,    0,    0,    0,    0,    0,    0,    0,    0,  -14,    0,    0,    0,    0,    0,    0,    0,    0,    0,    0,    0,    0,    0,    0,    0,  -16,   -4,   -5,   -8,   -8,  -14,   -9,   -7,  -16,  -10,    0,   -4,   -4,  -14,   -4,  -10,   -5,    0,    0,    0,    0,    0,    0,    0,    0,    0,    0,    0,    0,    0,    0,    0,    0,    0,    0,    0,    0,    0,    0,    0,    0,    0,    0,    0,    0,    0,    0,    0,    0,    0,    0,  -19,    0,    0,    0,    0,    0,    0,    0,    0,    0,  -10,    0,    0,    0,    0,    0,    0,    0,    0,    0,    0,    0,    0,    0,    0,    0,    0,    0,    0,    0,    0,    0,    0,    0,    0,    0,    0,    0,    0,    0,    0,    0,    0,    0,
       0,  -28,    0,   -7,    0,  -22,    9,    0,    6,    0,    0,   -5,   12,   -7,   -7,   10,    0,   -7,   -7,    6,  -23,   -4,  -22,   -6,    9,  -28,    7,    0,  -10,    0,    0,   -6,   -6,   -6,    0,   -6,    0,    0,    0,    0,   -6,   -6,    4,   -2,   -5,   -7,   -7,    9,   -5,    5,   -7,   -4,   -7,    0,   12,    0,    0,    0,    0,   -6,    0,    0,    0,    0,    0,    0,    0,    0,  -18,    0,    0,    0,    0,    0,    0,    0,    0,    0,    0,    0,    0,    0,    0,    0,    0,    0,    0,    0,    0,    0,    0,    0,    0,    0,    0,    0,    0,    0,    0,    0,    0,    0,    0,    0,    0,    0,    0,    0,    0,    0,    0,    0,    0,    0,    0,    0,    0,    0,    0,    0,    0,    0,    0,    0,    0,    0,    0,    0,    0,    0,    0,    0,    0,    0,    0,    0,    0,    0,    0,    0,    0,    0,    0,    0,    0,    0,    0,    0,    0,    0,    0,    0,    0,    0,    0,    0,    0,    0,  -25,  -24,    9,    0,    0,    0,    0,
       0,   -4,    0,   -4,   -9,   -4,   -4,    0,   -7,   -4,   -7,    0,    0,    0,    0,    0,    0,    0,    0,    0,    0,    0,   -7,   -4,   -7,   -9,    0,    0,  -12,    0,    0,    0,    0,    0,    0,    0,    0,    0,    0,    0,    0,    0,    0,    0,    0,    0,    0,    0,    0,   -4,    0,   -8,    0,    0,   -4,    0,    0,    0,    0,    0,    0,    0,    0,    0,    0,    0,    0,    0,   -5,    0,    0,    0,    0,    0,    0,    0,    0,    0,    0,    0,    0,    0,    0,    0,    0,    0,    0,    0,    0,    0,    0,    0,    0,    0,    0,    0,    0,    0,    0,    0,    0,    0,    0,    0,    0,    0,    0,    0,    0,    0,    0,    0,    0,    0,    0,    0,    0,    0,    0,    0,    0,    0,    0,    0,    0,    0,    0,    0,    0,    0,    0,    0,    0,    0,    0,    0,    0,    0,    0,    0,    0,    0,    0,    0,    0,    0,    0,    0,    0,    0,    0,    0,    0,    0,    0,    0,    0,    0,    0,    0,    0,    0,    0,    0,    0,
       0,    0,    0,   -8,    0,    0,    8,  -11,    0,    0,    5,   -6,    8,   -7,   -7,    8,    0,   -7,   -7,    4,    6,    0,    6,    0,    4,    6,    4,   -4,    0,    0,    0,   -5,   -5,   -5,    0,   -5,    0,    0,    0,    0,   -5,   -5,    0,    0,   -7,   -6,   -6,    5,   -6,    0,  -10,    0,  -16,    0,    8,    0,    0,    0,    0,   -5,    0,    0,    0,    0,    0,    0,    0,    0,    0,    0,    0,    0,    0,    0,    0,    0,    0,    0,    0,    0,    0,    0,    0,    0,    0,    0,    0,    0,    0,    0,    0,    0,    0,    0,    0,    0,    0,    0,    0,    0,    0,    0,    0,    0,    0,    0,    0,    0,    0,    0,    0,    0,    0,    0,    0,    0,    0,    0,    0,    0,    0,    0,    0,    0,    0,    0,    0,    0,    0,    0,    0,    0,    0,    0,    0,    0,    0,    0,    0,    0,    0,    0,    0,    0,    0,    0,    0,    0,    0,    0,    0,    0,    0,    0,    0,    0,    0,    0,    0,    4,    6,    0,    0,    0,    0,
      -5,   -9,    0,   -4,  -12,    0,  -12,    0,  -15,    0,  -14,   -4,   -7,    0,    0,  -11,    0,    0,    0,   -4,  -10,    0,   -6,   -6,   -8,  -14,   -5,   -4,  -15,   -5,    0,    0,    0,    0,    0,    0,    0,    0,    0,    0,    0,    0,    0,    0,    0,    0,    0,    0,    0,    0,    0,  -10,    0,    0,  -15,    0,    0,    0,    0,    0,    0,    0,    0,    0,    0,    0,  -11,    0,  -11,    0,    0,    0,    0,    0,    0,    0,    0,    0,    0,    0,    0,    0,    0,    0,    0,    0,    0,    0,    0,    0,    0,    0,    0,    0,    0,    0,    0,    0,    0,    0,    0,    0,    0,    0,    0,    0,    0,    0,    0,    0,    0,    0,    0,    0,    0,    0,    0,    0,    0,    0,    0,    0,    0,    0,    0,    0,    0,    0,    0,    0,    0,    0,    0,    0,    0,    0,    0,    0,    0,    0,    0,    0,    0,    0,    0,    0,    0,    0,    0,    0,    0,    0,    0,    0,    0,    0,    0,    0,   -7,   -4,  -12,    0,    0,    0,    0,
       0,   -6,    0,   -7,    0,   -4,    4,    0,    0,    0,    0,   -6,    6,  -10,  -10,    6,    0,  -10,  -10,    0,    0,   -8,    0,    0,    0,    0,    0,   -6,  -15,    0,    0,   -6,   -6,   -6,    0,   -8,    0,    0,    0,    0,   -6,   -5,    0,   -5,   -7,   -9,   -9,    3,   -9,    0,   -7,   -8,   -8,    0,    6,    0,    0,    0,    0,   -5,    0,    0,    0,    0,    0,    0,    0,    0,    0,    0,    0,    0,    0,    0,    0,    0,    0,    0,    0,    0,    0,    0,    0,    0,    0,    0,    0,    0,    0,    0,    0,    0,    0,    0,    0,    0,    0,    0,    0,    0,    0,    0,    0,    0,    0,    0,    0,    0,    0,    0,    0,    0,    0,    0,    0,    0,    0,    0,    0,    0,    0,    0,    0,    0,    0,    0,    0,    0,    0,    0,    0,    0,    0,    0,    0,    0,    0,    0,    0,    0,    0,    0,    0,    0,    0,    0,    0,    0,    0,    0,    0,    0,    0,    0,    0,    0,    0,    0,   -4,    0,    0,    0,    0,    0,    0,
      -4,    0,    0,   -8,    0,    0,  -26,    0,  -24,   -6,    4,   -6,  -20,   -8,   -8,  -29,    0,   -4,   -4,    0,    5,    0,    6,    0,    0,    7,    0,   -5,   -3,  -18,    0,   -5,   -5,   -5,    0,   -5,    0,    0,    0,  -10,   -5,   -5,    0,    0,   -9,    0,    0,  -13,    0,   -9,    0,    0,    0,   -7,  -27,    0,    0,    0,    0,   -5,    0,    0,    0,    0,   -9,   -6,    0,    0,    0,    0,    0,    0,    0,    0,    0,    0,    0,    0,    0,    0,    0,    0,    0,    0,    0,    0,    0,    0,    0,    0,    0,    0,    0,    0,    0,    0,    0,    0,    0,    0,    0,    0,    0,    0,    0,    0,    0,    0,    0,    0,    0,    0,    0,    0,    0,    0,    0,    0,    0,    0,    0,    0,    0,    0,    0,    0,    0,    0,    0,    0,    0,    0,    0,    0,    0,    0,    0,    0,    0,    0,    0,    0,    0,    0,    0,    0,    0,    0,    0,    0,    0,    0,    0,    0,    0,    0,    0,    0,    0,    0,  -37,    0,    0,    0,    0,
       0,    0,    0,    0,   -4,   -9,    0,    0,    0,    0,    0,    0,    0,    0,    0,    0,    0,    0,    0,    0,    0,    0,    0,    0,    0,    0,    0,    0,   -4,    0,    0,    0,    0,    0,    0,    0,    0,    0,    0,    0,    0,    0,    0,    0,    0,   -6,    0,    0,   -6,    0,    0,   -4,    0,    0,    0,    0,    0,    0,    0,    0,    0,    0,    0,    0,    0,    0,    0,    0,    0,    0,    0,    0,    0,    0,    0,    0,    0,    0,    0,    0,    0,    0,    0,    0,    0,    0,    0,    0,    0,    0,    0,    0,    0,    0,    0,    0,    0,    0,    0,    0,    0,    0,    0,    0,    0,    0,    0,    0,    0,    0,    0,    0,    0,    0,    0,    0,    0,    0,    0,    0,    0,    0,    0,    0,    0,    0,    0,    0,    0,    0,    0,    0,    0,    0,    0,    0,    0,    0,    0,    0,    0,    0,    0,    0,    0,    0,    0,    0,    0,    0,    0,    0,    0,    0,    0,    0,    0,    0,    0,    0,    0,    0,    0,    0,    0,
       0,    0,    0,    0,   -4,    0,   -4,    0,  -13,    0,    0,    0,   -4,    0,    0,   -5,    0,    0,    0,    0,    0,    0,    0,    0,    0,    0,   -6,    0,  -12,    0,    0,    0,    0,    0,    0,    0,    0,    0,    0,    0,    0,    0,    0,    0,    0,    0,    0,    0,    0,   -6,    0,   -7,    0,    0,   -9,    0,    0,    0,    0,    0,    0,    0,    0,    0,    0,    0,   -5,    0,    0,    0,    0,    0,    0,    0,    0,    0,    0,    0,    0,    0,    0,    0,    0,    0,    0,    0,    0,    0,    0,    0,    0,    0,    0,    0,    0,    0,    0,    0,    0,    0,    0,    0,    0,    0,    0,    0,    0,    0,    0,    0,    0,    0,    0,    0,    0,    0,    0,    0,    0,    0,    0,    0,    0,    0,    0,    0,    0,    0,    0,    0,    0,    0,    0,    0,    0,    0,    0,    0,    0,    0,    0,    0,    0,    0,    0,    0,    0,    0,    0,    0,    0,    0,    0,    0,    0,    0,    0,    0,    0,    0,   -4,    0,    0,    0,    0,
       0,    0,    0,   -6,    0,  -12,    6,  -17,    6,    0,    4,   -7,   12,  -12,  -12,   10,    0,  -12,  -12,    0,    6,    0,    7,    4,    9,    8,    7,    0,   -9,    0,    0,   -9,   -9,   -9,    0,   -8,    0,    0,    0,    0,   -9,   -9,    5,   -7,   -7,   -6,  -17,    9,   -5,    6,   -7,    0,  -22,    0,   12,    0,    0,    0,   11,  -11,   12,   12,    0,    0,    0,   -4,    0,    0,    0,    0,    0,    0,    0,    0,    0,    0,    0,    0,    0,    0,    0,    0,    0,    0,    0,    0,    0,    0,    0,    0,    0,    0,    0,    0,    0,    0,    0,    0,    0,    0,    0,    0,    0,    0,    0,    0,    0,    0,    0,    0,    0,    0,    0,    0,    0,    0,    0,    0,    0,    0,    0,    0,    0,    0,    0,    0,    0,    0,    0,    0,    0,    0,    0,    0,    0,    0,    0,    0,    0,    0,    0,    0,    0,    0,    0,    0,    0,    0,    0,    0,    0,    0,    0,    0,    0,    0,    0,    0,    0,    0,    5,    0,    0,    0,    0,
       0,  -45,    0,   -4,    0,  -50,    8,  -25,    4,    0,    0,    0,   10,  -16,  -16,   10,    0,  -16,  -16,    5,  -41,   -6,  -36,  -16,    7,  -41,    5,    0,  -11,    0,    0,   -4,   -4,   -4,    0,   -4,    0,    0,    0,    0,   -4,   -4,    0,    0,    0,  -17,  -13,    7,   -9,    4,   -8,   -5,  -14,    4,   10,    0,    0,    0,    0,    0,    0,    0,    0,    0,    0,    0,    0,    0,  -30,    0,    0,    0,    0,    0,    0,    0,    0,    0,    0,    0,    0,    0,    0,    0,    0,    0,    0,    0,    0,    0,    0,    0,    0,    0,    0,    0,    0,    0,    0,    0,    0,    0,    0,    0,    0,    0,    0,    0,    0,    0,    0,    0,    0,    0,    0,    0,    0,    0,    0,    0,    0,    0,    0,    0,    0,    0,    0,    0,    0,    0,    0,    0,    0,    0,    0,    0,    0,    0,    0,    0,    0,    0,    0,    0,    0,    0,    0,    0,    0,    0,    0,    0,    0,    0,    0,    0,    0,    0,  -43,  -42,    5,    0,    0,    0,    0,
       0,    0,    0,    0,    0,    0,    0,    0,    0,    0,    0,    0,    0,    0,    0,    0,    0,    0,    0,    0,    0,    0,    0,    0,    0,   -3,    0,    0,    0,    0,    0,    0,    0,    0,    0,    0,    0,    0,    0,    0,    0,    0,    0,    0,    0,    0,    0,    0,    0,    0,    0,    0,    0,    0,    0,    0,    0,    0,    0,    0,    0,    0,    0,    0,    0,    0,    0,    0,    0,    0,    0,    0,    0,    0,    0,    0,    0,    0,    0,    0,    0,    0,    0,    0,    0,    0,    0,    0,    0,    0,    0,    0,    0,    0,    0,    0,    0,    0,    0,    0,    0,    0,    0,    0,    0,    0,    0,    0,    0,    0,    0,    0,    0,    0,    0,    0,    0,    0,    0,    0,    0,    0,    0,    0,    0,    0,    0,    0,    0,    0,    0,    0,    0,    0,    0,    0,    0,    0,    0,    0,    0,    0,    0,    0,    0,    0,    0,    0,    0,    0,    0,    0,    0,    0,    0,    0,    0,    0,    0,    0,    0,    0,    0,    0,    0,
      -5,   -8,    0,   -4,  -10,    0,  -12,    0,  -15,    0,  -12,   -4,   -7,    0,    0,   -9,    0,    0,    0,   -4,  -10,    0,   -8,   -6,  -10,  -14,   -5,   -4,  -15,   -4,    0,    0,    0,    0,    0,    0,    0,    0,    0,    0,    0,    0,    0,    0,    0,    0,    0,    0,    0,    0,    0,  -10,    0,    0,  -14,    0,    0,    0,    0,    0,    0,    0,    0,    0,    0,    0,  -10,    0,   -9,    0,    0,    0,    0,    0,    0,    0,    0,    0,    0,    0,    0,    0,    0,    0,    0,    0,    0,    0,    0,    0,    0,    0,    0,    0,    0,    0,    0,    0,    0,    0,    0,    0,    0,    0,    0,    0,    0,    0,    0,    0,    0,    0,    0,    0,    0,    0,    0,    0,    0,    0,    0,    0,    0,    0,    0,    0,    0,    0,    0,    0,    0,    0,    0,    0,    0,    0,    0,    0,    0,    0,    0,    0,    0,    0,    0,    0,    0,    0,    0,    0,    0,    0,    0,    0,    0,    0,    0,    0,   -6,   -4,  -11,    0,    0,    0,    0,
      -4,    0,    0,   -4,   -8,    0,  -34,    0,  -22,    0,    0,    0,  -18,    0,    0,  -36,    0,    0,    0,    0,    0,    0,    0,    0,   -8,    0,    0,   -5,  -14,   -7,    0,   -7,   -7,  -11,    0,   -7,    0,    0,    0,    0,   -7,   -4,    0,    0,    0,    4,    3,    0,    4,    0,    0,   -8,   -6,    0,  -30,    0,    0,    0,    0,   -6,    0,    0,    0,    0,    0,    0,    0,    0,    0,    0,    0,    0,    0,    0,    0,    0,    0,    0,    0,    0,    0,    0,    0,    0,    0,    0,    0,    0,    0,    0,    0,    0,    0,    0,    0,    0,    0,    0,    0,    0,    0,    0,    0,    0,    0,    0,    0,    0,    0,    0,    0,    0,    0,    0,    0,    0,    0,    0,    0,    0,    0,    0,    0,    0,    0,    0,    0,    0,    0,    0,    0,    0,    0,    0,    0,    0,    0,    0,    0,    0,    0,    0,    0,    0,    0,    0,    0,    0,    0,    0,    0,    0,    0,    0,    0,    0,    0,    0,    0,    4,  -41,    0,    0,    0,    0,
      -5,   -8,    0,   -4,    0,    0,  -12,    0,    0,    0,  -12,   -4,   -7,    0,    0,   -9,    0,    0,    0,   -4,  -10,    0,   -8,   -6,  -10,  -14,   -5,   -4,    0,   -5,    0,    0,    0,    0,    0,    0,    0,    5,    0,    0,    0,    0,    0,    0,    0,    0,    0,    0,    0,    0,    0,    0,    0,    0,  -14,    0,    0,    0,    0,    0,    0,    0,    0,    0,    0,    0,  -10,    0,    0,    0,    0,    0,    0,    0,    0,    0,    0,    0,    0,    0,    0,    0,    0,    0,    0,    0,    0,    0,    0,    0,    0,    0,    0,    0,    0,    0,    0,    0,    0,    0,    0,    0,    0,    0,    0,    0,    0,    0,    0,    0,    0,    0,    0,    0,    0,    0,    0,    0,    0,    0,    0,    0,    0,    0,    0,    0,    0,    0,    0,    0,    0,    0,    0,    0,    0,    0,    0,    0,    0,    0,    0,    0,    0,    0,    0,    0,    0,    0,    0,    0,    0,    0,    0,    0,    0,    0,    0,    0,   -6,   -4,   -7,    0,    0,    0,    0,
       0,    0,    0,   -4,    0,    0,    5,    0,    4,    0,   -4,   -5,   10,   -4,   -4,    8,    0,   -4,   -4,    0,    0,    0,   -4,    0,    7,   -7,    5,    0,  -12,    0,    0,    0,    0,    0,    0,    0,    0,    2,    0,    0,    0,    0,    0,    0,    0,    0,    0,    7,    0,    3,   -6,   -6,   -7,    0,   10,    0,    0,    0,    0,   -5,    0,    0,    0,    0,    0,    0,    0,    0,    0,    0,    0,    0,    0,    0,    0,    0,    0,    0,    0,    0,    0,    0,    0,    0,    0,    0,    0,    0,    0,    0,    0,    0,    0,    0,    0,    0,    0,    0,    0,    0,    0,    0,    0,    0,    0,    0,    0,    0,    0,    0,    0,    0,    0,    0,    0,    0,    0,    0,    0,    0,    0,    0,    0,    0,    0,    0,    0,    0,    0,    0,    0,    0,    0,    0,    0,    0,    0,    0,    0,    0,    0,    0,    0,    0,    0,    0,    0,    0,    0,    0,    0,    0,    0,    0,    0,    0,    0,    0,    0,    0,    5,    0,    0,    0,    0,
       0,    0,   -3,  -10,    4,    0,  -28,  -18,  -31,  -30,    8,  -18,  -23,  -10,  -10,  -32,    0,  -10,  -10,    0,    8,    0,   10,    6,    5,   10,    0,    0,  -11,  -16,    0,  -22,  -22,  -22,    0,  -22,    0,    0,    0,  -14,  -22,  -22,  -17,    0,  -13,   -9,  -29,   -8,   -9,  -11,   -8,    0,  -30,  -27,  -26,    0,    0,    7,   15,  -28,   23,   19,   12,    0,  -26,  -24,    0,    0,    0,    0,    0,    0,    0,    0,    0,    0,    0,    0,    0,    0,    0,    0,    0,    0,    0,    0,    0,    0,    0,    0,    0,    0,    0,    0,    0,    0,    0,    0,    0,    0,    0,    0,    0,    0,    0,    0,    0,    0,    0,    0,    0,    0,    0,    0,    0,    0,    0,    0,    0,    0,    0,    0,    0,    0,    0,    0,    0,    0,    0,    0,    0,    0,    0,    0,    0,    0,    0,    0,    0,    0,    0,    0,    0,    0,    0,    0,    0,    0,    0,    0,    0,    0,    0,    0,    0,    0,    0,    0,    0,    0,  -24,    0,    0,    0,    0,
       0,    0,    0,   -4,    0,    0,   -4,    0,  -14,   -4,    0,    0,   -4,    0,    0,   -5,    0,    0,    0,    0,    0,    0,    0,    0,    0,    0,   -6,    0,  -13,   -6,    0,    0,    0,    0,    0,    0,    0,    0,    0,    0,    0,    0,    0,    0,    0,    0,    0,    0,    0,   -6,   -4,   -8,    0,    0,  -12,    0,    0,    0,    0,    0,    0,    0,    0,    0,    0,    0,   -5,    0,    0,    0,    0,    0,    0,    0,    0,    0,    0,    0,    0,    0,    0,    0,    0,    0,    0,    0,    0,    0,    0,    0,    0,    0,    0,    0,    0,    0,    0,    0,    0,    0,    0,    0,    0,    0,    0,    0,    0,    0,    0,    0,    0,    0,    0,    0,    0,    0,    0,    0,    0,    0,    0,    0,    0,    0,    0,    0,    0,    0,    0,    0,    0,    0,    0,    0,    0,    0,    0,    0,    0,    0,    0,    0,    0,    0,    0,    0,    0,    0,    0,    0,    0,    0,    0,    0,    0,    0,    0,    0,    0,    0,   -7,    0,    0,    0,    0,
       0,    5,    0,  -12,    6,    0,  -27,   -4,  -24,   -7,    8,  -14,  -22,   -6,   -6,  -34,    0,   -8,   -8,    0,   10,    0,   11,    7,    7,   12,    0,    0,  -10,   -9,    0,  -16,  -16,  -16,    0,  -16,    0,    0,    0,  -11,  -16,  -16,   -5,    0,   -8,    0,    0,    0,    0,    0,   -8,    0,  -15,   -4,  -29,    0,   -2,    0,   19,  -18,   22,   19,   12,    0,   -9,   -8,    0,    0,    0,    0,    0,    0,    0,    0,    0,    0,    0,    0,    0,    0,    0,    0,    0,    0,    0,    0,    0,    0,    0,    0,    0,    0,    0,    0,    0,    0,    0,    0,    0,    0,    0,    0,    0,    0,    0,    0,    0,    0,    0,    0,    0,    0,    0,    0,    0,    0,    0,    0,    0,    0,    0,    0,    0,    0,    0,    0,    0,    0,    0,    0,    0,    0,    0,    0,    0,    0,    0,    0,    0,    0,    0,    0,    0,    0,    0,    0,    0,    0,    0,    0,    0,    0,    0,    0,    0,    0,    0,    0,    7,    8,  -26,    0,    0,    0,    0,
       0,    4,    0,   -6,    0,    0,  -13,    0,  -17,   -4,    6,   -7,   -6,   -6,   -6,  -22,    0,   -6,   -6,    0,    7,    0,    8,    4,    4,    8,    0,    0,  -13,  -10,    0,   -8,   -8,   -8,    0,   -9,    0,    0,    0,   -7,   -8,   -8,   -6,    0,   -7,    0,    0,    0,    0,    0,   -6,    0,   -7,    0,  -18,    0,    0,    0,    6,   -9,   16,    0,    0,    0,   -5,    0,    0,    0,    0,    0,    0,    0,    0,    0,    0,    0,    0,    0,    0,    0,    0,    0,    0,    0,    0,    0,    0,    0,    0,    0,    0,    0,    0,    0,    0,    0,    0,    0,    0,    0,    0,    0,    0,    0,    0,    0,    0,    0,    0,    0,    0,    0,    0,    0,    0,    0,    0,    0,    0,    0,    0,    0,    0,    0,    0,    0,    0,    0,    0,    0,    0,    0,    0,    0,    0,    0,    0,    0,    0,    0,    0,    0,    0,    0,    0,    0,    0,    0,    0,    0,    0,    0,    0,    0,    0,    0,    0,    0,    6,    9,  -14,    0,    0,    0,    0,
       0,    0,    0,   -9,    0,   -9,    4,  -10,    4,    0,    0,   -9,   10,   -8,   -8,    7,    0,  -10,  -10,    0,    4,    0,    6,    0,    6,    7,    4,    0,  -12,    0,    0,   -6,   -6,   -6,    0,   -6,    0,    0,    0,    0,   -6,   -6,    0,    0,   -4,   -4,  -13,    7,    0,    0,   -9,    0,  -17,    0,   10,    0,    0,    0,    0,  -10,    0,    0,    0,    0,    0,   -6,    0,    0,    0,    0,    0,    0,    0,    0,    0,    0,    0,    0,    0,    0,    0,    0,    0,    0,    0,    0,    0,    0,    0,    0,    0,    0,    0,    0,    0,    0,    0,    0,    0,    0,    0,    0,    0,    0,    0,    0,    0,    0,    0,    0,    0,    0,    0,    0,    0,    0,    0,    0,    0,    0,    0,    0,    0,    0,    0,    0,    0,    0,    0,    0,    0,    0,    0,    0,    0,    0,    0,    0,    0,    0,    0,    0,    0,    0,    0,    0,    0,    0,    0,    0,    0,    0,    0,    0,    0,    0,    0,    0,    0,    0,    4,    0,    0,    0,    0,
       0,    0,    0,  -15,    6,    0,  -23,  -18,  -29,  -14,    9,  -21,  -28,  -14,  -14,  -41,   -3,  -14,  -14,    0,   11,    0,   12,    8,    7,   12,    4,    0,   -9,  -14,    0,  -20,  -20,  -20,    0,  -20,    0,    0,    0,  -14,  -20,  -20,   -9,    0,  -14,   -4,    0,   -7,   -4,  -10,   -8,    0,  -27,  -11,  -29,    0,    0,    0,   14,  -30,   22,   19,    0,    0,  -15,  -14,    0,    0,    0,    0,    0,    0,    0,    0,    0,    0,    0,    0,    0,    0,    0,    0,    0,    0,    0,    0,    0,    0,    0,    0,    0,    0,    0,    0,    0,    0,    0,    0,    0,    0,    0,    0,    0,    0,    0,    0,    0,    0,    0,    0,    0,    0,    0,    0,    0,    0,    0,    0,    0,    0,    0,    0,    0,    0,    0,    0,    0,    0,    0,    0,    0,    0,    0,    0,    0,    0,    0,    0,    0,    0,    0,    0,    0,    0,    0,    0,    0,    0,    0,    0,    0,    0,    0,    0,    0,    0,    0,    0,    4,    6,  -28,    0,    0,    0,    0,
       0,    0,    0,   -7,    0,    0,    4,  -22,    0,    0,    0,   -6,    6,  -13,  -13,    6,    0,  -13,  -13,    0,    0,   -5,    4,    0,    0,    4,    0,   -6,  -15,    0,    0,   -6,   -6,   -6,    0,   -8,    0,    0,    0,    0,   -6,   -5,    0,   -4,   -7,   -8,   -8,    3,   -8,    0,  -12,   -5,  -18,    0,    6,    0,    0,    0,    4,   -5,   12,    0,    0,    0,    0,    0,    0,    0,    0,    0,    0,    0,    0,    0,    0,    0,    0,    0,    0,    0,    0,    0,    0,    0,    0,    0,    0,    0,    0,    0,    0,    0,    0,    0,    0,    0,    0,    0,    0,    0,    0,    0,    0,    0,    0,    0,    0,    0,    0,    0,    0,    0,    0,    0,    0,    0,    0,    0,    0,    0,    0,    0,    0,    0,    0,    0,    0,    0,    0,    0,    0,    0,    0,    0,    0,    0,    0,    0,    0,    0,    0,    0,    0,    0,    0,    0,    0,    0,    0,    0,    0,    0,    0,    0,    0,    0,    0,    0,    0,    0,    0,    0,    0,    0,    0,
       0,    0,    0,    0,    0,    0,    0,    0,    0,    0,    0,    0,  -10,  -15,  -15,  -10,    0,  -15,  -15,   -9,  -12,  -14,  -10,  -13,  -13,  -10,  -14,    0,   24,    0,    0,    0,    0,    0,    0,    0,    0,    0,    0,    0,    0,    0,    0,    0,    0,    0,    0,    0,    0,    0,    0,    0,    0,    0,  -10,    0,    0,    0,    0,    0,    0,    0,    0,    0,    0,    0,    0,    0,    0,    0,  -12,  -15,   -7,   -8,   -9,  -10,  -10,    9,  -11,    0,    0,  -15,  -15,  -13,  -17,    0,  -13,    0,    0,    0,    0,    0,    0,    0,    0,    0,    0,    0,    0,    0,    0,    0,    0,    0,    0,    0,    0,    0,    0,    0,    0,    0,    0,    0,    0,    0,    0,    0,    0,  -17,    0,  -10,    0,    0,   -9,    0,    0,    0,   -6,    0,    0,  -11,    0,    0,    0,    0,    0,    0,    0,    0,    0,    0,    0,    0,    0,    0,    0,    0,    0,    0,    0,    0,    0,    0,    0,    0,    0,    0,    0,    0,    0,    0,    0,    0,    0,
       0,    0,    0,    0,    0,    0,    0,    0,    0,    0,    0,    0,    0,   -4,   -4,    0,    0,   -4,   -4,    0,    0,    0,    0,   -4,   -4,    0,   -6,    0,    0,    0,    0,    0,    0,    0,    0,    0,    0,    0,    0,    0,    0,    0,    0,    0,    0,    0,    0,    0,    0,    0,    0,    0,    0,    0,    0,    0,    0,    0,    0,    0,    0,    0,    0,    0,    0,    0,    0,    0,    0,    0,    0,   -4,   -4,    0,    0,    0,    0,    0,    0,    0,    0,   -4,   -4,   -4,   -7,    0,   -4,    0,    0,    0,    0,    0,    0,    0,    0,    0,    0,    0,    0,    0,    0,    0,    0,    0,    0,    0,    0,    0,    0,    0,    0,    0,    0,    0,    0,    0,    0,    0,    0,   -8,    0,    0,    0,    0,    0,    0,    0,    0,   -7,    0,    0,    0,    0,    0,    0,    0,    0,    0,    0,    0,    0,    0,    0,    0,    0,    0,    0,    0,    0,    0,    0,    0,    0,    0,    0,    0,    0,    0,    0,    0,    0,    0,    0,    0,    0,
       0,   -9,    0,    0,   -8,   -7,    0,    0,    0,    0,  -10,    0,    0,    0,    0,    0,    0,    0,    0,    0,    0,    0,    0,    0,    0,    0,    0,    0,  -10,    0,    0,    0,    0,    0,    0,    0,    0,    0,    0,    0,    0,    0,    0,    0,    0,   -5,   -4,    0,   -5,    0,    0,   -7,    0,    0,    0,    0,    0,    0,    0,    0,    0,    0,    0,    0,    0,    0,    0,    0,    0,    0,    0,    0,    0,    0,    0,    0,    0,    0,    0,    0,    0,    0,    0,    0,    0,    0,    0,    0,    0,    0,    0,    0,    0,    0,    0,    0,    0,    0,    0,    0,    0,    0,    0,    0,    0,    0,    0,    0,    0,    0,    0,    0,    0,    0,    0,    0,    0,    0,    0,    0,    0,    0,    0,    0,    0,    0,    0,    0,    0,    0,    0,    0,    0,    0,    0,    0,    0,    0,    0,    0,    0,    0,    0,    0,    0,    0,    0,    0,    0,    0,    0,    0,    0,    0,    0,    0,    0,    0,    0,   -8,    0,    0,    0,    0,    0,
       0,  -13,    0,    0,  -10,    0,    0,    0,   -8,    0,  -10,    0,    0,    0,    0,    0,    0,    0,    0,    0,    0,    0,    0,    0,    0,    0,    0,    0,  -11,    0,    0,    0,    0,    0,    0,    0,    0,    0,    0,    0,    0,    0,    0,    0,    0,   -4,   -4,   -6,   -4,   -7,    0,   -7,    0,    0,    0,    0,    0,    0,    0,    0,    0,    0,    0,    0,    0,    0,    0,    0,    0,    0,    0,    0,    0,    0,    0,    0,    0,    0,    0,    0,    0,    0,    0,    0,    0,    0,    0,    0,    0,    0,    0,    0,    0,    0,    0,    0,    0,    0,    0,    0,    0,    0,    0,    0,    0,    0,    0,    0,    0,    0,    0,    0,    0,    0,    0,    0,    0,    0,    0,    0,    0,    0,    0,    0,    0,    0,    0,    0,    0,    0,    0,    0,    0,    0,    0,    0,    0,    0,    0,    0,    0,    0,    0,    0,    0,    0,    0,    0,    0,    0,    0,    0,    0,    0,    0,    0,    0,    0,  -12,  -12,    0,    0,    0,    0,    0,
       0,    0,    0,    0,    0,    0,    4,  -11,    0,    0,    0,    0,    0,    0,    0,    0,    0,    0,    0,    0,    0,    0,    0,    0,    0,    0,    0,    0,  -10,    0,    0,    0,   -4,    0,    0,   -6,    0,    0,    0,    0,   -4,    0,    0,    0,    0,    4,    4,    6,    4,    0,   -7,    0,  -10,    0,    0,    0,    0,    0,    0,    0,    0,    0,    0,    0,    0,    0,    0,    0,    0,    0,    0,    0,    0,    0,    0,    0,    0,    0,    0,    0,    0,    0,    0,    0,    0,    0,    0,    0,    0,    0,    0,    0,    0,    0,    0,    0,    0,    0,    0,    0,    0,    0,    0,    0,    0,    0,    0,    0,    0,    0,    0,    0,    0,    0,    0,    0,    0,    0,    0,    0,    0,    0,    0,    0,    0,    0,    0,    0,    0,    0,    0,    0,    0,    0,    0,    0,    0,    0,    0,    0,    0,    0,    0,    0,    0,    0,    0,    0,    0,    0,    0,    0,    0,    0,    0,    0,    0,    0,    0,    0,    0,    0,    0,    0,    0,
       0,    0,    0,    0,   14,    4,  -18,  -12,  -15,    0,    8,    0,    0,    0,    0,    0,    0,    0,    0,    0,    0,    0,    0,    0,    0,    0,    0,    0,   14,    0,    0,   -4,    0,   -4,    0,   -2,    0,    0,    0,    0,   -4,   -4,    0,    0,    0,    7,    6,    5,    7,    0,    0,   14,   -7,    3,    0,    0,   11,    0,   18,   -6,   22,   19,   22,    0,    0,    0,    0,    0,    0,    0,    0,    0,    0,    0,    0,    0,    0,    0,    0,    0,    0,    0,    0,    0,    0,    0,    0,    0,    0,    0,    0,    0,    0,    0,    0,    0,    0,    0,    0,    0,    0,    0,    0,    0,    0,    0,    0,    0,    0,    0,    0,    0,    0,    0,    0,    0,    0,    0,    0,    0,    0,    0,    0,    0,    0,    0,    0,    0,    0,    0,    0,    0,    0,    0,    0,    0,    0,    0,    0,    0,    0,    0,    0,    0,    0,    0,    0,    0,    0,    0,    0,    0,    0,    0,    0,    0,    0,    0,    0,    7,  -19,    0,    0,    0,    0,
       0,  -13,    0,    0,   -8,   -7,    0,    0,    0,    0,  -10,    0,    0,    0,    0,    0,    0,    0,    0,    0,    0,    0,    0,    0,    0,    0,    0,    0,  -10,    0,    0,    0,    0,    0,    0,    0,    0,    0,    0,    0,    0,    0,    0,    0,    0,   -5,   -4,    0,   -6,    0,    0,   -7,    0,    0,    0,    0,    0,    0,    0,    0,    0,    0,    0,    0,    0,    0,    0,    0,    0,    0,    0,    0,    0,    0,    0,    0,    0,    0,    0,    0,    0,    0,    0,    0,    0,    0,    0,    0,    0,    0,    0,    0,    0,    0,    0,    0,    0,    0,    0,    0,    0,    0,    0,    0,    0,    0,    0,    0,    0,    0,    0,    0,    0,    0,    0,    0,    0,    0,    0,    0,    0,    0,    0,    0,    0,    0,    0,    0,    0,    0,    0,    0,    0,    0,    0,    0,    0,    0,    0,    0,    0,    0,    0,    0,    0,    0,    0,    0,    0,    0,    0,    0,    0,    0,    0,    0,    0,    0,  -11,  -11,    0,    0,    0,    0,    0,
       0,    0,    0,    0,    0,    0,    0,    0,    0,    0,    0,    0,    0,    0,    0,    0,    0,    0,    0,    0,    0,    0,    0,    0,    0,    0,    0,    0,    0,    0,    0,    0,    0,    0,    0,    0,    0,    3,    0,    0,    0,    0,    0,    0,    0,    0,    0,    0,    0,    0,    0,    0,    0,    0,    0,    0,    0,    0,    0,    0,    0,    0,    0,    0,    0,    0,    0,    0,    0,    0,    0,    0,    0,    0,    0,    0,    0,    0,    0,    0,    0,    0,    0,    0,    0,    0,    0,    0,    0,    0,    0,    0,    0,    0,    0,    0,    0,    0,    0,    0,    0,    0,    0,    0,    0,    0,    0,    0,    0,    0,    0,    0,    0,    0,    0,    0,    0,    0,    0,    0,    0,    0,    0,    0,    0,    0,    0,    0,    0,    0,    0,    0,    0,    0,    0,    0,    0,    0,    0,    0,    0,    0,    0,    0,    0,    0,    0,    0,    0,    0,    0,    0,    0,    0,    0,    0,    0,    0,    0,    0,    0,    0,    0,    0,    0,
       0,    0,    0,    0,    0,    0,    0,  -10,    4,    0,    0,   -7,    0,    0,    0,    0,    0,    0,    0,    0,    0,    0,    0,    0,    0,    0,    0,    0,   -9,    0,    0,   -9,   -9,   -9,    0,  -10,    0,    0,    0,    0,  -10,   -9,    0,    0,    0,    0,    0,    7,    0,    0,   -7,    0,  -12,    0,    0,    0,    0,    0,    0,  -10,    0,    0,    0,    0,    0,    0,    0,    0,    0,    0,    0,    0,    0,    0,    0,    0,    0,    0,    0,    0,    0,    0,    0,    0,    0,    0,    0,    0,    0,    0,    0,    0,    0,    0,    0,    0,    0,    0,    0,    0,    0,    0,    0,    0,    0,    0,    0,    0,    0,    0,    0,    0,    0,    0,    0,    0,    0,    0,    0,    0,    0,    0,    0,    0,    0,    0,    0,    0,    0,    0,    0,    0,    0,    0,    0,    0,    0,    0,    0,    0,    0,    0,    0,    0,    0,    0,    0,    0,    0,    0,    0,    0,    0,    0,    0,    0,    0,    0,    0,    0,    0,    0,    0,    0,    0,
       0,  -11,    0,    0,   -9,   -8,    0,    0,    0,    0,  -10,    0,    0,    0,    0,    0,    0,    0,    0,    0,    0,    0,    0,    0,    0,    0,    0,    0,  -11,    0,    0,    0,    0,    0,    0,    0,    0,    0,    0,    0,    0,    0,    0,    0,    0,   -6,   -5,    0,   -6,    0,    0,   -7,    0,    0,    0,    0,    0,    0,    0,    0,    0,    0,    0,    0,    0,    0,    0,    0,    0,    0,    0,    0,    0,    0,    0,    0,    0,    0,    0,    0,    0,    0,    0,    0,    0,    0,    0,    0,    0,    0,    0,    0,    0,    0,    0,    0,    0,    0,    0,    0,    0,    0,    0,    0,    0,    0,    0,    0,    0,    0,    0,    0,    0,    0,    0,    0,    0,    0,    0,    0,    0,    0,    0,    0,    0,    0,    0,    0,    0,    0,    0,    0,    0,    0,    0,    0,    0,    0,    0,    0,    0,    0,    0,    0,    0,    0,    0,    0,    0,    0,    0,    0,    0,    0,    0,    0,    0,    0,   -8,   -9,    0,    0,    0,    0,    0,
       0,  -11,    0,    0,  -10,   -7,    0,    0,   -8,    0,  -11,    0,    0,    0,    0,    0,    0,    0,    0,    0,    0,    0,    0,    0,    0,    0,    0,    0,  -11,    0,    0,    0,    0,    0,    0,    0,    0,    0,    0,    0,    0,    0,    0,    0,    0,   -5,   -4,   -6,   -5,   -7,    0,   -7,    0,    0,    0,    0,    0,    0,    0,    0,    0,    0,    0,    0,    0,    0,    0,    0,    0,    0,    0,    0,    0,    0,    0,    0,    0,    0,    0,    0,    0,    0,    0,    0,    0,    0,    0,    0,    0,    0,    0,    0,    0,    0,    0,    0,    0,    0,    0,    0,    0,    0,    0,    0,    0,    0,    0,    0,    0,    0,    0,    0,    0,    0,    0,    0,    0,    0,    0,    0,    0,    0,    0,    0,    0,    0,    0,    0,    0,    0,    0,    0,    0,    0,    0,    0,    0,    0,    0,    0,    0,    0,    0,    0,    0,    0,    0,    0,    0,    0,    0,    0,    0,    0,    0,    0,    0,    0,   -8,  -10,    0,    0,    0,    0,    0,
       0,  -11,    0,    0,  -10,   -7,    0,    0,   -8,    0,  -10,    0,    0,    0,    0,    0,    0,    0,    0,    0,    0,    0,    0,    0,    0,    0,    0,    0,  -11,    0,    0,    0,    0,    0,    0,    0,    0,    0,    0,    0,    0,    0,    0,    0,    0,   -5,   -4,   -6,   -5,   -6,    0,   -7,    0,    0,    0,    0,    0,    0,    0,    0,    0,    0,    0,    0,    0,    0,    0,    0,    0,    0,    0,    0,    0,    0,    0,    0,    0,    0,    0,    0,    0,    0,    0,    0,    0,    0,    0,    0,    0,    0,    0,    0,    0,    0,    0,    0,    0,    0,    0,    0,    0,    0,    0,    0,    0,    0,    0,    0,    0,    0,    0,    0,    0,    0,    0,    0,    0,    0,    0,    0,    0,    0,    0,    0,    0,    0,    0,    0,    0,    0,    0,    0,    0,    0,    0,    0,    0,    0,    0,    0,    0,    0,    0,    0,    0,    0,    0,    0,    0,    0,    0,    0,    0,    0,    0,    0,    0,    0,   -8,  -10,    0,    0,    0,    0,    0,
       0,    0,    0,    0,    0,    0,    0,    0,    0,    0,    0,    0,    0,    0,    0,    0,    0,    0,    0,    0,    0,    0,    0,    0,    0,    0,    0,    0,    0,    0,    0,    0,    0,    0,    0,    0,    0,   11,    0,    0,    0,    0,    0,    0,    0,    0,    0,    0,    0,    0,    0,    0,    0,    0,    0,    0,    0,    0,    0,    0,    0,    0,    0,    0,    0,    0,    0,    0,    0,    0,    0,    0,    0,    0,    0,    0,    0,    0,    0,    0,    0,    0,    0,    0,    0,    0,    0,    0,    0,    0,    0,    0,    0,    0,    0,    0,    0,    0,    0,    0,    0,    0,    0,    0,    0,    0,    0,    0,    0,    0,    0,    0,    0,    0,    0,    0,    0,    0,    0,    0,    0,    0,    0,    0,    0,    0,    0,    0,    0,    0,    0,    0,    0,    0,    0,    0,    0,    0,    0,    0,    0,    0,    0,    0,    0,    0,    0,    0,    0,    0,    0,    0,    0,    0,    0,    0,    0,    0,    0,    0,    0,    0,    0,    0,    0,
       0,    0,    0,    0,    0,    4,  -20,  -11,  -16,    0,  -15,    0,    0,    0,    0,    0,    0,    0,    0,    0,    0,    0,    0,    0,    0,    0,    0,    0,   -8,    0,    0,    0,    0,    0,    0,    0,    0,    0,    0,    0,    0,   -4,    0,    0,    0,    7,    7,    6,    7,    0,    0,    0,   -7,    0,    0,    0,    0,    0,    0,   -7,    0,    0,    0,    0,    0,    0,    0,    0,    0,    0,    0,    0,    0,    0,    0,    0,    0,    0,    0,    0,    0,    0,    0,    0,    0,    0,    0,    0,    0,    0,    0,    0,    0,    0,    0,    0,    0,    0,    0,    0,    0,    0,    0,    0,    0,    0,    0,    0,    0,    0,    0,    0,    0,    0,    0,    0,    0,    0,    0,    0,    0,    0,    0,    0,    0,    0,    0,    0,    0,    0,    0,    0,    0,    0,    0,    0,    0,    0,    0,    0,    0,    0,    0,    0,    0,    0,    0,    0,    0,    0,    0,    0,    0,    0,    0,    0,    0,    0,    0,    5,  -18,    0,    0,    0,    0,
       0,    0,    0,    0,    0,    0,    4,  -14,    0,    0,    0,    0,    0,    0,    0,    0,    0,    0,    0,    0,    0,    0,    0,    0,    0,    0,    0,    0,  -10,    0,    0,   -4,   -5,   -4,    0,   -4,    0,    0,    0,    0,   -5,   -4,    0,    0,    0,    0,    0,    6,    0,    0,   -7,    0,  -10,    0,    0,    0,    0,    0,    0,   -4,    0,    0,    0,    0,    0,    0,    0,    0,    0,    0,    0,    0,    0,    0,    0,    0,    0,    0,    0,    0,    0,    0,    0,    0,    0,    0,    0,    0,    0,    0,    0,    0,    0,    0,    0,    0,    0,    0,    0,    0,    0,    0,    0,    0,    0,    0,    0,    0,    0,    0,    0,    0,    0,    0,    0,    0,    0,    0,    0,    0,    0,    0,    0,    0,    0,    0,    0,    0,    0,    0,    0,    0,    0,    0,    0,    0,    0,    0,    0,    0,    0,    0,    0,    0,    0,    0,    0,    0,    0,    0,    0,    0,    0,    0,    0,    0,    0,    0,    0,    0,    0,    0,    0,    0,    0,
       0,    0,    0,    0,    0,    3,  -12,    0,  -11,    0,  -14,    0,    0,    0,    0,    0,    0,    0,    0,    0,    0,    0,    0,    0,    0,    0,    0,    0,   -9,    0,    0,   -5,   -5,   -5,    0,   -4,    0,    0,    0,    0,   -5,   -5,    0,    0,    0,    6,    6,    5,    6,    0,    0,    0,    0,    0,    0,    0,    0,    0,    0,   -6,    0,    0,    0,    0,    0,    0,    0,    0,    0,    0,    0,    0,    0,    0,    0,    0,    0,    0,    0,    0,    0,    0,    0,    0,    0,    0,    0,    0,    0,    0,    0,    0,    0,    0,    0,    0,    0,    0,    0,    0,    0,    0,    0,    0,    0,    0,    0,    0,    0,    0,    0,    0,    0,    0,    0,    0,    0,    0,    0,    0,    0,    0,    0,    0,    0,    0,    0,    0,    0,    0,    0,    0,    0,    0,    0,    0,    0,    0,    0,    0,    0,    0,    0,    0,    0,    0,    0,    0,    0,    0,    0,    0,    0,    0,    0,    0,    0,    0,    0,    4,  -13,    0,    0,    0,    0,
       0,    0,    0,    0,    0,    3,  -11,    0,  -10,    0,  -12,    0,    0,    0,    0,    0,    0,    0,    0,    0,    0,    0,    0,    0,    0,    0,    0,    0,   -9,    0,    0,   -4,    0,    0,    0,    0,    0,    0,    0,    0,   -4,    0,    0,    0,    0,    6,    6,    5,    6,    0,    0,    0,    0,    0,    0,    0,    0,    0,    0,   -5,    0,    0,    0,    0,    0,    0,    0,    0,    0,    0,    0,    0,    0,    0,    0,    0,    0,    0,    0,    0,    0,    0,    0,    0,    0,    0,    0,    0,    0,    0,    0,    0,    0,    0,    0,    0,    0,    0,    0,    0,    0,    0,    0,    0,    0,    0,    0,    0,    0,    0,    0,    0,    0,    0,    0,    0,    0,    0,    0,    0,    0,    0,    0,    0,    0,    0,    0,    0,    0,    0,    0,    0,    0,    0,    0,    0,    0,    0,    0,    0,    0,    0,    0,    0,    0,    0,    0,    0,    0,    0,    0,    0,    0,    0,    0,    0,    0,    0,    0,    4,  -11,    0,    0,    0,    0,
       0,    0,    0,    0,    0,    0,    0,    0,    0,    0,    0,    0,    0,    0,    0,    0,    0,    0,    0,    0,    0,    0,    0,    0,    0,    0,    0,    0,  -10,    0,    0,   -7,   -7,   -7,    0,   -7,    0,    0,    0,    0,   -7,   -7,    0,    0,    0,    0,    0,    6,    0,    0,   -7,    0,  -10,    0,    0,    0,    0,    0,    0,   -8,    0,    0,    0,    0,    0,    0,    0,    0,    0,    0,    0,    0,    0,    0,    0,    0,    0,    0,    0,    0,    0,    0,    0,    0,    0,    0,    0,    0,    0,    0,    0,    0,    0,    0,    0,    0,    0,    0,    0,    0,    0,    0,    0,    0,    0,    0,    0,    0,    0,    0,    0,    0,    0,    0,    0,    0,    0,    0,    0,    0,    0,    0,    0,    0,    0,    0,    0,    0,    0,    0,    0,    0,    0,    0,    0,    0,    0,    0,    0,    0,    0,    0,    0,    0,    0,    0,    0,    0,    0,    0,    0,    0,    0,    0,    0,    0,    0,    0,    0,    0,    0,    0,    0,    0,    0,
       0,    0,    0,    0,    0,    0,    0,    0,    0,    0,    0,    0,    0,    0,    0,    0,    0,    0,    0,    0,    0,    0,    0,    0,    0,    0,    0,    0,  -12,    0,    0,   -7,   -7,   -7,   -4,   -8,    0,    0,    0,    0,   -7,   -6,    0,   -4,   -4,    0,    0,    0,    0,    0,  -10,   -7,  -12,    0,    0,    0,    0,    0,    0,   -6,    0,    0,    0,    0,    0,    0,    0,    0,    0,    0,    0,    0,    0,    0,    0,    0,    0,    0,    0,    0,    0,    0,    0,    0,    0,    0,    0,    0,    0,    0,    0,    0,    0,    0,    0,    0,    0,    0,    0,    0,    0,    0,    0,    0,    0,    0,    0,    0,    0,    0,    0,    0,    0,    0,    0,    0,    0,    0,    0,    0,    0,    0,    0,    0,    0,    0,    0,    0,    0,    0,    0,    0,    0,    0,    0,    0,    0,    0,    0,    0,    0,    0,    0,    0,    0,    0,    0,    0,    0,    0,    0,    0,    0,    0,    0,    0,    0,    0,    0,    0,    0,    0,    0,    0,    0,
       0,    0,    0,    0,    0,    0,    0,    0,    0,    0,    0,    0,   -4,   -9,  -11,   -4,    0,  -11,  -11,   -7,    0,   -8,    0,    0,    0,    0,   -6,    0,    0,    0,    0,    0,    0,    0,    0,    0,    0,    0,    0,    0,    0,    0,    0,    0,    0,    0,    0,    0,    5,    0,    0,   24,    0,    0,   -4,    0,    0,    0,    0,    0,    0,    0,    0,    0,    0,    0,    0,    0,    0,    0,    0,   -9,   -6,    0,    0,    0,   -4,   10,    0,    0,    0,  -11,  -11,    0,   -4,    0,   -7,    0,    0,    0,    0,    0,    0,    0,    0,    0,    0,    0,    0,    0,    0,    5,    0,    0,    0,    0,    0,    0,    0,    0,    0,    0,    0,    0,    0,    0,    0,    0,    0,  -12,    0,    0,    0,    0,   -4,    0,    0,    0,   -5,    0,    0,   -4,    0,    0,    0,    0,    0,    0,    0,    0,    0,    0,    0,    0,    0,    0,    0,    0,    0,    0,    0,    0,    0,    0,    0,    0,    0,    0,    0,    0,    0,    0,    0,    0,    0,
       0,    0,    0,    0,    0,    0,    0,    0,    0,    0,    0,    0,   -7,    0,    0,   -7,    0,    0,    0,   -6,   -9,   -4,   -9,   -7,  -10,   -8,  -12,    0,    0,    0,    0,    0,    0,    0,    0,    0,    0,    0,    0,    0,    0,    0,    0,    0,    0,    0,    0,    0,    0,    0,    0,    0,    0,    0,   -7,    0,    0,    0,    0,    0,    0,    0,    0,    0,    0,    0,    0,    0,    0,    0,   -9,    0,   -7,   -6,   -6,   -8,   -7,   -7,   -8,   -9,    0,    0,    0,  -10,    0,   -8,   -6,    0,    0,    0,    0,    0,    0,    0,    0,    0,    0,    0,    0,    0,    0,    0,    0,    0,    0,    0,    0,    0,    0,    0,    0,    0,    0,    0,    0,    0,    0,    0,    0,    0,    0,   -8,    0,    0,    0,    0,    0,    0,    0,    0,    0,   -8,    0,    0,    0,    0,    0,    0,    0,    0,    0,    0,    0,    0,    0,    0,    0,    0,    0,    0,    0,    0,    0,    0,    0,    0,    0,    0,    0,    0,    0,    0,    0,    0,    0,
       0,    0,    0,    0,    0,    0,    0,    0,    0,    0,    0,    0,    0,    0,    0,    0,    0,    0,    0,    0,  -30,   -4,  -10,   -7,    0,  -17,   -4,    0,    0,    0,    0,    0,    0,    0,    0,    0,    0,    0,    0,    0,    0,    0,    0,    0,    0,    0,    0,    0,    0,    0,    0,    0,    0,    0,    0,    0,    0,    0,    0,    0,    0,    0,    0,    0,    0,    0,    0,    0,    0,    0,    0,    0,    0,    0,    0,    0,    0,    0,    0,    0,    0,    0,    0,    0,    0,    0,    0,    0,    0,    0,    0,    0,    0,    0,    0,    0,    0,    0,    0,    0,    0,    0,    0,    0,    0,    0,    0,    0,    0,    0,    0,    0,    0,    0,    0,    0,    0,    0,    0,    0,    0,    0,    0,    0,    0,    0,    0,    0,    0,    0,    0,    0,    0,    0,    0,    0,    0,    0,    0,    0,    0,    0,    0,    0,    0,    0,    0,    0,    0,    0,    0,    0,    0,    0,    0,    0,    0,    0,    0,    0,    0,    0,    0,    0,    0,
       0,    0,    0,    0,    0,    0,    0,    0,    0,    0,    0,    0,    0,    0,    0,    0,    0,    0,    0,    0,  -28,    0,   -4,    0,    0,  -12,    0,    0,    0,    0,    0,    0,    0,    0,    0,    0,    0,    0,    0,    0,    0,    0,    0,    0,    0,    0,    0,    0,    0,    0,    0,    0,    0,    0,    0,    0,    0,    0,    0,    0,    0,    0,    0,    0,    0,    0,    0,    0,    0,    0,  -28,    0,    0,    0,    0,    0,    0,    0,    0,    0,    0,    0,    0,    0,    0,    0,    0,    0,    0,    0,    0,    0,    0,    0,    0,    0,    0,    0,    0,    0,    0,    0,    0,    0,    0,    0,    0,    0,    0,    0,    0,    0,    0,    0,    0,    0,    0,    0,    0,    0,    0,  -12,    0,    0,    0,    0,    0,    0,    0,    0,    0,    0,    0,    0,    0,    0,    0,    0,    0,    0,    0,    0,    0,    0,    0,    0,    0,    0,    0,    0,    0,    0,    0,    0,    0,    0,    0,    0,    0,    0,    0,    0,    0,    0,    0,
       0,    0,    0,    0,    0,    0,    0,    0,    0,    0,    0,    0,   -7,    0,    0,  -15,    0,    0,    0,   -7,  -31,    0,  -16,   -7,  -18,  -28,  -15,    0,    0,    0,    0,    0,    0,    0,    0,    0,    0,    0,    0,    0,    0,    0,    0,    0,    0,    0,    0,    0,    0,    0,    0,    0,    0,    0,  -16,    0,    0,    0,    0,    0,    0,    0,    0,    0,    0,    0,    0,    0,    0,    0,  -31,    0,   -9,  -13,  -12,  -19,   -7,  -12,  -21,  -14,    0,    0,    0,  -18,   -6,  -14,   -8,    0,    0,    0,    0,    0,    0,    0,    0,    0,    0,    0,    0,    0,    0,    0,    0,    0,    0,    0,    0,    0,    0,    0,    0,    0,    0,    0,    0,    0,    0,    0,    0,    0,    0,  -28,    0,    0,   -4,    0,    0,    0,    0,    0,    0,  -14,    0,    0,    0,    0,    0,    0,    0,    0,    0,    0,    0,    0,    0,    0,    0,    0,    0,    0,    0,    0,    0,    0,    0,    0,    0,    0,    0,    0,    0,    0,    0,    0,    0,
       0,    0,    0,    0,    0,    0,    0,    0,    0,    0,    0,    0,  -16,  -13,  -13,  -22,    0,  -13,  -13,  -11,  -40,  -16,  -17,  -14,  -25,  -24,  -24,    0,    0,    0,    0,    0,    0,    0,    0,    0,    0,    0,    0,    0,    0,    0,    0,    0,    0,    0,    0,    0,    0,    0,    0,    0,    0,    0,  -25,    0,    0,    0,    0,    0,    0,    0,    0,    0,    0,    0,    0,    0,    0,    0,    0,    0,    0,    0,    0,    0,    0,    0,    0,    0,    0,    0,    0,    0,    0,    0,    0,    0,    0,    0,    0,    0,    0,    0,    0,    0,    0,    0,    0,    0,    0,    0,    0,    0,    0,    0,    0,    0,    0,    0,    0,    0,    0,    0,    0,    0,    0,    0,    0,    0,    0,    0,    0,    0,    0,    0,    0,    0,    0,    0,    0,    0,    0,    0,    0,    0,    0,    0,    0,    0,    0,    0,    0,    0,    0,    0,    0,    0,    0,    0,    0,    0,    0,    0,    0,    0,    0,    0,    0,    0,    0,    0,    0,    0,    0,
      -5,  -12,    0,    0,  -14,    0,  -22,    0,  -14,    0,  -12,    0,  -10,    0,    0,  -20,    0,    0,    0,    0,  -16,    0,   -7,    0,  -17,  -16,  -17,   -6,  -15,   -5,    0,    0,    0,    0,    0,    0,    0,    0,    0,    0,    0,    0,    0,    0,    0,    0,    0,    0,    0,    0,    0,  -10,    0,    0,  -18,    0,    0,    0,    0,    0,    0,    0,    0,    0,    0,    0,  -14,    0,   -8,    0,    0,    0,    0,    0,    0,    0,    0,    0,    0,    0,    0,    0,    0,    0,    0,    0,    0,    0,    0,    0,    0,    0,    0,    0,    0,    0,    0,    0,    0,    0,    0,    0,    0,    0,    0,    0,    0,    0,    0,    0,    0,    0,    0,    0,    0,    0,    0,    0,    0,    0,    0,    0,    0,    0,    0,    0,    0,    0,    0,    0,    0,    0,    0,    0,    0,    0,    0,    0,    0,    0,    0,    0,    0,    0,    0,    0,    0,    0,    0,    0,    0,    0,    0,    0,    0,    0,    0,    0,   -9,   -6,  -20,    0,    0,    0,    0,
       0,  -14,    0,    0,  -10,  -12,    0,    0,    0,    0,   -7,    0,    0,    0,    0,    0,    0,    0,    0,    0,    0,    0,    0,    0,    0,    0,    0,    0,   -7,    0,    0,    0,    0,    0,    0,    0,    0,    0,    0,    0,    0,    0,    0,    0,    0,  -10,   -9,    0,  -10,    0,    0,   -7,    0,    0,    0,    0,    0,    0,    0,    0,    0,    0,    0,    0,    0,    0,    0,  -12,    0,   -7,    0,    0,    0,    0,    0,    0,    0,    0,    0,    0,    0,    0,    0,    0,    0,    0,    0,    0,    0,    0,    0,    0,    0,    0,    0,    0,    0,    0,    0,    0,    0,    0,    0,    0,    0,    0,    0,    0,    0,    0,    0,    0,    0,    0,    0,    0,    0,    0,    0,    0,    0,    0,    0,    0,    0,    0,    0,    0,    0,    0,    0,    0,    0,    0,    0,    0,    0,    0,    0,    0,    0,    0,    0,    0,    0,    0,    0,    0,    0,    0,    0,    0,    0,    0,    0,    0,    0,    0,  -11,  -11,    0,    0,    0,    0,    0,
       0,    0,    0,    0,    0,    0,   -5,    0,   -7,    0,    5,    0,    0,    0,    0,    0,    0,    0,    0,    0,    0,    0,    0,    0,    0,    0,    0,    0,    4,    0,    0,    0,    0,    0,    0,    0,    0,    0,    0,    0,    0,    0,    0,    0,    0,    0,    0,    0,    0,    0,    0,    4,    0,    0,    0,    0,    0,    0,    0,    0,    0,    0,    0,    0,    0,    0,    0,    0,    0,    0,    0,    0,    0,    0,    0,    0,    0,    0,    0,    0,    0,    0,    0,    0,    0,    0,    0,    0,    0,    0,    0,    0,    0,    0,    0,    0,    0,    0,    0,    0,    0,    0,    0,    0,    0,    0,    0,    0,    0,    0,    0,    0,    0,    0,    0,    0,    0,    0,    0,    0,    0,    0,    0,    0,    0,    0,    0,    0,    0,    0,    0,    0,    0,    0,    0,    0,    0,    0,    0,    0,    0,    0,    0,    0,    0,    0,    0,    0,    0,    0,    0,    0,    0,    0,    0,    0,    0,    0,    0,    0,    0,    0,    0,    0,    0,
       0,  -14,    0,    0,  -10,   -7,    0,    0,   -8,    0,  -10,    0,    0,    0,    0,    0,    0,    0,    0,    0,    0,    0,    0,    0,    0,    0,    0,    0,  -11,    0,    0,    0,    0,    0,    0,    0,    0,    0,    0,    0,    0,    0,    0,    0,    0,   -5,   -4,   -6,   -5,   -6,    0,   -7,    0,    0,    0,    0,    0,    0,    0,    0,    0,    0,    0,    0,    0,    0,    0,    0,    0,    0,    0,    0,    0,    0,    0,    0,    0,    0,    0,    0,    0,    0,    0,    0,    0,    0,    0,    0,    0,    0,    0,    0,    0,    0,    0,    0,    0,    0,    0,    0,    0,    0,    0,    0,    0,    0,    0,    0,    0,    0,    0,    0,    0,    0,    0,    0,    0,    0,    0,    0,    0,    0,    0,    0,    0,    0,    0,    0,    0,    0,    0,    0,    0,    0,    0,    0,    0,    0,    0,    0,    0,    0,    0,    0,    0,    0,    0,    0,    0,    0,    0,    0,    0,    0,    0,    0,    0,    0,  -13,  -13,    0,    0,    0,    0,    0,
       0,    0,    0,    0,    0,    0,    0,    0,    0,    0,    0,    0,    0,    0,    0,    0,    0,    0,    0,    0,    0,    0,    0,    0,    0,    0,    0,    0,    0,    0,   23,    0,    0,    0,   12,    0,   22,   22,   22,    0,    0,    0,    0,   16,    0,   22,   22,   22,   22,   16,    0,    0,    0,    0,    0,    0,   22,   22,   22,    0,   22,   22,   22,    0,    0,    0,    0,    0,    0,    0,    0,    0,    0,    0,    0,    0,    0,    0,    0,    0,    0,    0,    0,    0,    0,    0,    0,    0,    0,    0,    0,    0,    0,    0,    0,    0,    0,    0,    0,    0,    0,    0,    0,    0,    0,    0,    0,    0,    0,    0,    0,    0,    0,    0,    0,    0,    0,    0,    0,    0,    0,    0,    0,    0,    0,    0,    0,    0,    0,    0,    0,    0,    0,    0,    0,    0,    0,    0,    0,    0,    0,    0,    0,    0,    0,    0,    0,    0,    0,    0,    0,    0,    0,    0,    0,    0,    0,    0,    0,    0,    0,    0,    0,    0,    0,
       0,    0,    0,    0,    0,    0,    0,    0,    0,    0,    0,    0,    0,    0,    0,    0,    0,    0,    0,    0,    0,    0,    0,    0,    0,    0,    0,    0,    0,    0,    0,    0,    0,    0,    0,    0,    0,    7,    0,    0,    0,    0,    0,    0,    0,    0,    0,    0,    0,   -4,    0,    0,    0,    0,    0,    0,    0,    0,    0,    0,    0,    0,    0,    0,    0,    0,    0,    0,    0,    0,    0,    0,    0,    0,    0,    0,    0,    0,    0,    0,    0,    0,    0,    0,    0,    0,    0,    0,    0,    0,    0,    0,    0,    0,    0,    0,    0,    0,    0,    0,    0,    0,    0,    0,    0,    0,    0,    0,    0,    0,    0,    0,    0,    0,    0,    0,    0,    0,    0,    0,    0,    0,    0,    0,    0,    0,    0,    0,    0,    0,    0,    0,    0,    0,    0,    0,    0,    0,    0,    0,    0,    0,    0,    0,    0,    0,    0,    0,    0,    0,    0,    0,    0,    0,    0,    0,    0,    0,    0,    0,    0,    0,    0,    0,    0,
       0,  -15,    0,    0,    0,   -7,    0,    0,    0,    0,   -8,    0,    0,    0,    0,    0,    0,    0,    0,    0,    0,    0,    0,    0,    0,    0,    0,    0,    0,    0,    0,    0,    0,    0,    0,    0,    0,    0,    0,    0,    0,    0,    0,    0,    0,   -5,   -4,    0,    0,    0,    0,    0,    0,    0,    0,    0,    0,    0,    0,    0,    0,    0,    0,    0,    0,    0,    0,    0,    0,    0,    0,    0,    0,    0,    0,    0,    0,    0,    0,    0,    0,    0,    0,    0,    0,    0,    0,    0,    0,    0,    0,    0,    0,    0,    0,    0,    0,    0,    0,    0,    0,    0,    0,    0,    0,    0,    0,    0,    0,    0,    0,    0,    0,    0,    0,    0,    0,    0,    0,    0,    0,    0,    0,    0,    0,    0,    0,    0,    0,    0,    0,    0,    0,    0,    0,    0,    0,    0,    0,    0,    0,    0,    0,    0,    0,    0,    0,    0,    0,    0,    0,    0,    0,    0,    0,    0,    0,    0,  -12,  -12,    0,    0,    0,    0,    0,
       0,    0,    0,    0,    0,    0,    0,    0,    0,    0,    0,    0,    0,    0,    0,    0,    0,    0,    0,    0,    0,    0,    0,    0,    0,    0,    0,    0,    0,    0,    0,    0,    0,    0,    0,    0,    0,   -5,    0,    0,    0,    0,    0,    0,    0,   -8,   -7,   -5,   -8,    0,    0,    0,    0,    0,    0,    0,    0,    0,    0,    0,    0,    0,    0,    0,    0,    0,    0,  -11,    0,   -8,    0,    0,    0,    0,    0,    0,    0,    0,    0,    0,    0,    0,    0,    0,    0,    0,    0,    0,    0,    0,    0,    0,    0,    0,    0,    0,    0,    0,    0,    0,    0,    0,    0,    0,    0,    0,    0,    0,    0,    0,    0,    0,    0,    0,    0,    0,    0,    0,    0,    0,    0,    0,    0,    0,    0,    0,    0,    0,    0,    0,    0,    0,    0,    0,    0,    0,    0,    0,    0,    0,    0,    0,    0,    0,    0,    0,    0,    0,    0,    0,    0,    0,    0,    0,    0,    0,    0,    0,    0,    0,    0,    0,    0,    0,    0,
       0,    0,    0,    0,    0,    0,    0,    0,    0,    0,    0,    0,  -12,    0,    0,  -22,    0,    0,    0,    0,    0,    0,    0,    0,  -11,   -5,   -6,    0,    0,   -8,   -4,    0,    0,    0,   -4,    0,   -4,   -4,    0,   -4,    0,    0,    0,    0,    0,    0,    0,    0,    0,    0,    0,    0,    0,    0,  -21,   -4,   -4,   -4,   -4,    0,   -4,   -4,   -4,   -4,    0,    0,   -6,    0,    0,    0,    0,    0,    0,    0,    0,    0,    0,    0,    0,    0,    0,    0,    0,    0,    0,    0,    0,    0,    0,    0,    0,    0,    0,    0,    0,    0,    0,    0,    0,    0,    0,    0,    0,    0,    0,    0,    0,    0,    0,    0,    0,    0,    0,    0,    0,    0,    0,    0,    0,    0,    0,    0,    0,    0,    0,    0,    0,    0,    0,    0,    0,    0,    0,    0,    0,    0,    0,    0,    0,    0,    0,    0,    0,    0,    0,    0,    0,    0,    0,    0,    0,    0,    0,    0,    0,    0,    0,    0,    0,    0,    0,    0,    0,    0,    0,
       0,    0,    0,    0,    0,    0,    0,    0,    0,    0,    0,    0,    0,    0,    0,    0,    0,    0,    0,    0,    0,    0,   -6,    0,    0,   -7,    0,    0,    0,    0,    0,    0,    0,    0,    0,    0,    0,    0,    0,    0,    0,    0,    0,    0,    0,    0,    0,    0,    0,    0,    0,    0,    0,    0,    0,    0,    0,    0,    0,    0,    0,    0,    0,   -4,    0,    0,    0,    0,   -5,    0,    0,    0,    0,    0,    0,    0,    0,    0,    0,    0,    0,    0,    0,    0,    0,    0,    0,    0,    0,    0,    0,    0,    0,    0,    0,    0,    0,    0,    0,    0,    0,    0,    0,    0,    0,    0,    0,    0,    0,    0,    0,    0,    0,    0,    0,    0,    0,    0,    0,    0,    0,    0,    0,    0,    0,    0,    0,    0,    0,    0,    0,    0,    0,    0,    0,    0,    0,    0,    0,    0,    0,    0,    0,    0,    0,    0,    0,    0,    0,    0,    0,    0,    0,    0,    0,    0,    0,    0,    0,    0,    0,    0,    0,    0,    0,
       0,   -6,    0,   -7,    0,   -4,    4,    0,    0,    0,    0,   -6,    0,    0,    0,    0,    0,    0,    0,    0,    0,    0,    0,    0,    0,    0,    0,   -6,  -15,    0,    0,    0,    0,    0,    0,    0,    0,    0,    0,    0,    0,    0,    0,    0,    0,    0,    0,    0,    0,    0,   -7,   -8,   -8,    0,    0,    0,    0,    0,    0,    0,    0,    0,    0,    0,    0,    0,    0,    0,    0,    0,    0,  -10,    0,    6,    0,    0,    6,    0,    0,    0,    0,  -10,  -10,    0,    0,    0,    0,    0,   -6,    0,    0,    0,   -6,    0,    0,    0,    0,   -6,    0,   -6,   -6,   -9,   -6,    3,   -6,    0,   -6,    0,    0,    0,    0,    0,    0,    0,    0,    0,   -6,    0,    0,   -8,   -4,    0,   -9,    0,    0,    0,    0,    0,   -7,    0,    0,    0,   -6,    0,    0,    0,    0,    0,    0,    0,    0,    0,    0,    0,    0,    0,    0,    0,    0,    0,    0,    0,    0,    0,    0,    0,    0,    0,   -4,    0,    0,    0,    0,    0,    0,
      -4,  -13,    0,    0,   -6,  -11,   -4,    5,   -5,   -4,   -4,    0,    0,    0,    0,    0,    0,    0,    0,    0,    0,    0,    0,    0,    0,    0,    0,   -6,  -14,    0,    0,    0,    0,    0,    0,    0,    0,    0,    0,    0,    0,    0,    0,    0,    0,    0,    0,    0,    0,    0,    0,   -9,    0,    0,    0,    0,    0,    0,    0,    0,    0,    0,    0,    0,    0,    0,    0,    0,    0,    0,    0,    0,    0,    0,    0,   -4,    0,    0,   -7,    0,    0,    0,    0,   -6,   -8,    0,   -7,    0,    0,    0,    0,    0,    0,   -6,   -4,    0,    0,    0,    0,    0,  -12,   -5,    0,   -5,    0,    0,  -12,    0,    0,    0,    0,    0,    0,    0,    0,    0,  -12,    0,   -4,    0,    0,    0,   -5,    0,   -6,    0,    0,    0,    0,    0,   -4,    0,  -10,   -4,    0,    0,    0,    0,    0,    0,    0,    0,    0,    0,    0,    0,    0,    0,    0,    0,    0,    0,    0,    0,    0,    0,    0,    0,    0,    0,    0,    0,    0,    0,    0,
       0,    0,    0,  -10,    4,    0,  -30,  -18,  -31,  -30,    8,  -18,    0,    0,    0,    0,    0,    0,    0,    0,    0,    0,    0,    0,    0,    0,    0,    0,   -3,    0,    0,    0,    0,    0,    0,    0,    0,    0,    0,    0,    0,    0,    0,    0,    0,    0,    0,    0,    0,    0,   -8,    0,  -30,  -27,    0,    0,    0,    0,    0,    0,    0,    0,    0,    0,    0,    0,    0,    0,    0,    0,    8,  -10,    0,  -40,  -23,    7,  -25,  -23,    0,    0,    0,  -10,  -10,    5,    0,    6,    0,  -35,    0,  -32,  -33,  -41,  -41,  -26,  -29,  -40,  -37,  -41,  -33,  -41,  -22,  -22,  -28,  -24,  -27,  -33,  -22,  -28,  -40,   10,  -41,  -37,    0,   15,    0,   10,    0,    0,  -26,  -10,  -43,    0,  -22,    0,    0,  -33,    0,  -35,    0,  -35,  -47,    0,  -23,  -40,    0,    0,    0,    0,    0,    0,    0,    0,    0,    0,    0,    0,    0,    0,    0,    0,    0,    0,    0,    0,    0,    0,    0,    0,    0,    0,  -24,    0,    0,    0,    0,
       0,    0,    0,   -8,    0,    0,    8,  -11,    0,    0,    5,   -6,    0,    0,    0,    0,    0,    0,    0,    0,    0,    0,    0,    0,    0,    0,    0,   -4,    0,    0,    0,    0,    0,    0,    0,    0,    0,    0,    0,    0,    0,    0,    0,    0,    0,    0,    0,    0,    0,    0,  -10,    0,  -16,    0,    0,    0,    0,    0,    0,    0,    0,    0,    0,    0,    0,    0,    0,    0,    0,    0,    6,   -7,    0,    7,    6,    0,    8,    6,    0,    0,    0,   -7,   -7,    4,    0,    0,    0,    0,   -6,    0,    0,    6,   -5,    6,    0,    7,    0,   -5,    0,   -5,  -12,   -6,   -5,    5,  -17,    0,  -12,    0,    0,    7,    0,    0,    0,    0,    0,    7,    0,    0,    0,  -11,   -4,    6,   -6,    0,    0,  -18,    0,    0,   -4,    0,    0,    0,  -12,    0,    0,    0,    0,    0,    0,    0,    0,    0,    0,    0,    0,    0,    0,    0,    0,    0,    0,    0,    0,    0,    0,    0,    0,    0,    0,    4,    6,    0,    0,    0,    0,
       0,   -4,    0,    0,    0,   -6,    0,    0,    0,    0,    0,    0,    0,    0,    0,    0,    0,    0,    0,    0,    0,    0,    0,    0,    0,    0,    0,    0,    0,    0,    0,    0,    0,    0,    0,    0,    0,    0,    0,    0,    0,    0,    0,    0,    0,    0,    0,    0,    0,    0,    0,    0,    0,    0,    0,    0,    0,    0,    0,    0,    0,    0,    0,    0,    0,    0,    0,    0,    0,    0,    0,    0,    0,    0,    0,    0,    0,    0,    0,    0,    0,    0,    0,    0,    0,    0,    0,    0,    0,    0,    0,    0,    0,    0,    0,    0,    0,    0,    0,    0,  -16,   -6,    0,    0,    0,    0,  -12,    0,    0,    0,    0,    0,    0,    0,    0,    0,   -8,    0,    0,    0,    0,    0,   -5,    0,    0,    0,    0,    0,    0,    0,    0,    0,   -7,    0,    0,    0,    0,    0,    0,    0,    0,    0,    0,    0,    0,    0,    0,    0,    0,    0,    0,    0,    0,    0,    0,    0,    0,    0,    0,    0,    0,    0,    0,    0,    0,
      -5,  -26,    0,   -7,   -8,  -13,    0,    0,    0,    0,  -11,   -4,    0,    0,    0,    0,    0,    0,    0,    0,    0,    0,    0,    0,    0,    0,    0,   -7,  -18,    0,    0,    0,    0,    0,    0,    0,    0,    0,    0,    0,    0,    0,    0,    0,    0,    0,    0,    0,    0,    0,    0,  -13,    0,    0,    0,    0,    0,    0,    0,    0,    0,    0,    0,    0,    0,    0,    0,    0,    0,    0,  -18,   -4,    0,    0,    0,    0,    0,    0,    0,    0,    0,   -4,   -5,    0,  -11,    0,    0,    0,   -4,    0,    0,    0,    0,    0,    0,    0,    0,    0,    0,    0,  -13,   -8,    0,    0,    0,    0,  -12,    0,    0,   -6,    0,    0,   -7,   -7,   -7,   -6,  -13,    0,   -4,   -4,    0,    0,   -7,   -4,   -7,    0,    0,    0,   -4,    0,    0,    0,  -14,    0,    0,    0,    0,    0,    0,    0,    0,    0,    0,    0,    0,    0,    0,    0,    0,    0,    0,    0,    0,    0,    0,    0,    0,    0,    0,    0,    0,    0,    0,    0,    0,
       0,    0,    0,   -6,    0,  -12,    6,  -17,    6,    0,    4,   -7,    0,    0,    0,    0,    0,    0,    0,    0,    0,    0,    0,    0,    0,    0,    0,    0,   -9,    0,    0,    0,    0,    0,    0,    0,    0,    0,    0,    0,    0,    0,    0,    0,    0,    0,    0,    0,    0,    0,   -7,    0,  -22,    0,    0,    0,    0,    0,    0,    0,    0,    0,    0,    0,    0,    0,    0,    0,    0,    0,    6,  -12,    0,    9,    9,    0,   12,   10,    8,    5,    0,  -12,  -12,    9,    0,    7,    6,    0,   -9,    0,    0,   10,   -9,   10,    0,    9,    0,   -9,    0,   -9,  -14,  -17,  -11,   10,  -22,    0,   -8,    7,    7,    7,   -7,    5,    0,    0,    0,    7,   -8,    0,    0,  -15,   -9,    0,  -17,    0,  -14,  -21,    0,    0,   -7,   -7,    0,    6,  -18,    0,    0,    0,    0,    0,    0,    0,    0,    0,    0,    0,    0,    0,    0,    0,    0,    0,    0,    0,    0,    0,    0,    0,    0,    0,    0,    0,    5,    0,    0,    0,    0,
       0,    5,    0,  -12,    6,    0,  -27,   -4,  -24,   -7,    8,  -14,    0,    0,    0,    0,    0,    0,    0,    0,    0,    0,    0,    0,    0,    0,    0,    0,  -10,    0,    0,    0,    0,    0,    0,    0,    0,    0,    0,    0,    0,    0,    0,    0,    0,    0,    0,    0,    0,    0,   -8,    0,  -15,   -4,    0,    0,    0,    0,    0,    0,    0,    0,    0,    0,    0,    0,    0,    0,    0,    0,   10,   -6,    0,  -29,  -22,    8,  -22,  -22,    5,    0,    0,   -6,   -6,    7,    0,    7,    0,   -9,   -6,   -6,   -7,  -22,  -14,    0,    0,  -22,  -11,  -14,   -7,  -14,    0,    0,  -14,    0,    0,   -7,    0,   -3,  -11,   11,  -14,   -7,    0,   14,    0,   11,    0,    0,    0,   -7,  -14,    0,    0,    0,    0,    0,  -37,   -9,    0,   -8,    0,    0,    0,    0,    0,    0,    0,    0,    0,    0,    0,    0,    0,    0,    0,    0,    0,    0,    0,    0,    0,    0,    0,    0,    0,    0,    0,    0,    7,    8,  -26,    0,    0,    0,    0,
       0,  -28,    0,   -7,    0,  -22,    9,    0,    6,    0,    0,   -5,    0,    0,    0,    0,    0,    0,    0,    0,    0,    0,    0,    0,    0,    0,    0,    0,  -10,    0,    0,    0,    0,    0,    0,    0,    0,    0,    0,    0,    0,    0,    0,    0,    0,    0,    0,    0,    0,    0,   -7,   -4,   -7,    0,    0,    0,    0,    0,    0,    0,    0,    0,    0,    0,    0,    0,    0,    0,    0,    0,  -23,   -7,    5,    9,    8,    0,   12,    9,    8,    6,    0,   -7,   -7,    9,  -18,    7,    6,    0,   -5,    0,    0,    9,   -6,   10,    0,    8,    0,   -6,    0,   -6,  -14,   -5,   -4,    9,  -10,    0,   -8,    6,    7,    0,    0,    5,    0,    0,    0,    0,   -8,    0,    0,   -8,   -6,  -28,   -7,    0,  -13,   -6,    0,    0,   -6,   -6,    0,    7,  -12,    0,    0,    0,    0,    0,    0,    0,    0,    0,    0,    0,    0,    0,    0,    0,    0,    0,    0,    0,    0,    0,    0,    0,    0,    0,  -25,  -24,    9,    0,    0,    0,    0,
       0,   -4,    0,   -4,   -9,   -4,   -4,    0,   -7,   -4,   -7,    0,    0,    0,    0,    0,    0,    0,    0,    0,    0,    0,    0,    0,    0,    0,    0,   -4,  -12,    0,    0,    0,    0,    0,    0,    0,    0,    0,    0,    0,    0,    0,    0,    0,    0,    0,    0,    0,    0,    0,    0,   -8,    0,    0,    0,    0,    0,    0,    0,    0,    0,    0,    0,    0,    0,    0,    0,    0,    0,    0,    0,    0,    0,    0,    0,   -4,    0,    0,   -7,    0,    0,    0,   -4,   -7,   -6,    0,   -6,    0,    0,    0,    0,    0,    0,    0,   -4,    0,    0,    0,    0,    0,    0,    0,    0,    0,    0,    0,    0,    0,    0,    0,    0,    0,    0,    0,   -4,    0,    0,    0,    0,    0,    0,   -9,    0,    0,    0,    0,    0,    0,    0,    0,   -4,    0,    0,   -4,    0,    0,    0,    0,    0,    0,    0,    0,    0,    0,    0,    0,    0,    0,    0,    0,    0,    0,    0,    0,    0,    0,    0,    0,    0,    0,    0,    0,    0,    0,    0,
       0,   -4,    0,    0,    9,   -6,    6,    0,   15,    0,    0,    0,    0,    0,    0,    0,    0,    0,    0,    0,    0,    0,    0,    0,    0,    0,    0,    0,    9,    0,    0,    0,    0,    0,    0,    0,    0,    0,    0,    0,    0,    0,    0,    0,    0,    0,    0,    0,    0,    0,   -6,    9,   -5,    0,    0,    0,    0,    0,    0,    0,    0,    0,    0,    0,    0,    0,    0,    0,    0,    0,    0,   -6,    0,    9,    8,    0,    9,    7,    6,    5,    0,   -6,   -9,    6,  -10,    6,    0,    0,    0,    0,    0,    7,    0,    7,    0,    8,    0,    0,    0,    0,    0,   10,    0,    7,   -7,    0,    0,    0,    5,    0,    0,    0,    0,    0,   23,    0,    0,   -9,    0,   -8,    0,    0,    0,    0,    0,    0,    0,    0,   -4,    0,    0,    6,   11,    0,    0,    0,    0,    0,    0,    0,    0,    0,    0,    0,    0,    0,    0,    0,    0,    0,    0,    0,    0,    0,    0,    0,    0,    0,    0,    0,    0,    0,    0,    0,    0,
       0,    0,    0,    0,    0,    0,    0,    0,    0,    0,    0,    0,    0,    0,    0,    0,    0,    0,    0,    0,    0,    0,    0,    0,    0,    0,    0,    0,    0,    0,    0,    0,    0,    0,    0,    0,    0,    0,    0,    0,    0,    0,    0,    0,    0,    0,    0,    0,    0,    0,    0,    0,    0,    0,    0,    0,    0,    0,    0,    0,    0,    0,    0,    0,    0,    0,    0,    0,    0,    0,    0,    0,    0,    0,    0,    0,    0,    0,    0,    0,    0,    0,    0,    0,    0,    0,    0,    0,  -14,    0,    0,    0,   -7,    0,    0,    0,    0,   -7,    0,   -7,    0,    0,   -7,    0,    0,    0,    0,    0,    0,    0,    0,    0,    0,    0,    0,    0,    0,    0,    0,    0,   -7,    0,    0,    0,    0,    0,    0,    0,    0,    0,    0,    0,    0,    0,    0,    0,    0,    0,    0,    0,    0,    0,    0,    0,    0,    0,    0,    0,    0,    0,    0,    0,    0,    0,    0,    0,    0,    0,    0,    0,    0,    0,    0,    0,    0,
       0,   -4,    0,   -4,   -9,    0,    0,    0,   -5,   -4,   -4,    0,    0,    0,    0,    0,    0,    0,    0,    0,    0,    0,    0,    0,    0,    0,    0,   -4,  -14,    0,    0,    0,    0,    0,    0,    0,    0,    0,    0,    0,    0,    0,    0,    0,    0,    0,    0,    0,    0,    0,    0,  -10,    0,    0,    0,    0,    0,    0,    0,    0,    0,    0,    0,    0,    0,    0,    0,    0,    0,    0,    0,    0,    0,    0,    0,   -4,    0,    0,   -6,    0,    0,    0,   -4,   -5,   -6,    0,   -5,    0,    0,    0,    0,    0,    0,    0,    0,    0,    0,    0,    0,    0,    0,    0,    0,    0,    0,    0,    0,    0,    0,    0,    0,    0,    0,    0,   -4,    0,    0,    0,    0,    0,    0,    0,    0,    0,    0,    0,    0,    0,    0,    0,    0,    0,    0,    0,    0,    0,    0,    0,    0,    0,    0,    0,    0,    0,    0,    0,    0,    0,    0,    0,    0,    0,    0,    0,    0,    0,    0,    0,    0,    0,    0,    0,    0,    0,    0,
       0,   -5,    0,   -5,   -7,   -5,    0,    0,    0,    0,   -4,   -4,    0,    0,    0,    0,    0,    0,    0,    0,    0,    0,    0,    0,    0,    0,    0,   -4,  -12,    0,    0,    0,    0,    0,    0,    0,    0,    0,    0,    0,    0,    0,    0,    0,    0,    0,    0,    0,    0,    0,    0,   -8,    0,    0,    0,    0,    0,    0,    0,    0,    0,    0,    0,    0,    0,    0,    0,    0,    0,    0,    0,    0,    0,    0,    0,    0,    0,    0,    0,    0,    0,    0,    0,    0,    0,    0,    0,    0,    0,    0,    0,    0,    0,    0,    0,    0,    0,    0,    0,    0,    0,    0,   -4,    0,   -4,    0,    0,    0,    0,    0,    0,    0,    0,    0,    0,    0,    0,    0,    0,    0,    0,   -3,    0,    0,    0,    0,    0,    0,    0,    0,    0,    0,    0,    0,    0,    0,    0,    0,    0,    0,    0,    0,    0,    0,    0,    0,    0,    0,    0,    0,    0,    0,    0,    0,    0,    0,    0,    0,    0,    0,    0,    0,    0,    0,    0,
      -5,   -8,    0,   -4,  -10,    0,  -12,    5,  -15,    0,  -12,   -4,    0,    0,    0,    0,    0,    0,    0,    0,    0,    0,    0,    0,    0,    0,    0,   -4,  -15,    0,    0,    0,    0,    0,    0,    0,    0,    0,    0,    0,    0,    0,    0,    0,    0,    0,    0,    0,    0,    0,    0,  -10,    0,    0,    0,    0,    0,    0,    0,    0,    0,    0,    0,    0,    0,    0,    0,    0,    0,    0,  -10,    0,    0,   -8,   -8,  -12,   -7,   -9,  -17,  -11,    0,    0,    0,   -8,    0,  -10,    0,   -4,    0,    0,    0,   -9,    0,   -4,   -4,  -10,    0,    0,    0,    0,    0,    0,    0,    0,    0,    0,    0,    0,    0,   -4,    0,    0,   -4,   -4,   -5,    0,    0,    0,    0,    0,    0,  -14,    0,    0,    0,    0,  -14,    0,    0,    0,   -4,  -10,    0,   -4,    0,    0,    0,    0,    0,    0,    0,    0,    0,    0,    0,    0,    0,    0,    0,    0,    0,    0,    0,    0,    0,    0,    0,    0,   -6,   -4,  -11,    0,    0,    0,    0,
      -4,    0,    0,   -4,   -8,    0,  -34,    0,  -22,    0,    0,    0,    0,    0,    0,    0,    0,    0,    0,    0,    0,    0,    0,    0,    0,    0,    0,   -5,  -14,    0,    0,    0,    0,    0,    0,    0,    0,    0,    0,    0,    0,    0,    0,    0,    0,    0,    0,    0,    0,    0,    0,   -8,   -6,    0,    0,    0,    0,    0,    0,    0,    0,    0,    0,    0,    0,    0,    0,    0,    0,    0,    0,    0,    0,  -33,  -26,    0,  -18,  -25,  -12,   -5,    0,    0,    0,   -8,    0,    0,    0,   -7,    0,    0,    0,  -16,    0,    0,    0,  -17,   -4,    0,    0,    0,    0,    4,    0,    0,    0,    0,    0,    0,    0,    0,    0,    0,    0,    0,    0,    0,    0,    0,    5,    0,    0,    0,    4,    0,    5,    0,  -30,   -4,    0,    0,    0,    0,    0,    0,    0,    0,    0,    0,    0,    0,    0,    0,    0,    0,    0,    0,    0,    0,    0,    0,    0,    0,    0,    0,    0,    0,    0,    0,    0,    4,  -41,    0,    0,    0,    0,
       0,    0,    0,  -10,    4,    0,  -28,  -18,  -31,  -30,    8,  -18,    0,    0,    0,    0,    0,    0,    0,    0,    0,    0,    0,    0,    0,    0,    0,    0,  -11,    0,    0,    0,    0,    0,    0,    0,    0,    0,    0,    0,    0,    0,    0,    0,    0,    0,    0,    0,    0,    0,   -8,    0,  -30,  -27,    0,    0,    0,    0,    0,    0,    0,    0,    0,    0,    0,    0,    0,    0,    0,    0,    8,  -10,    0,  -23,  -23,    7,  -23,  -23,    0,    0,    0,  -10,  -10,    5,    0,    6,    0,  -16,    0,  -26,  -26,  -25,  -22,  -25,  -29,  -24,  -27,  -22,  -14,  -22,  -22,   -9,  -22,   -8,  -27,  -26,  -22,  -28,  -26,   10,  -28,  -28,    0,   15,    0,   10,    0,    0,  -24,   -8,  -28,   10,   -8,    0,    0,  -24,  -26,  -29,    0,  -29,  -48,    0,  -23,  -40,    0,    0,    0,    0,    0,    0,    0,    0,    0,    0,    0,    0,    0,    0,    0,    0,    0,    0,    0,    0,    0,    0,    0,    0,    0,    0,  -24,    0,    0,    0,    0,
      -5,   -8,    0,   -4,  -10,    0,  -12,    0,  -15,    0,  -12,   -4,    0,    0,    0,    0,    0,    0,    0,    0,    0,    0,    0,    0,    0,    0,    0,   -4,  -15,    0,    0,    0,    0,    0,    0,    0,    0,    0,    0,    0,    0,    0,    0,    0,    0,    0,    0,    0,    0,    0,    0,  -10,    0,    0,    0,    0,    0,    0,    0,    0,    0,    0,    0,    0,    0,    0,    0,    0,    0,    0,  -10,    0,    0,  -20,  -20,  -13,   -7,  -21,  -22,  -16,    0,    0,    0,   -8,    0,  -14,    0,   -6,    0,   -5,   -4,  -14,    0,   -4,   -4,  -15,   -6,    0,   -5,    0,    0,    0,    0,    0,    0,   -4,    0,    0,    0,   -5,    0,    0,   -5,   -5,   -5,   -5,    0,    0,    0,    0,    0,    0,    0,   -5,    0,    0,  -14,   -6,    0,    0,   -4,  -20,    0,   -4,    0,    0,    0,    0,    0,    0,    0,    0,    0,    0,    0,    0,    0,    0,    0,    0,    0,    0,    0,    0,    0,    0,    0,    0,   -6,   -4,  -11,    0,    0,    0,    0,
       0,    0,    0,   -9,    0,   -9,    4,  -10,    4,    0,    0,   -9,    0,    0,    0,    0,    0,    0,    0,    0,    0,    0,    0,    0,    0,    0,    0,    0,  -12,    0,    0,    0,    0,    0,    0,    0,    0,    0,    0,    0,    0,    0,    0,    0,    0,    0,    0,    0,    0,    0,   -9,    0,  -17,    0,    0,    0,    0,    0,    0,    0,    0,    0,    0,    0,    0,    0,    0,    0,    0,    0,    4,   -8,    0,    0,    0,    0,   10,    0,    0,    0,    0,   -8,   -8,    6,    0,    0,    0,    0,  -10,    0,    0,    7,   -6,    7,    0,    7,    0,   -6,    0,   -6,  -11,    0,   -6,    7,  -16,    0,  -11,    0,    0,    6,   -7,    0,    0,    0,    0,    6,  -10,    0,    0,    0,   -8,    7,   -4,    0,    0,  -17,    0,    0,    0,   -6,    0,    0,  -11,    0,    0,    0,    0,    0,    0,    0,    0,    0,    0,    0,    0,    0,    0,    0,    0,    0,    0,    0,    0,    0,    0,    0,    0,    0,    0,    0,    4,    0,    0,    0,    0,
       0,   -4,    0,    0,    9,   -6,    6,    0,   15,    0,    0,    0,    0,    0,    0,    0,    0,    0,    0,    0,    0,    0,    0,    0,    0,    0,    0,    0,    9,    0,    0,    0,    0,    0,    0,    0,    0,    0,    0,    0,    0,    0,    0,    0,    0,    0,    0,    0,    0,    0,   -6,    9,   -5,    0,    0,    0,    0,    0,    0,    0,    0,    0,    0,    0,    0,    0,    0,    0,    0,    0,    0,   -6,    0,    9,    8,    0,    9,    7,    6,    5,    0,   -6,   -9,    6,  -10,    6,    0,    0,    0,    0,    0,    7,    0,    7,    0,    8,    0,    0,    0,    0,    0,   10,    0,    7,   -7,    0,    0,    0,    5,    0,    0,    0,    0,    0,   25,    0,    0,    0,    0,   -8,    0,    0,    0,    0,    0,    0,    0,    0,   -4,    0,    0,    6,   11,    0,    0,    0,    0,    0,    0,    0,    0,    0,    0,    0,    0,    0,    0,    0,    0,    0,    0,    0,    0,    0,    0,    0,    0,    0,    0,    0,    0,    0,    0,    0,    0,
      -5,   -8,    0,   -4,  -10,    0,  -12,    5,  -15,    0,  -12,   -4,    0,    0,    0,    0,    0,    0,    0,    0,    0,    0,    0,    0,    0,    0,    0,   -4,  -15,    0,    0,    0,    0,    0,    0,    0,    0,    0,    0,    0,    0,    0,    0,    0,    0,    0,    0,    0,    0,    0,    0,  -10,    0,    0,    0,    0,    0,    0,    0,    0,    0,    0,    0,    0,    0,    0,    0,    0,    0,    0,  -10,    0,    0,   -8,   -7,  -12,   -7,   -7,  -16,  -10,    0,    0,    0,   -8,    0,  -10,    0,    0,    0,    0,    0,   -8,    0,    0,   -4,   -9,    0,    0,    0,    0,    0,    0,    0,    0,    0,    0,    0,    0,    0,    0,    0,    0,   -4,   -4,   -5,    0,    0,    0,    0,    0,    0,    0,    0,    0,    0,    0,    0,    0,    0,    0,   -4,  -10,    0,   -4,    0,    0,    0,    0,    0,    0,    0,    0,    0,    0,    0,    0,    0,    0,    0,    0,    0,    0,    0,    0,    0,    0,    0,    0,   -6,   -4,  -11,    0,    0,    0,    0,
       0,  -10,    0,    0,   -8,   -7,    0,    0,    0,    0,  -10,    0,    0,    0,    0,    0,    0,    0,    0,    0,    0,    0,    0,    0,    0,    0,    0,    0,  -11,    0,    0,    0,    0,    0,    0,    0,    0,    0,    0,    0,    0,    0,    0,    0,    0,    0,    0,    0,    0,    0,    0,   -7,    0,    0,    0,    0,    0,    0,    0,    0,    0,    0,    0,    0,    0,    0,    0,    0,    0,    0,    0,    0,    0,    0,    0,    0,    0,    0,    0,    0,    0,    0,    0,    0,    0,    0,    0,    0,    0,    0,    0,    0,    0,    0,    0,    0,    0,    0,    0,    0,    0,   -5,    0,    0,    0,    0,    0,    0,    0,    0,    0,    0,    0,    0,    0,    0,    0,    0,    0,    0,    0,    0,   -5,    0,    0,    0,    0,    0,    0,    0,    0,    0,    0,    0,    0,    0,    0,    0,    0,    0,    0,    0,    0,    0,    0,    0,    0,    0,    0,    0,    0,    0,    0,    0,    0,    0,    0,    0,    0,   -8,    0,    0,    0,    0,    0,
      -4,   -8,    0,   -4,    0,   -7,   -7,    6,   -7,   -6,    0,    0,    0,    0,    0,    0,    0,    0,    0,    0,    0,    0,    0,    0,    0,    0,    0,   -6,    0,    0,    0,    0,    0,    0,    0,    0,    0,    0,    0,    0,    0,    0,    0,    0,    0,    0,    0,    0,    0,    0,    0,    0,    0,    0,    0,    0,    0,    0,    0,    0,    0,    0,    0,    0,    0,    0,    0,    0,    0,    0,    0,    0,    0,    0,    0,    0,    0,    0,    0,    0,    0,    0,    0,    0,    0,    0,    0,    0,    0,    0,    0,    0,    0,   -8,   -5,    0,    0,    0,    0,    0,    0,    0,    0,   -4,    0,    0,    0,    0,    0,    0,    0,    0,    0,    0,    0,    0,    0,    0,    0,    0,    0,    0,    0,    0,    0,    0,    0,    0,    0,    0,   -5,    0,    0,   -5,    0,    0,    0,    0,    0,    0,    0,    0,    0,    0,    0,    0,    0,    0,    0,    0,    0,    0,    0,    0,    0,    0,    0,    0,    0,    0,    0,    0,    0,    0,    0,
       0,  -13,    0,    0,   -8,   -5,    0,    0,    0,    0,   -7,    0,    0,    0,    0,    0,    0,    0,    0,    0,    0,    0,    0,    0,    0,    0,    0,    0,  -10,    0,    0,    0,    0,    0,    0,    0,    0,    0,    0,    0,    0,    0,    0,    0,    0,    0,    0,    0,    0,    0,    0,   -6,    0,    0,    0,    0,    0,    0,    0,    0,    0,    0,    0,    0,    0,    0,    0,    0,    0,    0,    0,    0,    0,    0,    0,    0,    0,    0,    0,    0,    0,    0,    0,    0,    0,    0,    0,    0,    0,    0,    0,    0,    0,    0,    0,    0,    0,    0,    0,    0,    0,    0,    0,    0,    0,    0,    0,    0,    0,    0,    0,    0,    0,    0,    0,    0,    0,    0,    0,    0,    0,    0,    0,    0,    0,    0,    0,    0,    0,    0,    0,    0,    0,    0,    0,    0,    0,    0,    0,    0,    0,    0,    0,    0,    0,    0,    0,    0,    0,    0,    0,    0,    0,    0,    0,    0,    0,    0,    0,    0,    0,    0,    0,    0,    0,
       0,    0,    0,    0,   -5,    0,  -28,  -20,  -16,    0,  -18,    0,    0,    0,    0,    0,    0,    0,    0,    0,    0,    0,    0,    0,    0,    0,    0,    0,   -9,    0,    0,    0,    0,    0,    0,    0,    0,    0,    0,    0,    0,    0,    0,    0,    0,    0,    0,    0,    0,    0,   -6,   -4,   -7,    0,    0,    0,    0,    0,    0,    0,    0,    0,    0,    0,    0,    0,    0,    0,    0,    0,    0,    0,    0,    0,    0,    0,    0,    0,    0,    0,    0,    0,    0,    0,    0,    0,    0,    0,    0,    0,    0,  -16,    0,    0,    0,  -13,    0,    0,    0,    0,    8,    8,    0,    6,    0,    0,    8,    0,    0,    0,    0,    0,    0,    0,    0,    0,    0,    0,    8,    0,    0,    0,    8,    0,    0,    8,    0,    0,    0,    0,    0,    0,    7,    0,    0,    0,    0,    0,    0,    0,    0,    0,    0,    0,    0,    0,    0,    0,    0,    0,    0,    0,    0,    0,    0,    0,    0,    0,    0,    0,    0,    0,    0,    0,    0,
       0,  -11,    0,    0,    8,    0,    0,    0,   12,    0,    0,    0,    0,    0,    0,    0,    0,    0,    0,    0,    0,    0,    0,    0,    0,    0,    0,    0,    8,    0,    0,    0,    0,    0,    0,    0,    0,    0,    0,    0,    0,    0,    0,    0,    0,    0,    0,    0,    0,    0,    0,    8,    0,    0,    0,    0,    0,    0,    0,    0,    0,    0,    0,    0,    0,    0,    0,    0,    0,    0,    0,    0,    0,    0,    0,    0,    0,    0,    0,    0,    0,    0,    0,    0,    0,    0,    0,    0,    0,    0,    0,    7,    0,    7,    0,    7,    0,    0,    0,    0,    0,    8,   -4,    7,   -4,    0,    0,    0,    0,    0,    0,    0,    0,    0,    0,    0,    0,    0,    0,    0,    0,    0,    0,    0,    0,    0,    0,    0,    0,    0,    0,    0,   10,    0,    0,    0,    0,    0,    0,    0,    0,    0,    0,    0,    0,    0,    0,    0,    0,    0,    0,    0,    0,    0,    0,    0,    0,    0,    0,    0,    0,    0,    0,    0,    0,
       0,   -9,    0,    0,  -10,   -6,   -4,    6,   -4,   -4,  -11,    0,    0,    0,    0,    0,    0,    0,    0,    0,    0,    0,    0,    0,    0,    0,    0,   -4,  -11,    0,    0,    0,    0,    0,    0,    0,    0,    0,    0,    0,    0,    0,    0,    0,    0,    0,    0,    0,    0,    0,    0,   -8,    0,    0,    0,    0,    0,    0,    0,    0,    0,    0,    0,    0,    0,    0,    0,    0,    0,    0,    0,    0,    0,    0,    0,    0,    0,    0,    0,    0,    0,    0,    0,    0,    0,    0,    0,    0,    0,    0,    0,    0,    0,    0,   -4,    0,    0,    0,    0,    0,    0,   -4,    0,    0,    0,    0,    0,    0,    0,    0,    0,    0,    0,    0,    0,    0,    0,    0,    0,    0,    0,    0,   -4,    0,    0,    0,    0,    0,    0,    0,   -4,    0,    0,   -4,    0,    0,    0,    0,    0,    0,    0,    0,    0,    0,    0,    0,    0,    0,    0,    0,    0,    0,    0,    0,    0,    0,    0,    0,    0,   -8,    0,    0,    0,    0,    0,
       0,   -4,    0,   -6,    0,    0,    0,  -10,    4,    0,    0,   -7,    0,    0,    0,    0,    0,    0,    0,    0,    0,    0,    0,    0,    0,    0,    0,    0,   -9,    0,    0,    0,    0,    0,    0,    0,    0,    0,    0,    0,    0,    0,    0,    0,    0,    0,    0,    0,    0,    0,   -7,    0,  -12,    0,    0,    0,    0,    0,    0,    0,    0,    0,    0,    0,    0,    0,    0,    0,    0,    0,    0,    0,    0,    0,    0,    0,    0,    0,    0,    0,    0,    0,    0,    0,    0,    0,    0,    0,    0,    0,    0,    8,   -9,    8,    0,    7,    0,  -10,    0,   -9,    0,    0,  -10,    7,    0,    0,    0,    0,    5,    0,   -8,    0,    0,    0,    0,    0,    0,    0,    0,    0,   -8,    0,    0,    0,    0,    0,    0,    0,    0,   -4,    0,    0,    0,    0,    0,    0,    0,    0,    0,    0,    0,    0,    0,    0,    0,    0,    0,    0,    0,    0,    0,    0,    0,    0,    0,    0,    0,    0,    0,    0,    0,    0,    0,    0,    0,
       0,  -13,    0,    0,   -8,   -6,    0,    0,    0,    0,   -8,    0,    0,    0,    0,    0,    0,    0,    0,    0,    0,    0,    0,    0,    0,    0,    0,    0,  -12,    0,    0,    0,    0,    0,    0,    0,    0,    0,    0,    0,    0,    0,    0,    0,    0,    0,    0,    0,    0,    0,    0,   -8,    0,    0,    0,    0,    0,    0,    0,    0,    0,    0,    0,    0,    0,    0,    0,    0,    0,    0,    0,    0,    0,    0,    0,    0,    0,    0,    0,    0,    0,    0,    0,    0,    0,    0,    0,    0,    0,    0,    0,    0,    0,    0,    0,    0,    0,    0,    0,    0,    0,    0,    0,    0,    0,    0,    0,    0,    0,    0,    0,    0,    0,    0,    0,    0,    0,    0,    0,    0,    0,    0,    0,    0,    0,    0,    0,    0,    0,    0,    0,    0,    0,    0,    0,    0,    0,    0,    0,    0,    0,    0,    0,    0,    0,    0,    0,    0,    0,    0,    0,    0,    0,    0,    0,    0,    0,    0,    0,    0,    0,    0,    0,    0,    0,
       0,    0,    0,   -5,    0,    0,    0,  -10,    4,    0,    0,   -7,    0,    0,    0,    0,    0,    0,    0,    0,    0,    0,    0,    0,    0,    0,    0,    0,   -9,    0,    0,    0,    0,    0,    0,    0,    0,    0,    0,    0,    0,    0,    0,    0,    0,    0,    0,    0,    0,    0,   -7,    0,  -12,    0,    0,    0,    0,    0,    0,    0,    0,    0,    0,    0,    0,    0,    0,    0,    0,    0,    0,    0,    0,    0,    0,    0,    0,    0,    0,    0,    0,    0,    0,    0,    0,    0,    0,    0,    0,    0,    0,    8,   -9,    8,    0,    7,    0,  -10,    0,   -9,    0,    0,  -10,    7,    0,    0,    0,    0,    5,    0,   -8,    0,    0,    0,    0,    0,    0,    0,    0,    0,   -8,    0,    0,    0,    0,    0,    0,    0,    0,    0,    0,    0,    0,    0,    0,    0,    0,    0,    0,    0,    0,    0,    0,    0,    0,    0,    0,    0,    0,    0,    0,    0,    0,    0,    0,    0,    0,    0,    0,    0,    0,    0,    0,    0,    0,
       0,  -11,    0,    0,  -10,   -7,   -7,    6,   -8,   -6,  -11,    0,    0,    0,    0,    0,    0,    0,    0,    0,    0,    0,    0,    0,    0,    0,    0,    0,  -11,    0,    0,    0,    0,    0,    0,    0,    0,    0,    0,    0,    0,    0,    0,    0,    0,    0,    0,    0,    0,    0,    0,   -7,    0,    0,    0,    0,    0,    0,    0,    0,    0,    0,    0,    0,    0,    0,    0,    0,    0,    0,    0,    0,    0,    0,    0,    0,    0,    0,    0,    0,    0,    0,    0,    0,    0,    0,    0,    0,    0,    0,    0,    0,    0,   -8,   -6,    0,    0,    0,    0,    0,    0,   -5,    0,   -6,    0,    0,    0,   -4,    0,    0,    0,    0,    0,    0,    0,    0,    0,    0,    0,    0,    0,    0,   -5,    0,    0,    0,    0,    0,    0,    0,   -6,    0,    0,   -6,    0,    0,    0,    0,    0,    0,    0,    0,    0,    0,    0,    0,    0,    0,    0,    0,    0,    0,    0,    0,    0,    0,    0,    0,   -8,  -10,    0,    0,    0,    0,    0,
       0,  -11,    0,   -4,  -10,   -7,   -7,    6,   -8,   -6,  -10,    0,    0,    0,    0,    0,    0,    0,    0,    0,    0,    0,    0,    0,    0,    0,    0,   -7,  -11,    0,    0,    0,    0,    0,    0,    0,    0,    0,    0,    0,    0,    0,    0,    0,    0,    0,    0,    0,    0,    0,    0,   -7,    0,    0,    0,    0,    0,    0,    0,    0,    0,    0,    0,    0,    0,    0,    0,    0,    0,    0,    0,    0,    0,    0,    0,    0,    0,    0,    0,    0,    0,    0,    0,    0,    0,    0,    0,    0,    0,    0,    0,    0,    0,   -8,   -5,    0,    0,    0,    0,    0,    0,   -5,    0,   -6,    0,    0,    0,    0,    0,   -4,    0,    0,    0,    0,    0,    0,    0,    0,    0,    0,    0,    0,   -5,    0,    0,    0,    0,    0,    0,    0,   -5,    0,    0,   -5,    0,    0,    0,    0,    0,    0,    0,    0,    0,    0,    0,    0,    0,    0,    0,    0,    0,    0,    0,    0,    0,    0,    0,    0,   -8,  -10,    0,    0,    0,    0,    0,
       0,    0,    0,    0,    0,    0,    4,  -11,    0,    0,    0,    0,    0,    0,    0,    0,    0,    0,    0,    0,    0,    0,    0,    0,    0,    0,    0,    0,  -10,    0,    0,    0,    0,    0,    0,    0,    0,    0,    0,    0,    0,    0,    0,    0,    0,    0,    0,    0,    0,    0,   -7,   -4,  -10,    0,    0,    0,    0,    0,    0,    0,    0,    0,    0,    0,    0,    0,    0,    0,    0,    0,    0,    0,    0,    0,    0,    0,    0,    0,    0,    0,    0,    0,    0,    0,    0,    0,    0,    0,    0,    0,    0,    7,    0,    7,    0,    7,    0,   -4,    0,    0,    5,    4,   -4,    6,    0,    0,    5,    0,    0,    0,    0,    0,    0,    0,    0,    0,    0,    0,    0,    0,    0,    0,    4,    0,    0,    0,    0,    0,    0,    0,    0,    0,    0,    0,    0,    0,    0,    0,    0,    0,    0,    0,    0,    0,    0,    0,    0,    0,    0,    0,    0,    0,    0,    0,    0,    0,    0,    0,    0,    0,    0,    0,    0,    0,    0,
       0,    0,    0,    0,   -4,    0,  -18,  -11,  -16,    0,  -18,    0,    0,    0,    0,    0,    0,    0,    0,    0,    0,    0,    0,    0,    0,    0,    0,    0,   -9,    0,    0,    0,    0,    0,    0,    0,    0,    0,    0,    0,    0,    0,    0,    0,    0,    0,    0,    0,    0,    0,   -6,   -4,   -7,    0,    0,    0,    0,    0,    0,    0,    0,    0,    0,    0,    0,    0,    0,    0,    0,    0,    0,    0,    0,    0,    0,    0,    0,    0,    0,    0,    0,    0,    0,    0,    0,    0,    0,    0,    0,    0,    0,  -12,    0,    0,    0,  -13,    0,    0,    0,    0,    8,    8,    0,    6,    0,    0,    8,    0,    0,    0,    0,    0,    0,    0,    0,    0,    0,    0,    8,    0,    0,    0,    8,    0,    0,    8,    0,    0,    0,    0,    0,    0,    7,    0,    0,    0,    0,    0,    0,    0,    0,    0,    0,    0,    0,    0,    0,    0,    0,    0,    0,    0,    0,    0,    0,    0,    0,    0,    0,    0,    0,    0,    0,    0,    0,
       0,    0,    0,    0,   -5,    0,   -8,    0,  -10,    0,  -11,    0,    0,    0,    0,    0,    0,    0,    0,    0,    0,    0,    0,    0,    0,    0,    0,    0,  -10,    0,    0,    0,    0,    0,    0,    0,    0,    0,    0,    0,    0,    0,    0,    0,    0,    0,    0,    0,    0,    0,    0,   -4,    0,    0,    0,    0,    0,    0,    0,    0,    0,    0,    0,    0,    0,    0,    0,    0,    0,    0,    0,    0,    0,    0,    0,    0,    0,    0,    0,    0,    0,    0,    0,    0,    0,    0,    0,    0,    0,    0,    0,   -9,   -4,    0,    0,  -10,    0,   -4,    0,   -4,    7,    6,   -4,    4,    0,    0,    7,    0,    0,    0,    0,    0,    0,    0,    0,    0,    0,    0,    6,    0,    0,    0,    6,    0,    0,    0,    0,    0,    0,    0,    0,    0,    7,    0,    0,    0,    0,    0,    0,    0,    0,    0,    0,    0,    0,    0,    0,    0,    0,    0,    0,    0,    0,    0,    0,    0,    0,    0,    0,    4,  -11,    0,    0,    0,    0,
      -7,  -11,    0,    0,  -10,   -7,   -9,    6,   -8,   -8,  -11,    0,    0,    0,    0,    0,    0,    0,    0,    0,    0,    0,    0,    0,    0,    0,    0,   -6,  -11,    0,    0,    0,    0,    0,    0,    0,    0,    0,    0,    0,    0,    0,    0,    0,    0,    0,    0,    0,    0,    0,    0,   -7,    0,    0,    0,    0,    0,    0,    0,    0,    0,    0,    0,    0,    0,    0,    0,    0,    0,    0,    0,    0,    0,    0,    0,    0,    0,    0,    0,    0,    0,    0,    0,    0,    0,    0,    0,    0,    0,    0,    0,    0,    0,  -10,   -8,   -4,    0,    0,    0,    0,    0,   -5,    0,   -6,    0,    0,    0,   -6,    0,   -4,    0,    0,    0,    0,    0,    0,    0,    0,    0,    0,    0,    0,    0,    0,    0,    0,    0,    0,    0,    0,   -8,    0,   -4,   -8,    0,    0,    0,    0,    0,    0,    0,    0,    0,    0,    0,    0,    0,    0,    0,    0,    0,    0,    0,    0,    0,    0,    0,    0,   -8,  -10,    0,    0,    0,    0,    0,
       0,    0,    0,   -5,    0,    0,    0,   -5,    0,    0,   -4,   -4,    0,    0,    0,    0,    0,    0,    0,    0,    0,    0,    0,    0,    0,    0,    0,    0,  -10,    0,    0,    0,    0,    0,    0,    0,    0,    0,    0,    0,    0,    0,    0,    0,    0,    0,    0,    0,    0,    0,   -7,   -4,  -10,    0,    0,    0,    0,    0,    0,    0,    0,    0,    0,    0,    0,    0,    0,    0,    0,    0,    0,    0,    0,    0,    0,    0,    0,    0,    0,    0,    0,    0,    0,    0,    0,    0,    0,    0,    0,    0,    0,    7,   -7,    8,    0,    7,    0,   -7,    0,   -7,    0,    0,   -7,    6,    0,    0,    0,    0,    0,    0,   -6,    0,    0,    0,    0,    0,    0,    0,    0,    0,   -6,    0,    0,    0,    0,    0,    0,    0,    0,    0,    0,    0,    0,    0,    0,    0,    0,    0,    0,    0,    0,    0,    0,    0,    0,    0,    0,    0,    0,    0,    0,    0,    0,    0,    0,    0,    0,    0,    0,    0,    0,    0,    0,    0,    0,
       0,  -11,    0,    0,    8,    0,    0,    0,   12,    0,    0,    0,    0,    0,    0,    0,    0,    0,    0,    0,    0,    0,    0,    0,    0,    0,    0,    0,    8,    0,    0,    0,    0,    0,    0,    0,    0,    0,    0,    0,    0,    0,    0,    0,    0,    0,    0,    0,    0,    0,    0,    8,    0,    0,    0,    0,    0,    0,    0,    0,    0,    0,    0,    0,    0,    0,    0,    0,    0,    0,    0,    0,    0,    0,    0,    0,    0,    0,    0,    0,    0,    0,    0,    0,    0,    0,    0,    0,    0,    0,    0,    7,    0,    7,    0,    7,    0,    0,    0,    0,    0,    8,   -4,    7,   -4,    0,    0,    0,    0,    0,    0,    0,    0,    0,   30,    0,    0,    0,    0,    0,    0,    0,    0,    0,    0,    0,    0,    0,    0,    0,    0,    0,   10,    0,    0,    0,    0,    0,    0,    0,    0,    0,    0,    0,    0,    0,    0,    0,    0,    0,    0,    0,    0,    0,    0,    0,    0,    0,    0,    0,    0,    0,    0,    0,    0,
       0,  -29,    0,    0,   -9,  -18,    0,    0,    0,    0,   -6,    0,    0,    0,    0,    0,    0,    0,    0,    0,    0,    0,    0,    0,    0,    0,    0,    0,  -11,    0,    0,    0,    0,    0,    0,    0,    0,    0,    0,    0,    0,    0,    0,    0,    0,    0,    0,    0,    0,    0,    0,   -6,    0,    0,    0,    0,    0,    0,    0,    0,    0,    0,    0,    0,    0,    0,    0,    0,    0,    0,    0,    0,    0,    0,    0,    0,    0,    0,    0,    0,    0,    0,    0,    0,    0,    0,    0,    0,    0,    0,    0,    0,    0,    0,    0,    0,    0,    0,    0,    0,  -17,   -7,    0,    0,    0,    0,  -12,    0,    0,    0,    0,    0,    0,    0,    0,    0,    0,    0,    0,    0,    0,    0,   -6,    0,    0,    0,    0,    0,    0,    0,    0,    0,   -7,    0,    0,    0,    0,    0,    0,    0,    0,    0,    0,    0,    0,    0,    0,    0,    0,    0,    0,    0,    0,    0,    0,    0,    0,    0,    0,    0,    0,    0,    0,    0,    0,
       0,  -11,    0,    0,  -10,   -7,   -7,    6,   -8,   -6,  -11,    0,    0,    0,    0,    0,    0,    0,    0,    0,    0,    0,    0,    0,    0,    0,    0,    0,  -11,    0,    0,    0,    0,    0,    0,    0,    0,    0,    0,    0,    0,    0,    0,    0,    0,    0,    0,    0,    0,    0,    0,   -7,    0,    0,    0,    0,    0,    0,    0,    0,    0,    0,    0,    0,    0,    0,    0,    0,    0,    0,    0,    0,    0,    0,    0,    0,    0,    0,    0,    0,    0,    0,    0,    0,    0,    0,    0,    0,    0,    0,    0,    0,    0,   -8,   -6,    0,    0,    0,    0,    0,    0,   -5,    0,   -6,    0,    0,    0,   -4,    0,    0,    0,    0,    0,    0,    0,    0,    0,    0,    0,    0,    0,    0,    0,    0,    0,    0,    0,    0,    0,    0,   -6,    0,    0,   -6,    0,    0,    0,    0,    0,    0,    0,    0,    0,    0,    0,    0,    0,    0,    0,    0,    0,    0,    0,    0,    0,    0,    0,    0,   -8,  -10,    0,    0,    0,    0,    0,
       0,  -21,    0,   -7,    0,   -9,    0,    0,    0,    0,  -11,   -4,    0,    0,    0,    0,    0,    0,    0,    0,    0,    0,    0,    0,    0,    0,    0,   -4,    0,    0,    0,    0,    0,    0,    0,    0,    0,    0,    0,    0,    0,    0,    0,    0,    0,    0,    0,    0,    0,    0,    0,    0,    0,    0,    0,    0,    0,    0,    0,    0,    0,    0,    0,    0,    0,    0,    0,    0,    0,    0,    0,    0,    0,    0,    0,    0,    0,    0,    0,    0,    0,    0,    0,    0,    0,    0,    0,    0,   -4,    0,    0,    0,    0,    0,    0,    0,    0,    0,    0,    0,    0,    0,    0,    0,    0,    0,    0,    0,    0,   -6,    0,    0,    0,    0,    0,    0,    0,    0,    0,    0,    0,    0,    0,    0,    0,    0,    0,    0,    0,    0,    0,    0,    0,    0,    0,    0,    0,    0,    0,    0,    0,    0,    0,    0,    0,    0,    0,    0,    0,    0,    0,    0,    0,    0,    0,    0,    0,    0,    0,    0,    0,    0,    0,    0,    0,
       0,   -4,    0,   -7,    0,    0,    0,   -6,    0,    0,   -5,   -4,    0,    0,    0,    0,    0,    0,    0,    0,    0,    0,    0,    0,    0,    0,    0,   -4,  -12,    0,    0,    0,    0,    0,    0,    0,    0,    0,    0,    0,    0,    0,    0,    0,    0,    0,    0,    0,    0,    0,   -8,   -7,  -10,    0,    0,    0,    0,    0,    0,    0,    0,    0,    0,    0,    0,    0,    0,    0,    0,    0,    0,    0,    0,    0,    0,    0,    0,    0,    0,    0,    0,    0,    0,    0,    0,    0,    0,    0,    0,    0,    0,    0,   -4,    0,    0,    0,    0,   -4,    0,   -4,    0,    0,   -6,    0,    0,    0,    0,    0,    0,    0,   -4,    0,    0,    0,    0,    0,    0,    0,    0,    0,   -4,    0,    0,    0,    0,    0,    0,    0,    0,    0,    0,    0,    0,    0,    0,    0,    0,    0,    0,    0,    0,    0,    0,    0,    0,    0,    0,    0,    0,    0,    0,    0,    0,    0,    0,    0,    0,    0,    0,    0,    0,    0,    0,    0,    0,
       0,   -8,    0,    0,   -9,    0,    0,    0,    0,    0,   -7,    0,    0,    0,    0,    0,    0,    0,    0,    0,    0,    0,    0,    0,    0,    0,    0,    0,  -13,    0,    0,    0,    0,    0,    0,    0,    0,    0,    0,    0,    0,    0,    0,    0,    0,    0,    0,    0,    0,    0,   -4,   -8,    0,    0,    0,    0,    0,    0,    0,    0,    0,    0,    0,    0,    0,    0,    0,    0,    0,    0,    0,    0,    0,    0,    0,    0,    0,    0,    0,    0,    0,    0,    0,    0,    0,    0,    0,    0,    0,    0,    0,    0,    0,    0,    0,    0,    0,    0,    0,    0,    0,    0,    0,    0,    0,    0,    0,    0,    0,    0,    0,    0,    0,    0,    0,    0,    0,    0,    0,    0,    0,    0,    0,    0,    0,    0,    0,    0,    0,    0,    0,    0,    0,    0,    0,    0,    0,    0,    0,    0,    0,    0,    0,    0,    0,    0,    0,    0,    0,    0,    0,    0,    0,    0,    0,    0,    0,    0,    0,    0,    0,    0,    0,    0,    0,
       0,  -21,    0,   -6,   -8,   -9,    0,    0,    0,    0,  -11,   -4,    0,    0,    0,    0,    0,    0,    0,    0,    0,    0,    0,    0,    0,    0,    0,   -4,  -15,    0,    0,    0,    0,    0,    0,    0,    0,    0,    0,    0,    0,    0,    0,    0,    0,    0,    0,    0,    0,    0,    0,  -11,    0,    0,    0,    0,    0,    0,    0,    0,    0,    0,    0,    0,    0,    0,    0,    0,    0,    0,    0,    0,    0,    0,    0,    0,    0,    0,    0,    0,    0,    0,    0,    0,    0,    0,    0,    0,   -4,    0,    0,    0,    0,    0,    0,    0,    0,    0,    0,    0,    0,    0,    0,    0,    0,    0,    0,    0,    0,   -4,    0,    0,    0,    0,    0,    0,    0,    0,    0,    0,    0,    0,    0,    0,    0,    0,    0,    0,    0,    0,    0,    0,    0,    0,    0,    0,    0,    0,    0,    0,    0,    0,    0,    0,    0,    0,    0,    0,    0,    0,    0,    0,    0,    0,    0,    0,    0,    0,    0,    0,    0,    0,    0,    0,    0,
       0,  -26,    0,    0,   -9,  -18,    0,    0,    0,    0,   -6,    0,    0,    0,    0,    0,    0,    0,    0,    0,    0,    0,    0,    0,    0,    0,    0,    0,  -11,    0,    0,    0,    0,    0,    0,    0,    0,    0,    0,    0,    0,    0,    0,    0,    0,    0,    0,    0,    0,    0,    0,   -6,    0,    0,    0,    0,    0,    0,    0,    0,    0,    0,    0,    0,    0,    0,    0,    0,    0,    0,    0,    0,    0,    0,    0,    0,    0,    0,    0,    0,    0,    0,    0,    0,    0,    0,    0,    0,    0,    0,    0,    0,    0,    0,    0,    0,    0,    0,    0,    0,  -14,   -7,    0,    0,    0,    0,  -11,    0,    0,    0,    0,    0,    0,    0,    0,    0,    0,    0,    0,    0,    0,    0,   -6,    0,    0,    0,    0,    0,    0,    0,    0,    0,   -7,    0,    0,    0,    0,    0,    0,    0,    0,    0,    0,    0,    0,    0,    0,    0,    0,    0,    0,    0,    0,    0,    0,    0,    0,    0,    0,    0,    0,    0,    0,    0,    0,
       0,    0,    0,   -6,    7,    0,    0,  -24,  -25,  -17,   13,  -14,    0,    0,    0,    0,    0,    0,    0,    0,    0,    0,    0,    0,    0,    0,    0,    0,    8,    0,    0,    0,    0,    0,    0,    0,    0,    0,    0,    0,    0,    0,    0,    0,    0,    0,    0,    0,    0,    0,    0,    8,  -32,  -16,    0,    0,    0,    0,    0,    0,    0,    0,    0,    0,    0,    0,    0,    0,    0,    0,   14,   -7,    0,    0,  -22,   12,  -26,  -22,    7,    7,    0,   -7,  -11,    9,    6,   12,    0,  -20,    0,  -16,  -18,  -37,  -31,  -11,  -14,  -34,  -22,  -32,  -18,  -32,   -7,   -7,  -28,   -8,  -12,  -18,   -7,  -13,  -27,   16,  -32,  -22,    0,    0,    0,   16,    0,    0,  -11,   -7,  -32,    0,   -7,    0,    0,  -18,    0,  -20,    0,  -20,  -14,    6,   -8,  -14,    0,    0,    0,    0,    0,    0,    0,    0,    0,    0,    0,    0,    0,    0,    0,    0,    0,    0,    0,    0,    0,    0,    0,    0,    0,    0,    0,    0,    0,    0,    0,
       0,    0,    0,    0,    0,    8,  -28,   -7,  -16,    0,  -12,    0,    0,    0,    0,    0,    0,    0,    0,    0,    0,    0,    0,    0,    0,    0,    0,    0,   -5,    0,    0,    0,    0,    0,    0,    0,    0,    0,    0,    0,    0,    0,    0,    0,    0,    0,    0,    0,    0,    0,    0,    0,   -6,    6,    0,    0,    0,    0,    0,    0,    0,    0,    0,    0,    0,    0,    0,    0,    0,    0,    0,    0,    0,    0,    0,    0,    0,    0,    0,    0,    0,    0,    0,    0,    0,    0,    0,    0,    0,    0,    0,  -10,    0,    7,    0,  -10,    0,    0,    0,    0,   12,   12,    0,   10,    6,    0,   12,    6,    0,    0,    0,    0,    0,    0,    0,    0,    0,    0,   11,    0,    0,    0,   12,    0,    0,    9,    0,    0,    0,    0,    0,    0,   11,    0,    0,    0,    0,    0,    0,    0,    0,    0,    0,    0,    0,    0,    0,    0,    0,    0,    0,    0,    0,    0,    0,    0,    0,    0,    0,    0,    0,    0,    0,    0,    0,
       0,  -15,    0,   -4,    0,   -6,    0,    0,    0,    0,   -5,    0,    0,    0,    0,    0,    0,    0,    0,    0,    0,    0,    0,    0,    0,    0,    0,    0,    0,    0,    0,    0,    0,    0,    0,    0,    0,    0,    0,    0,    0,    0,    0,    0,    0,    0,    0,    0,    0,    0,    0,    0,    0,    0,    0,    0,    0,    0,    0,    0,    0,    0,    0,    0,    0,    0,    0,    0,    0,    0,    0,    0,    0,    0,    0,    0,    0,    0,    0,    0,    0,    0,    0,    0,    0,    0,    0,    0,    0,    0,    0,    0,    0,    0,    0,    0,    0,    0,    0,    0,    0,    0,    0,    0,   -7,    0,    0,    0,    0,    0,    0,    0,    0,    0,    0,    0,    0,    0,    0,    0,    0,    0,    0,    0,    0,    0,    0,    0,    0,    0,    0,    0,    0,    0,    0,    0,    0,    0,    0,    0,    0,    0,    0,    0,    0,    0,    0,    0,    0,    0,    0,    0,    0,    0,    0,    0,    0,    0,    0,    0,    0,    0,    0,    0,    0,
       0,  -34,    0,    0,    0,  -24,    0,    0,    0,    0,   -4,    0,    0,    0,    0,    0,    0,    0,    0,    0,    0,    0,    0,    0,    0,    0,    0,    0,    0,    0,    0,    0,    0,    0,    0,    0,    0,    0,    0,    0,    0,    0,    0,    0,    0,    0,    0,    0,    0,    0,    0,    0,    0,    0,    0,    0,    0,    0,    0,    0,    0,    0,    0,    0,    0,    0,    0,    0,    0,    0,    0,    0,    0,    0,    0,    0,    0,    0,    0,    0,    0,    0,    0,    0,    0,    0,    0,    0,    0,    0,    0,    0,    0,    0,    0,    6,    0,    0,    0,    0,  -18,    0,    0,    0,   -6,    0,  -12,    0,    0,    0,    0,    0,    0,    0,    0,    0,    0,    0,    0,    0,    0,    0,  -10,    0,    0,   -5,    0,    0,    0,    0,    0,    0,    0,    0,    0,    0,    0,    0,    0,    0,    0,    0,    0,    0,    0,    0,    0,    0,    0,    0,    0,    0,    0,    0,    0,    0,    0,    0,    0,    0,    0,    0,    0,    0,    0,
      -6,  -21,    0,   -4,    0,   -7,  -12,    6,    0,   -6,  -12,    0,    0,    0,    0,    0,    0,    0,    0,    0,    0,    0,    0,    0,    0,    0,    0,   -7,    0,    0,    0,    0,    0,    0,    0,    0,    0,    0,    0,    0,    0,    0,    0,    0,    0,    0,    0,    0,    0,    0,    0,    0,    0,    0,    0,    0,    0,    0,    0,    0,    0,    0,    0,    0,    0,    0,    0,    0,    0,    0,  -22,    0,   -7,   -6,   -6,  -12,   -6,    0,  -14,   -8,    0,    0,    0,  -13,   -4,   -7,   -6,    0,    0,    0,    0,    0,    0,  -10,   -7,   -7,    0,    0,   -4,    0,    0,    0,    0,   -7,    0,   -5,    0,   -7,    0,   -5,    0,    0,   -5,   -5,    9,   -5,    0,    0,    0,    0,    0,    0,    0,   -5,    0,    0,    0,    0,    0,    0,   -7,   -7,    0,   -7,    0,    0,    0,    0,    0,    0,    0,    0,    0,    0,    0,    0,    0,    0,    0,    0,    0,    0,    0,    0,    0,    0,    0,    0,    0,    0,    0,    0,    0,    0,    0,
       0,  -24,    0,    0,    0,  -11,   -4,    0,    0,   -4,  -10,    0,    0,    0,    0,    0,    0,    0,    0,    0,    0,    0,    0,    0,    0,    0,    0,   -5,    0,    0,    0,    0,    0,    0,    0,    0,    0,    0,    0,    0,    0,    0,    0,    0,    0,    0,    0,    0,    0,    0,    0,    0,    0,    0,    0,    0,    0,    0,    0,    0,    0,    0,    0,    0,    0,    0,    0,    0,    0,    0,    0,    0,    0,    0,    0,    0,    0,    0,    0,    0,    0,    0,    0,    0,    0,    0,    0,    0,    0,    0,    0,    0,    0,   -6,    0,    0,    0,    0,    0,    0,  -12,    0,    0,   -5,    0,    0,  -12,    0,    0,    0,    0,    0,    0,    0,    0,    0,    0,    0,    0,    0,    0,    0,   -5,    0,    0,    0,    0,    0,    0,    0,    0,    0,    0,    0,    0,    0,    0,    0,    0,    0,    0,    0,    0,    0,    0,    0,    0,    0,    0,    0,    0,    0,    0,    0,    0,    0,    0,    0,    0,    0,    0,    0,    0,    0,    0,
       0,    0,    0,  -15,    6,    0,  -23,  -18,  -29,  -14,    9,  -21,    0,    0,    0,    0,    0,    0,    0,    0,    0,    0,    0,    0,    0,    0,    0,    0,   -9,    0,    0,    0,    0,    0,    0,    0,    0,    0,    0,    0,    0,    0,    0,    0,    0,    0,    0,    0,    0,    0,   -8,    0,  -27,  -11,    0,    0,    0,    0,    0,    0,    0,    0,    0,    0,    0,    0,    0,    0,    0,    0,   11,  -14,    0,    0,    0,    0,  -28,    0,    0,    0,   -3,  -14,    0,    7,    0,    0,    0,  -14,   -9,  -12,  -13,  -27,  -18,   -6,   -9,  -27,  -17,  -18,  -14,  -18,    0,    0,  -25,   -5,   -7,  -13,    0,   -7,  -20,   12,  -23,  -15,    0,    0,    0,   12,    0,    0,   -4,    0,  -23,   12,    0,    0,    0,   -9,    0,  -15,    0,  -14,   -9,    0,    0,   -9,    0,    0,    0,    0,    0,    0,    0,    0,    0,    0,    0,    0,    0,    0,    0,    0,    0,    0,    0,    0,    0,    0,    0,    0,    4,    6,  -28,    0,    0,    0,    0,
       0,    0,    0,    0,   -4,    3,  -12,    0,  -11,    0,  -14,    0,    0,    0,    0,    0,    0,    0,    0,    0,    0,    0,    0,    0,    0,    0,    0,    0,   -9,    0,    0,    0,    0,    0,    0,    0,    0,    0,    0,    0,    0,    0,    0,    0,    0,    0,    0,    0,    0,    0,    0,   -4,    0,    0,    0,    0,    0,    0,    0,    0,    0,    0,    0,    0,    0,    0,    0,    0,    0,    0,    0,    0,    0,    0,    0,    0,    0,    0,    0,    0,    0,    0,    0,    0,    0,    0,    0,    0,    0,    0,    0,  -10,   -5,    0,    0,  -12,    0,   -5,    0,   -5,    8,    6,    0,    5,    0,    0,    8,    0,    0,    0,    0,    0,    0,    0,    0,    0,    0,    0,    7,    0,    0,    0,    6,    0,    0,    0,    0,    0,    0,    0,    0,    0,    7,    0,    0,    0,    0,    0,    0,    0,    0,    0,    0,    0,    0,    0,    0,    0,    0,    0,    0,    0,    0,    0,    0,    0,    0,    0,    0,    4,  -13,    0,    0,    0,    0,
      -4,  -32,    0,   -5,   -6,  -10,    0,    0,    0,    0,   -9,    0,    0,    0,    0,    0,    0,    0,    0,    0,    0,    0,    0,    0,    0,    0,    0,   -6,  -17,    0,    0,    0,    0,    0,    0,    0,    0,    0,    0,    0,    0,    0,    0,    0,    0,    0,    0,    0,    0,    0,    0,  -11,    0,    0,    0,    0,    0,    0,    0,    0,    0,    0,    0,    0,    0,    0,    0,    0,    0,    0,  -29,    0,    0,    0,    0,    0,    0,    0,    0,    0,    0,    0,    0,    0,   -8,    0,    0,    0,    0,    0,    0,    0,    0,    0,    0,    0,    0,    0,    0,    0,    0,    0,    0,    0,    0,    0,    0,    0,    0,    0,    0,    0,    0,    0,    0,    0,    0,    0,    0,    0,    0,    0,    0,    0,   -4,    0,    0,    0,    0,    0,    0,    0,    0,    0,    0,    0,    0,    0,    0,    0,    0,    0,    0,    0,    0,    0,    0,    0,    0,    0,    0,    0,    0,    0,    0,    0,    0,    0,    0,    0,    0,    0,    0,    0,    0,
       0,  -20,    0,   -6,   -8,   -9,    0,    0,    0,    0,  -11,   -4,    0,    0,    0,    0,    0,    0,    0,    0,    0,    0,    0,    0,    0,    0,    0,   -5,  -16,    0,    0,    0,    0,    0,    0,    0,    0,    0,    0,    0,    0,    0,    0,    0,    0,    0,    0,    0,    0,    0,    0,  -12,    0,    0,    0,    0,    0,    0,    0,    0,    0,    0,    0,    0,    0,    0,    0,    0,    0,    0,    0,    0,    0,    0,    0,    0,    0,    0,    0,    0,    0,    0,    0,    0,    0,    0,    0,    0,   -4,    0,    0,    0,    0,    0,    0,    0,    0,    0,    0,    0,    0,    0,    0,    0,    0,    0,    0,    0,    0,   -4,    0,    0,    0,    0,    0,    0,    0,    0,    0,    0,    0,    0,    0,    0,    0,    0,    0,    0,    0,    0,    0,    0,    0,    0,    0,    0,    0,    0,    0,    0,    0,    0,    0,    0,    0,    0,    0,    0,    0,    0,    0,    0,    0,    0,    0,    0,    0,    0,    0,    0,    0,    0,    0,    0,    0,
       0,   -6,    0,   -4,  -12,    0,   -7,    0,   -7,    0,   -7,    0,    0,    0,    0,    0,    0,    0,    0,    0,    0,    0,    0,    0,    0,    0,    0,   -6,  -16,    0,    0,    0,    0,    0,    0,    0,    0,    0,    0,    0,    0,    0,    0,    0,    0,    0,    0,    0,    0,    0,    0,  -11,    0,    0,    0,    0,    0,    0,    0,    0,    0,    0,    0,    0,    0,    0,    0,    0,    0,    0,    0,    0,    0,    0,    0,   -7,    0,    0,   -4,   -4,    0,    0,    0,   -4,    0,   -4,    0,   -7,    0,    0,    0,    0,    0,    0,    0,    0,   -4,    0,    0,    0,    0,    0,    0,    0,    0,    0,    0,    0,    0,    0,    0,    0,   -5,   -5,   -5,    0,    0,    0,    0,    0,    0,    0,    0,    0,    0,    0,    0,   -7,    0,   -6,    0,   -4,    0,    0,    0,    0,    0,    0,    0,    0,    0,    0,    0,    0,    0,    0,    0,    0,    0,    0,    0,    0,    0,    0,    0,    0,    0,    0,    0,    0,    0,    0,    0,    0,    0,
       0,  -16,    0,    0,  -11,   -6,   -4,    6,   -4,   -4,  -11,    0,    0,    0,    0,    0,    0,    0,    0,    0,    0,    0,    0,    0,    0,    0,    0,   -4,  -14,    0,    0,    0,    0,    0,    0,    0,    0,    0,    0,    0,    0,    0,    0,    0,    0,    0,    0,    0,    0,    0,    0,  -10,    0,    0,    0,    0,    0,    0,    0,    0,    0,    0,    0,    0,    0,    0,    0,    0,    0,    0,    0,    0,    0,    0,    0,    0,    0,    0,    0,    0,    0,    0,    0,    0,    0,    0,    0,    0,    0,    0,    0,    0,    0,    0,   -4,    0,    0,    0,    0,    0,    0,    0,    0,    0,    0,    0,    0,    0,    0,    0,    0,    0,    0,    0,    0,    0,    0,    0,    0,    0,    0,    0,    0,    0,    0,    0,    0,    0,    0,    0,   -4,    0,    0,   -4,    0,    0,    0,    0,    0,    0,    0,    0,    0,    0,    0,    0,    0,    0,    0,    0,    0,    0,    0,    0,    0,    0,    0,    0,    0,    0,    0,    0,    0,    0,    0,
       0,    0,    0,   -4,    0,    0,    0,    0,    0,    0,   -4,    0,    0,    0,    0,    0,    0,    0,    0,    0,    0,    0,    0,    0,    0,    0,    0,    0,    0,    0,    0,    0,    0,    0,    0,    0,    0,    0,    0,    0,    0,    0,    0,    0,    0,    0,    0,    0,    0,    0,   -6,    0,   -6,    0,    0,    0,    0,    0,    0,    0,    0,    0,    0,    0,    0,    0,    0,    0,    0,    0,    0,    0,    0,    0,    0,    0,    0,    0,    0,    0,    0,    0,    0,    0,    0,    0,    0,    0,    0,    0,    0,    0,    0,    0,    0,    0,    0,    0,    0,    0,    0,    0,    0,    0,    0,    0,    0,    0,    0,    0,    0,    0,    0,    0,    0,    0,    0,    0,    0,    0,    0,    0,    0,    0,    0,    0,    0,    0,    0,    0,    0,    0,    0,    0,    0,    0,    0,    0,    0,    0,    0,    0,    0,    0,    0,    0,    0,    0,    0,    0,    0,    0,    0,    0,    0,    0,    0,    0,    0,    0,    0,    0,    0,    0,    0,
       0,   -9,    0,   -4,    0,    0,    0,    0,    0,    0,   -9,    0,    0,    0,    0,    0,    0,    0,    0,    0,    0,    0,    0,    0,    0,    0,    0,    0,    0,    0,    0,    0,    0,    0,    0,    0,    0,    0,    0,    0,    0,    0,    0,    0,    0,    0,    0,    0,    0,    0,    0,    0,    0,    0,    0,    0,    0,    0,    0,    0,    0,    0,    0,    0,    0,    0,    0,    0,    0,    0,    0,    0,    0,    0,    0,    0,    0,    0,    0,    0,    0,    0,    0,    0,    0,    0,    0,    0,    0,    0,    0,    0,    0,    0,    0,    0,    0,    0,    0,    0,    0,    0,   -4,    0,    0,    0,    0,    0,    0,    0,    0,    0,    0,    0,    0,    0,    0,    0,    0,    0,   -4,    0,    0,    0,    0,    0,    0,    0,    0,    0,    0,    0,    0,    0,    0,    0,    0,    0,    0,    0,    0,    0,    0,    0,    0,    0,    0,    0,    0,    0,    0,    0,    0,    0,    0,    0,    0,    0,    0,    0,    0,    0,    0,    0,    0,
       0,    0,    0,    0,    0,    0,    0,    0,    0,    0,    0,    0,    0,    0,    0,    0,    0,    0,    0,    0,    0,    0,    0,    0,    0,    0,    0,    0,    0,    0,    0,    0,    0,    0,    0,    0,    0,    0,    0,    0,    0,    0,    0,    0,    0,    0,    0,    0,    0,    0,    0,    0,    0,    0,    0,    0,    0,    0,    0,    0,    0,    0,    0,    0,    0,    0,    0,    0,    0,    0,    0,    0,    0,    0,    0,    0,    0,    0,    0,    0,    0,    0,    0,    0,    0,    0,    0,    0,   -6,    0,    0,    0,   -6,    0,    0,    0,    0,   -6,    0,   -6,    0,    0,   -6,    0,    0,    0,    0,    0,    0,    0,    0,    0,    0,    0,    0,    0,    0,    0,    0,    0,   -4,    0,    0,    0,    0,    0,    0,    0,    0,    0,    0,    0,    0,    0,    0,    0,    0,    0,    0,    0,    0,    0,    0,    0,    0,    0,    0,    0,    0,    0,    0,    0,    0,    0,    0,    0,    0,    0,    0,    0,    0,    0,    0,    0,    0,
       0,  -15,    0,    0,  -11,   -6,   -5,    6,   -4,   -4,  -11,    0,    0,    0,    0,    0,    0,    0,    0,    0,    0,    0,    0,    0,    0,    0,    0,   -4,  -14,    0,    0,    0,    0,    0,    0,    0,    0,    0,    0,    0,    0,    0,    0,    0,    0,    0,    0,    0,    0,    0,    0,  -10,    0,    0,    0,    0,    0,    0,    0,    0,    0,    0,    0,    0,    0,    0,    0,    0,    0,    0,    0,    0,    0,    0,    0,    0,    0,    0,    0,    0,    0,    0,    0,    0,    0,    0,    0,    0,    0,    0,    0,    0,    0,    0,   -4,    0,    0,    0,    0,    0,    0,    0,    0,    0,    0,    0,    0,    0,    0,    0,    0,    0,    0,    0,    0,    0,    0,    0,    0,    0,    0,    0,    0,    0,    0,    0,    0,    0,    0,    0,   -4,    0,    0,   -4,    0,    0,    0,    0,    0,    0,    0,    0,    0,    0,    0,    0,    0,    0,    0,    0,    0,    0,    0,    0,    0,    0,    0,    0,    0,    0,    0,    0,    0,    0,    0,
      -5,   -8,    0,   -4,  -10,    0,  -12,    5,  -15,    0,  -12,   -4,    0,    0,    0,    0,    0,    0,    0,    0,    0,    0,    0,    0,    0,    0,    0,   -4,  -15,    0,    0,    0,    0,    0,    0,    0,    0,    0,    0,    0,    0,    0,    0,    0,    0,    0,    0,    0,    0,    0,    0,  -10,    0,    0,    0,    0,    0,    0,    0,    0,    0,    0,    0,    0,    0,    0,    0,    0,    0,    0,  -10,    0,    0,    0,    0,    0,   -7,    0,    0,    0,    0,    0,    0,   -8,    0,    0,    0,   -4,    0,    0,    0,   -8,    0,    0,   -4,   -8,    0,    0,    0,    0,    0,    0,    0,    0,    0,    0,    0,    0,    0,    0,    0,    0,   -4,   -4,   -4,    0,    0,    0,    0,    0,    0,  -14,    0,    0,    0,    0,    0,    0,    0,    0,   -4,    0,    0,   -4,    0,    0,    0,    0,    0,    0,    0,    0,    0,    0,    0,    0,    0,    0,    0,    0,    0,    0,    0,    0,    0,    0,    0,    0,   -6,   -4,  -11,    0,    0,    0,    0,
       0,    0,    0,   -4,    0,   -7,   -4,    0,   -5,   -4,    0,    0,    0,    0,    0,    0,    0,    0,    0,    0,    0,    0,    0,    0,    0,    0,    0,   -5,  -15,    0,    0,    0,    0,    0,    0,    0,    0,    0,    0,    0,    0,    0,    0,    0,    0,    0,    0,    0,    0,    0,    0,   -5,    0,    0,    0,    0,    0,    0,    0,    0,    0,    0,    0,    0,    0,    0,    0,    0,    0,    0,    0,    0,    0,    0,    0,    0,    0,    0,    0,    0,    0,    0,   -4,    0,    0,    0,   -6,    0,    0,    0,    0,    0,    0,   -5,    0,    0,    0,    0,    0,    0,  -12,   -7,    0,   -4,    0,    0,  -12,    0,   -4,    0,    0,    0,   -4,   -4,   -4,    0,   -9,    0,   -4,    0,    0,    0,   -7,    0,   -9,    0,    0,    0,    0,    0,    0,    0,  -11,    0,    0,    0,    0,    0,    0,    0,    0,    0,    0,    0,    0,    0,    0,    0,    0,    0,    0,    0,    0,    0,    0,    0,    0,    0,    0,    0,    0,    0,    0,    0,    0,
       0,   -7,    0,   -7,    0,    0,    0,    0,    0,    0,   -6,   -4,    0,    0,    0,    0,    0,    0,    0,    0,    0,    0,    0,    0,    0,    0,    0,    0,    0,    0,    0,    0,    0,    0,    0,    0,    0,    0,    0,    0,    0,    0,    0,    0,    0,    0,    0,    0,    0,    0,   -8,    0,   -8,    0,    0,    0,    0,    0,    0,    0,    0,    0,    0,    0,    0,    0,    0,    0,    0,    0,    0,    0,    0,    0,    0,    0,    0,    0,    0,    0,    0,    0,    0,    0,    0,    0,    0,    0,    0,    0,    0,    0,    0,    0,    0,    0,    0,   -4,    0,    0,    0,    0,   -4,    0,    0,    0,    0,    0,    0,    0,    0,    0,    0,    0,    0,    0,    0,    0,    0,    0,   -4,    0,    0,    0,    0,    0,    0,    0,    0,    0,    0,    0,    0,    0,    0,    0,    0,    0,    0,    0,    0,    0,    0,    0,    0,    0,    0,    0,    0,    0,    0,    0,    0,    0,    0,    0,    0,    0,    0,    0,    0,    0,    0,    0,    0,
       0,    0,    0,    0,    0,    0,    0,    0,    0,    0,    0,    0,    0,    0,    0,    0,    0,    0,    0,    0,    0,    0,    0,    0,    0,    0,    0,    0,    0,    0,    0,    0,    0,    0,    0,    0,    0,    0,    0,    0,    0,    0,    0,    0,    0,    0,    0,    0,    0,    0,    0,    0,    0,    0,    0,    0,    0,    0,    0,    0,    0,    0,    0,    0,    0,    0,    0,    0,    0,    0,    0,    0,    0,    0,    0,    0,    0,    0,    0,    0,    0,    0,    0,    0,    0,    0,    0,    0,    0,    0,    0,    0,    0,    0,    0,    0,    0,    0,    0,    0,    0,    0,    0,    0,    0,    0,    0,    0,    0,    0,    0,    0,    0,    0,    0,    0,    0,    0,    0,    0,    0,    0,    0,    0,    0,    0,    0,    0,    0,    0,    0,    0,    0,    0,    0,    0,    0,    0,    0,    0,    0,    0,   -8,    0,   -3,   -2,    0,    0,    0,    0,    0,    0,   -7,    0,   -4,    0,   -7,    0,    0,    0,    0,    0,    0,    0,    0,
       0,    0,    0,    0,    0,    0,    0,    0,    0,    0,    0,    0,    0,    0,    0,    0,    0,    0,    0,    0,    0,    0,    0,    0,    0,    0,    0,    0,    0,    0,    0,    0,    0,    0,    0,    0,    0,    0,    0,    0,    0,    0,    0,    0,    0,    0,    0,    0,    0,    0,    0,    0,    0,    0,    0,    0,    0,    0,    0,    0,    0,    0,    0,    0,    0,    0,    0,    0,    0,    0,    0,    0,    0,    0,    0,    0,    0,    0,    0,    0,    0,    0,    0,    0,    0,    0,    0,    0,    0,    0,    0,    0,    0,    0,    0,    0,    0,    0,    0,    0,    0,    0,    0,    0,    0,    0,    0,    0,    0,    0,    0,    0,    0,    0,    0,    0,    0,    0,    0,    0,    0,    0,    0,    0,    0,    0,    0,    0,    0,    0,    0,    0,    0,    0,    0,    0,    0,   -3,    0,    0,    0,    0,    0,   -4,    0,    0,    0,    0,    0,  -10,    0,    0,  -10,    0,    0,   -6,    0,    0,    0,    0,    0,    0,    0,    0,    0,
       0,    0,    0,    0,    0,    0,    0,    0,    0,    0,    0,    0,    0,    0,    0,    0,    0,    0,    0,    0,    0,    0,    0,    0,    0,    0,    0,    0,    0,    0,    0,    0,    0,    0,    0,    0,    0,    0,    0,    0,    0,    0,    0,    0,    0,    0,    0,    0,    0,    0,    0,    0,    0,    0,    0,    0,    0,    0,    0,    0,    0,    0,    0,    0,    0,    0,    0,    0,    0,    0,    0,    0,    0,    0,    0,    0,    0,    0,    0,    0,    0,    0,    0,    0,    0,    0,    0,    0,    0,    0,    0,    0,    0,    0,    0,    0,    0,    0,    0,    0,    0,    0,    0,    0,    0,    0,    0,    0,    0,    0,    0,    0,    0,    0,    0,    0,    0,    0,    0,    0,    0,    0,    0,    0,    0,    0,    0,    0,    0,    0,    0,    0,    0,    0,    0,    2,    0,    0,    0,    0,    0,   -4,  -12,    0,   -3,   -6,    0,   -7,    0,    0,    0,    0,   -6,    0,    0,    0,    0,    0,    0,    0,    0,    0,    0,    0,    0,
       0,    0,    0,    0,    0,    0,    0,    0,    0,    0,    0,    0,    0,    0,    0,    0,    0,    0,    0,    0,    0,    0,    0,    0,    0,    0,    0,    0,    0,    0,    0,    0,    0,    0,    0,    0,    0,    0,    0,    0,    0,    0,    0,    0,    0,    0,    0,    0,    0,    0,    0,    0,    0,    0,    0,    0,    0,    0,    0,    0,    0,    0,    0,    0,    0,    0,    0,    0,    0,    0,    0,    0,    0,    0,    0,    0,    0,    0,    0,    0,    0,    0,    0,    0,    0,    0,    0,    0,    0,    0,    0,    0,    0,    0,    0,    0,    0,    0,    0,    0,    0,    0,    0,    0,    0,    0,    0,    0,    0,    0,    0,    0,    0,    0,    0,    0,    0,    0,    0,    0,    0,    0,    0,    0,    0,    0,    0,    0,    0,    0,    0,    0,    0,    0,    0,  -16,    0,    0,   -8,    0,    0,   -6,    0,  -19,  -14,    0,   -6,   -3,    0,  -12,    0,  -19,  -14,    0,    0,  -12,    0,    0,    0,    0,    0,    0,    0,    0,    0,
       0,    0,    0,    0,    0,    0,    0,    0,    0,    0,    0,    0,    0,    0,    0,    0,    0,    0,    0,    0,    0,    0,    0,    0,    0,    0,    0,    0,    0,    0,    0,    0,    0,    0,    0,    0,    0,    0,    0,    0,    0,    0,    0,    0,    0,    0,    0,    0,    0,    0,    0,    0,    0,    0,    0,    0,    0,    0,    0,    0,    0,    0,    0,    0,    0,    0,    0,    0,    0,    0,    0,    0,    0,    0,    0,    0,    0,    0,    0,    0,    0,    0,    0,    0,    0,    0,    0,    0,    0,    0,    0,    0,    0,    0,    0,    0,    0,    0,    0,    0,    0,    0,    0,    0,    0,    0,    0,    0,    0,    0,    0,    0,    0,    0,    0,    0,    0,    0,    0,    0,    0,    0,    0,    0,    0,    0,    0,    0,    0,    0,    0,    0,    0,    0,    0,   -5,    0,    0,    0,    0,    0,   -6,    0,    0,    0,    0,   -4,    0,    0,   -4,    0,    0,   -8,    0,    0,   -6,    0,    0,    0,    0,    0,    0,    0,    0,    0,
       0,    0,    0,    0,    0,    0,    0,    0,    0,    0,    0,    0,    0,    0,    0,    0,    0,    0,    0,    0,    0,    0,    0,    0,    0,    0,    0,    0,    0,    0,    0,    0,    0,    0,    0,    0,    0,    0,    0,    0,    0,    0,    0,    0,    0,    0,    0,    0,    0,    0,    0,    0,    0,    0,    0,    0,    0,    0,    0,    0,    0,    0,    0,    0,    0,    0,    0,    0,    0,    0,    0,    0,    0,    0,    0,    0,    0,    0,    0,    0,    0,    0,    0,    0,    0,    0,    0,    0,    0,    0,    0,    0,    0,    0,    0,    0,    0,    0,    0,    0,    0,    0,    0,    0,    0,    0,    0,    0,    0,    0,    0,    0,    0,    0,    0,    0,    0,    0,    0,    0,    0,    0,    0,    0,    0,    0,    0,    0,    0,    0,    0,    0,    0,    0,    0,   -4,    0,    0,    0,    0,    0,    0,    0,    0,    0,    0,    0,    0,    0,    0,    0,    0,    0,    0,    0,    0,    0,    0,    0,    0,    0,    0,    0,    0,    0,
       0,    0,    0,    0,    0,    0,    0,    0,    0,    0,    0,    0,    0,    0,    0,    0,    0,    0,    0,    0,    0,    0,    0,    0,    0,    0,    0,    0,    0,    0,    0,    0,    0,    0,    0,    0,    0,    0,    0,    0,    0,    0,    0,    0,    0,    0,    0,    0,    0,    0,    0,    0,    0,    0,    0,    0,    0,    0,    0,    0,    0,    0,    0,    0,    0,    0,    0,    0,    0,    0,    0,    0,    0,    0,    0,    0,    0,    0,    0,    0,    0,    0,    0,    0,    0,    0,    0,    0,    0,    0,    0,    0,    0,    0,    0,    0,    0,    0,    0,    0,    0,    0,    0,    0,    0,    0,    0,    0,    0,    0,    0,    0,    0,    0,    0,    0,    0,    0,    0,    0,    0,    0,    0,    0,    0,    0,    0,    0,    0,    0,    0,    0,    0,    0,    0,    0,    0,   -4,    0,    0,    0,   -8,    0,  -11,   -2,    0,    0,    0,    0,    0,    0,   -8,   -7,   -5,   -4,   -4,    0,    0,    0,    0,    0,    0,    0,    0,    0,
       0,    0,    0,    0,    0,    0,    0,    0,    0,    0,    0,    0,    0,    0,    0,    0,    0,    0,    0,    0,    0,    0,    0,    0,    0,    0,    0,    0,    0,    0,    0,    0,    0,    0,    0,    0,    0,    0,    0,    0,    0,    0,    0,    0,    0,    0,    0,    0,    0,    0,    0,    0,    0,    0,    0,    0,    0,    0,    0,    0,    0,    0,    0,    0,    0,    0,    0,    0,    0,    0,    0,    0,    0,    0,    0,    0,    0,    0,    0,    0,    0,    0,    0,    0,    0,    0,    0,    0,    0,    0,    0,    0,    0,    0,    0,    0,    0,    0,    0,    0,    0,    0,    0,    0,    0,    0,    0,    0,    0,    0,    0,    0,    0,    0,    0,    0,    0,    0,    0,    0,    0,    0,    0,    0,    0,    0,    0,    0,    0,    0,    0,    0,    0,    0,    0,  -23,    0,    0,   -7,    0,   -4,   -4,    0,    0,   -4,    0,  -11,   -4,    0,   -5,    0,    0,   -9,    0,    0,   -8,    0,   -8,    0,    0,    0,    0,    0,    0,    0,
       0,    0,    0,    0,    0,    0,    0,    0,    0,    0,    0,    0,    0,    0,    0,    0,    0,    0,    0,    0,    0,    0,    0,    0,    0,    0,    0,    0,    0,    0,    0,    0,    0,    0,    0,    0,    0,    0,    0,    0,    0,    0,    0,    0,    0,    0,    0,    0,    0,    0,    0,    0,    0,    0,    0,    0,    0,    0,    0,    0,    0,    0,    0,    0,    0,    0,    0,    0,    0,    0,    0,    0,    0,    0,    0,    0,    0,    0,    0,    0,    0,    0,    0,    0,    0,    0,    0,    0,    0,    0,    0,    0,    0,    0,    0,    0,    0,    0,    0,    0,    0,    0,    0,    0,    0,    0,    0,    0,    0,    0,    0,    0,    0,    0,    0,    0,    0,    0,    0,    0,    0,    0,    0,    0,    0,    0,    0,    0,    0,    0,    0,    0,    0,    0,    0,    0,    0,    0,    0,    0,    0,   -5,    0,    0,   -4,    0,    0,   -5,    0,   -6,    0,   -9,  -10,    0,    0,    0,    0,    0,    0,    0,    0,    0,    0,    0,    0,
       0,    0,    0,    0,    0,    0,    0,    0,    0,    0,    0,    0,    0,    0,    0,    0,    0,    0,    0,    0,    0,    0,    0,    0,    0,    0,    0,    0,    0,    0,    0,    0,    0,    0,    0,    0,    0,    0,    0,    0,    0,    0,    0,    0,    0,    0,    0,    0,    0,    0,    0,    0,    0,    0,    0,    0,    0,    0,    0,    0,    0,    0,    0,    0,    0,    0,    0,    0,    0,    0,    0,    0,    0,    0,    0,    0,    0,    0,    0,    0,    0,    0,    0,    0,    0,    0,    0,    0,    0,    0,    0,    0,    0,    0,    0,    0,    0,    0,    0,    0,    0,    0,    0,    0,    0,    0,    0,    0,    0,    0,    0,    0,    0,    0,    0,    0,    0,    0,    0,    0,    0,    0,    0,    0,    0,    0,    0,    0,    0,    0,    0,    0,    0,    0,    0,  -16,   -2,    0,    0,    0,    0,   -6,    0,  -12,  -10,    0,    0,    0,    0,   -4,    0,  -16,   -6,    0,    0,    0,    4,   -2,    0,    0,    0,    0,    0,    0,    0,
       0,    0,    0,    0,    0,    0,    0,    0,    0,    0,    0,    0,    0,    0,    0,    0,    0,    0,    0,    0,    0,    0,    0,    0,    0,    0,    0,    0,    0,    0,    0,    0,    0,    0,    0,    0,    0,    0,    0,    0,    0,    0,    0,    0,    0,    0,    0,    0,    0,    0,    0,    0,    0,    0,    0,    0,    0,    0,    0,    0,    0,    0,    0,    0,    0,    0,    0,    0,    0,    0,    0,    0,    0,    0,    0,    0,    0,    0,    0,    0,    0,    0,    0,    0,    0,    0,    0,    0,    0,    0,    0,    0,    0,    0,    0,    0,    0,    0,    0,    0,    0,    0,    0,    0,    0,    0,    0,    0,    0,    0,    0,    0,    0,    0,    0,    0,    0,    0,    0,    0,    0,    0,    0,    0,    0,    0,    0,    0,    0,    0,    0,    0,    0,    0,    0,    0,    0,    0,    0,    0,    0,   -1,    0,    0,   -8,    0,   -3,   -7,    0,   -9,    0,    0,  -10,    0,    0,    0,    0,    0,    0,    0,    0,    0,    0,    0,    0,
       0,    0,    0,    0,    0,    0,    0,    0,    0,    0,    0,    0,    0,    0,    0,    0,    0,    0,    0,    0,    0,    0,    0,    0,    0,    0,    0,    0,    0,    0,    0,    0,    0,    0,    0,    0,    0,    0,    0,    0,    0,    0,    0,    0,    0,    0,    0,    0,    0,    0,    0,    0,    0,    0,    0,    0,    0,    0,    0,    0,    0,    0,    0,    0,    0,    0,    0,    0,    0,    0,    0,    0,    0,    0,    0,    0,    0,    0,    0,    0,    0,    0,    0,    0,    0,    0,    0,    0,    0,    0,    0,    0,    0,    0,    0,    0,    0,    0,    0,    0,    0,    0,    0,    0,    0,    0,    0,    0,    0,    0,    0,    0,    0,    0,    0,    0,    0,    0,    0,    0,    0,    0,    0,    0,    0,    0,    0,    0,    0,    0,    0,    0,    0,    0,    0,    0,    0,    0,    0,    0,    0,   -5,   -5,    0,   -6,    0,    0,    0,    0,    0,    0,    0,    0,    0,    0,    0,    0,    0,    0,    0,    0,    0,    0,    0,    0,
       0,    0,    0,    0,    0,    0,    0,    0,    0,    0,    0,    0,    0,    0,    0,    0,    0,    0,    0,    0,    0,    0,    0,    0,    0,    0,    0,    0,    0,    0,    0,    0,    0,    0,    0,    0,    0,    0,    0,    0,    0,    0,    0,    0,    0,    0,    0,    0,    0,    0,    0,    0,    0,    0,    0,    0,    0,    0,    0,    0,    0,    0,    0,    0,    0,    0,    0,    0,    0,    0,    0,    0,    0,    0,    0,    0,    0,    0,    0,    0,    0,    0,    0,    0,    0,    0,    0,    0,    0,    0,    0,    0,    0,    0,    0,    0,    0,    0,    0,    0,    0,    0,    0,    0,    0,    0,    0,    0,    0,    0,    0,    0,    0,    0,    0,    0,    0,    0,    0,    0,    0,    0,    0,    0,    0,    0,    0,    0,    0,    0,    0,    0,    0,    0,    0,    0,    0,    0,    0,    0,    0,   -2,    0,  -12,    0,   -2,    0,    0,    0,   -2,    0,   -8,   -3,    0,    0,   -6,    0,    0,    0,    0,    0,    0,    0,    0,    0,
       0,    0,    0,    0,    0,    0,    0,    0,    0,    0,    0,    0,    0,    0,    0,    0,    0,    0,    0,    0,    0,    0,    0,    0,    0,    0,    0,    0,    0,    0,    0,    0,    0,    0,    0,    0,    0,    0,    0,    0,    0,    0,    0,    0,    0,    0,    0,    0,    0,    0,    0,    0,    0,    0,    0,    0,    0,    0,    0,    0,    0,    0,    0,    0,    0,    0,    0,    0,    0,    0,    0,    0,    0,    0,    0,    0,    0,    0,    0,    0,    0,    0,    0,    0,    0,    0,    0,    0,    0,    0,    0,    0,    0,    0,    0,    0,    0,    0,    0,    0,    0,    0,    0,    0,    0,    0,    0,    0,    0,    0,    0,    0,    0,    0,    0,    0,    0,    0,    0,    0,    0,    0,    0,    0,    0,    0,    0,    0,    0,    0,    0,    0,    0,    0,    0,    0,    0,    0,    0,    0,    0,   -4,    0,    0,    0,    0,    0,    0,    0,   -6,    0,    0,    0,    0,    0,    0,    0,    0,    0,    0,    0,    0,    0,    0,    0,
       0,    0,    0,    0,    0,    0,    0,    0,    0,    0,    0,    0,    0,    0,    0,    0,    0,    0,    0,    0,    0,    0,    0,    0,    0,    0,    0,    0,    0,    0,    0,    0,    0,    0,    0,    0,    0,    0,    0,    0,    0,    0,    0,    0,    0,    0,    0,    0,    0,    0,    0,    0,    0,    0,    0,    0,    0,    0,    0,    0,    0,    0,    0,    0,    0,    0,    0,    0,    0,    0,    0,    0,    0,    0,    0,    0,    0,    0,    0,    0,    0,    0,    0,    0,    0,    0,    0,    0,    0,    0,    0,    0,    0,    0,    0,    0,    0,    0,    0,    0,    0,    0,    0,    0,    0,    0,    0,    0,    0,    0,    0,    0,    0,    0,    0,    0,    0,    0,    0,    0,    0,    0,    0,    0,    0,    0,    0,    0,    0,    0,    0,    0,    0,    0,    0,    0,    0,    0,    0,    0,    0,    0,    0,   -5,   -8,   -4,    0,    0,   -1,   -4,    0,  -11,   -2,    0,    0,    0,   -4,    0,    0,    0,    0,    0,    0,    0,    0,
       0,    0,    0,    0,    0,    0,    0,    0,    0,    0,    0,    0,    0,    0,    0,    0,    0,    0,    0,    0,    0,    0,    0,    0,    0,    0,    0,    0,    0,    0,    0,    0,    0,    0,    0,    0,    0,    0,    0,    0,    0,    0,    0,    0,    0,    0,    0,    0,    0,    0,    0,    0,    0,    0,    0,    0,    0,    0,    0,    0,    0,    0,    0,    0,    0,    0,    0,    0,    0,    0,    0,    0,    0,    0,    0,    0,    0,    0,    0,    0,    0,    0,    0,    0,    0,    0,    0,    0,    0,    0,    0,    0,    0,    0,    0,    0,    0,    0,    0,    0,    0,    0,    0,    0,    0,    0,    0,    0,    0,    0,    0,    0,    0,    0,    0,    0,    0,    0,    0,    0,    0,    0,    0,    0,    0,    0,    0,    0,    0,    0,    0,    0,    0,    0,   -3,   -6,    0,   -4,   -1,    0,    0,   -1,   -8,    0,    0,    0,   -6,   -1,    0,  -10,    0,   -1,   -9,    0,    0,    0,    0,    0,    0,    0,    0,    0,    0,    0,    0,
       0,    0,    0,    0,    0,    0,    0,    0,    0,    0,    0,    0,    0,    0,    0,    0,    0,    0,    0,    0,    0,    0,    0,    0,    0,    0,    0,    0,    0,    0,    0,    0,    0,    0,    0,    0,    0,    0,    0,    0,    0,    0,    0,    0,    0,    0,    0,    0,    0,    0,    0,    0,    0,    0,    0,    0,    0,    0,    0,    0,    0,    0,    0,    0,    0,    0,    0,    0,    0,    0,    0,    0,    0,    0,    0,    0,    0,    0,    0,    0,    0,    0,    0,    0,    0,    0,    0,    0,    0,    0,    0,    0,    0,    0,    0,    0,    0,    0,    0,    0,    0,    0,    0,    0,    0,    0,    0,    0,    0,    0,    0,    0,    0,    0,    0,    0,    0,    0,    0,    0,    0,    0,    0,    0,    0,    0,    0,    0,    0,    0,    0,    0,    0,    0,    0,  -16,    0,    0,    0,    0,    0,   -8,    0,   -8,   -5,    0,    0,   -4,    0,   -7,    0,  -11,   -7,    0,    0,   -8,    0,   -8,    0,    0,    0,    0,    0,    0,    0,
       0,    0,    0,    0,    0,    0,    0,    0,    0,    0,    0,    0,    0,    0,    0,    0,    0,    0,    0,    0,    0,    0,    0,    0,    0,    0,    0,    0,    0,    0,    0,    0,    0,    0,    0,    0,    0,    0,    0,    0,    0,    0,    0,    0,    0,    0,    0,    0,    0,    0,    0,    0,    0,    0,    0,    0,    0,    0,    0,    0,    0,    0,    0,    0,    0,    0,    0,    0,    0,    0,    0,    0,    0,    0,    0,    0,    0,    0,    0,    0,    0,    0,    0,    0,    0,    0,    0,    0,    0,    0,    0,    0,    0,    0,    0,    0,    0,    0,    0,    0,    0,    0,    0,    0,    0,    0,    0,    0,    0,    0,    0,    0,    0,    0,    0,    0,    0,    0,    0,    0,    0,    0,    0,    0,    0,    0,    0,    0,    0,    0,    0,    0,    0,    0,    0,  -10,    0,    0,    0,    0,    0,   -2,    0,    0,  -10,    0,   -4,    0,    0,   -6,    0,   -1,   -5,    0,    0,   -4,    0,    0,    0,    0,    0,    0,    0,    0,    0,
       0,    0,    0,    0,    0,    0,    0,    0,    0,    0,    0,    0,    0,    0,    0,    0,    0,    0,    0,    0,    0,    0,    0,    0,    0,    0,    0,    0,    0,    0,    0,    0,    0,    0,    0,    0,    0,    0,    0,    0,    0,    0,    0,    0,    0,    0,    0,    0,    0,    0,    0,    0,    0,    0,    0,    0,    0,    0,    0,    0,    0,    0,    0,    0,    0,    0,    0,    0,    0,    0,    0,    0,    0,    0,    0,    0,    0,    0,    0,    0,    0,    0,    0,    0,    0,    0,    0,    0,    0,    0,    0,    0,    0,    0,    0,    0,    0,    0,    0,    0,    0,    0,    0,    0,    0,    0,    0,    0,    0,    0,    0,    0,    0,    0,    0,    0,    0,    0,    0,    0,    0,    0,    0,    0,    0,    0,    0,    0,    0,    0,    0,    0,    0,    0,    0,    0,    0,  -15,    0,  -17,    0,    0,   -6,    0,   -4,   -2,    0,  -13,    0,  -14,  -14,    0,   -6,    0,    0,    0,   -7,    0,    0,    0,    0,    0,    0,    0,    0,
       0,    0,    0,    0,    0,    0,    0,    0,    0,    0,    0,    0,  -27,   -7,   -7,  -41,    0,   -7,   -7,    0,    0,    0,    7,    6,    0,    4,    0,    0,    0,    0,    0,   -6,    0,    0,    0,   -3,    0,    0,    0,    0,    0,    0,    0,    0,    0,    0,    0,    0,    0,    0,    0,    0,    0,    0,  -47,    0,    0,    0,    0,    0,    0,    0,    0,    0,    0,    0,    0,    0,    0,    0,    0,   -7,    0,    0,    0,    0,  -27,    0,    0,    0,    0,   -7,   -7,    0,    0,    0,    0,    0,    0,    0,    0,    0,    0,    0,    0,    0,    0,    0,    0,   -6,    0,    0,    0,    0,    0,    0,    0,    0,    0,    0,    0,    0,    0,    0,    0,    0,    0,    0,    0,    0,    0,    4,    0,    0,    0,    0,    0,    0,    0,    0,    0,    0,    0,    0,    0,    0,    0,    0,    0,    0,    0,    0,    0,    0,    0,    0,    0,    0,    0,    0,    0,    0,    0,    0,    0,    0,    0,    0,    0,    0,    0,    0,    0,    0,    0,
       0,    0,    0,    0,    0,    0,    0,    0,    0,    0,    0,    0,    9,   -9,   -9,   10,    0,  -10,  -11,    6,  -24,   -7,  -26,  -12,    4,  -28,    7,    0,    0,    0,    0,    0,    0,    0,    0,    0,    0,    0,    0,    0,    0,    0,    0,    0,    0,    0,    0,    0,    0,    0,    0,    0,    0,    0,    7,    0,    0,    0,    0,    0,    0,    0,    0,    0,    0,    0,    0,    0,    0,    0,  -24,   -9,    0,    0,    0,    0,    9,    0,    0,    0,    0,  -10,  -10,    4,    0,    0,    0,    0,    0,    0,    0,    0,    0,    0,    0,    0,    0,    0,    0,    0,    0,    0,    0,    0,    0,    0,    0,    0,    0,    0,    0,    0,    0,    0,    0,    0,    0,    0,    0,    0,    0,  -28,    0,    0,    0,    0,    0,    0,    0,    0,    0,    0,    0,    0,    0,    0,    0,    0,    0,    0,    0,    0,    0,    0,    0,    0,    0,    0,    0,    0,    0,    0,    0,    0,    0,    0,    0,    0,    0,    0,    0,    0,    0,    0,    0,
       0,    0,    0,    0,    0,    0,    0,    0,    0,    0,    0,    0,    0,    0,    0,    0,    0,    0,    0,    0,    0,    0,    0,    0,    0,    0,    0,    0,    0,    0,    0,    0,    0,    0,    0,    0,    0,    0,    0,    0,    0,    0,    0,    0,    0,    0,    0,    0,    0,    0,    0,    0,    0,    0,    0,    0,    0,    0,    0,    0,    0,    0,    0,    0,    0,    0,    0,    0,    0,    0,    0,    0,    0,    0,    0,    0,    0,    0,    0,    0,    0,    0,    0,    0,    0,    0,    0,    0,    0,    0,    0,    0,    0,    0,    0,    0,    0,    0,    0,    0,    0,    0,    0,    0,    0,    0,    0,    0,    0,    0,    0,    0,    0,    0,    0,    0,    0,    0,    0,    0,    0,    0,    0,    0,    0,    0,    0,    0,    0,    0,    0,    0,    0,    0,    0,    0,    0,    0,    0,    0,    0,    0,    0,    0,    0,    0,    0,    0,    0,    0,    0,    0,    0,    0,    0,    0,    0,    0,    0,    0,    0,  -16,  -10,  -12,   11,
};

static const EpdLigaturePair ubuntu_12_mediumLigaturePairs[] = {
    { 0x00660066, 0xFB00 }, // f f -> U+FB00
    { 0x00660069, 0xFB01 }, // f i -> U+FB01
    { 0x0066006C, 0xFB02 }, // f l -> U+FB02
    { 0xFB000069, 0xFB03 }, // U+FB00 i -> U+FB03
    { 0xFB00006C, 0xFB04 }, // U+FB00 l -> U+FB04
};

static const EpdFontData ubuntu_12_medium = {
    ubuntu_12_mediumBitmaps,
    ubuntu_12_mediumGlyphs,
    ubuntu_12_mediumIntervals,
    69,
    29,
    24,
    -5,
    false,
    nullptr,
    0,
    nullptr,
    ubuntu_12_mediumKernLeftClasses,
    ubuntu_12_mediumKernRightClasses,
    ubuntu_12_mediumKernMatrix,
    445,
    514,
    153,
    165,
    ubuntu_12_mediumLigaturePairs,
    5,
};
